sourceSheet,sourceRow,sourceCode,proposedSku,sourceModel,sourceDescription,productKind,sourceColor,canonicalColor,sourceSize,canonicalSize,sizeMappingConfidence,season,year,isCampionatura,location,stockQuantity,sourceQtyStock,sourceQtyDoha,sourceQtyReturned,unitCostSartoria,unitCostTessuto,unitCostFodera,unitCostAccessori,unitCostEtichettaLogo,matchStatus,action,wooProductId,wooVariationId,wooSku,wooProductName,candidateCount,candidateRefs,excludedReason,notes
MAGAZZINO - VESTITI NATALE AI22,3,ABNTRO02YA22,ABNTRO02YA22,Natalizio,,abito,RED TANGO,Rosso e ciliegia,2y,2 anni,approved_legend,AI,2022,false,Milano,0,0,0,0,16.5,11.2,,0,1.16,review_multiple_candidates,review_required,,,,,15,4529:4549:Abito in velluto manica lunga | 4503:4517:Abito Anjeliy Smanicato in velluto | 4406:Scrunchies in cotone - Rosso e ciliegia | 4382:Scrunchies in velluto - Rosso e ciliegia | 2038:2047:Top double-face fantasia marina | 2018:2034:Abito da cerimonia | 2017:2028:Top double-face fantasia aquiloni | 1973:2001:Abito Fantasia Ciliegine,,
MAGAZZINO - VESTITI NATALE AI22,4,ABNTRO03YA22,ABNTRO03YA22,Natalizio,,abito,RED TANGO,Rosso e ciliegia,3y,3-4 anni,approved_legend,AI,2022,false,Milano,0,0,0,0,16.5,11.2,,0,1.16,review_multiple_candidates,review_required,,,,,19,4529:4550:Abito in velluto manica lunga | 4503:4518:Abito Anjeliy Smanicato in velluto | 4406:Scrunchies in cotone - Rosso e ciliegia | 4382:Scrunchies in velluto - Rosso e ciliegia | 2038:2049:Top double-face fantasia marina | 2038:2048:Top double-face fantasia marina | 2018:2036:Abito da cerimonia | 2018:2035:Abito da cerimonia,,
MAGAZZINO - VESTITI NATALE AI22,5,ABNTRO04YA22,ABNTRO04YA22,Natalizio,,abito,RED TANGO,Rosso e ciliegia,4y,3-4 anni,approved_legend,AI,2022,false,Milano,0,0,0,0,16.5,11.2,,0,1.16,review_multiple_candidates,review_required,,,,,19,4529:4550:Abito in velluto manica lunga | 4503:4518:Abito Anjeliy Smanicato in velluto | 4406:Scrunchies in cotone - Rosso e ciliegia | 4382:Scrunchies in velluto - Rosso e ciliegia | 2038:2049:Top double-face fantasia marina | 2038:2048:Top double-face fantasia marina | 2018:2036:Abito da cerimonia | 2018:2035:Abito da cerimonia,,
MAGAZZINO - VESTITI NATALE AI22,6,ABNTRO06YA22,ABNTRO06YA22,Natalizio,,abito,RED TANGO,Rosso e ciliegia,6y,5-6 anni,approved_legend,AI,2022,false,Milano,2,2,0,0,16.5,11.2,,0,1.16,review_multiple_candidates,review_required,,,,,10,4529:4551:Abito in velluto manica lunga | 4503:4519:Abito Anjeliy Smanicato in velluto | 4406:Scrunchies in cotone - Rosso e ciliegia | 4382:Scrunchies in velluto - Rosso e ciliegia | 1506:1566:Abito Charlotte smanicato in mussola | 1303:Giacca in Denim | 780:Fermaglio Flower | 775:Fermaglio Écru,,
MAGAZZINO - VESTITI NATALE AI22,7,ABNTRO08YA22,ABNTRO08YA22,Natalizio,,abito,RED TANGO,Rosso e ciliegia,8y,7-8 anni,approved_legend,AI,2022,false,Milano,1,1,0,0,16.5,11.2,,0,1.16,review_multiple_candidates,review_required,,,,,10,4529:4552:Abito in velluto manica lunga | 4503:4520:Abito Anjeliy Smanicato in velluto | 4406:Scrunchies in cotone - Rosso e ciliegia | 4382:Scrunchies in velluto - Rosso e ciliegia | 1506:1567:Abito Charlotte smanicato in mussola | 1303:Giacca in Denim | 780:Fermaglio Flower | 775:Fermaglio Écru,,
MAGAZZINO - VESTITI NATALE AI22,8,ABNTCG03YA22,ABNTCG03YA22,Natalizio,,abito,CEDAR GREEN,Verde bosco e scuri,3,3-4 anni,approved_legend,AI,2022,false,Milano,1,1,0,0,16.5,9.7,,0,1.16,review_multiple_candidates,review_required,,,,,14,4563:4581:Sopravveste in velluto | 4529:4558:Abito in velluto manica lunga | 4381:Scrunchies in velluto - Verde bosco e scuri | 2038:2049:Top double-face fantasia marina | 2038:2048:Top double-face fantasia marina | 2018:2036:Abito da cerimonia | 2018:2035:Abito da cerimonia | 2017:2030:Top double-face fantasia aquiloni,,
MAGAZZINO - VESTITI NATALE AI22,9,ABNTCG04YA22,ABNTCG04YA22,Natalizio,,abito,CEDAR GREEN,Verde bosco e scuri,4,3-4 anni,approved_legend,AI,2022,false,Milano,1,1,0,0,16.5,9.7,,0,1.16,review_multiple_candidates,review_required,,,,,14,4563:4581:Sopravveste in velluto | 4529:4558:Abito in velluto manica lunga | 4381:Scrunchies in velluto - Verde bosco e scuri | 2038:2049:Top double-face fantasia marina | 2038:2048:Top double-face fantasia marina | 2018:2036:Abito da cerimonia | 2018:2035:Abito da cerimonia | 2017:2030:Top double-face fantasia aquiloni,,
MAGAZZINO - VESTITI NATALE AI22,10,ABNTCG06YA22,ABNTCG06YA22,Natalizio,,abito,CEDAR GREEN,Verde bosco e scuri,6,5-6 anni,approved_legend,AI,2022,false,Milano,0,0,0,0,16.5,9.7,,0,1.16,review_multiple_candidates,review_required,,,,,6,4563:4583:Sopravveste in velluto | 4529:4559:Abito in velluto manica lunga | 4381:Scrunchies in velluto - Verde bosco e scuri | 1303:Giacca in Denim | 780:Fermaglio Flower | 775:Fermaglio Écru,,
MAGAZZINO - VESTITI NATALE AI22,11,ABNTCG08YA22,ABNTCG08YA22,Natalizio,,abito,CEDAR GREEN,Verde bosco e scuri,8,7-8 anni,approved_legend,AI,2022,false,Milano,1,1,0,0,16.5,9.7,,0,1.16,review_multiple_candidates,review_required,,,,,6,4563:4585:Sopravveste in velluto | 4529:4560:Abito in velluto manica lunga | 4381:Scrunchies in velluto - Verde bosco e scuri | 1303:Giacca in Denim | 780:Fermaglio Flower | 775:Fermaglio Écru,,
MAGAZZINO - CAMPIONATURA ALEF,3,,FW-ERP-NA-PRODOTTO-4ANNI-3-4-ANNI-3,T-shirt maha,,,4ANNI,4ANNI,4ANNI,3-4 anni,approved_legend,,,true,Milano,1,1,0,0,32.4,6,,,1.16,review_multiple_candidates,review_required,,,,,28,4466:Fiocco Personaggi | 4449:Fiocco Fucsia | 4442:Fiocco Fantasia fiori | 4434:Fiocco elefantini | 4430:Fiocco Rapunzel | 4349:Cerchietto fantasia gatti | 2038:2049:Top double-face fantasia marina | 2038:2048:Top double-face fantasia marina,,color_mapping_requires_review|missing_or_nonseasonal_season|missing_year
MAGAZZINO - CAMPIONATURA ALEF,4,,FW-ERP-NA-PRODOTTO-X-4,Supplemento prototipo,,,,,,,missing,,,true,Milano,0,0,0,0,27,,,,,new_hidden_draft_candidate,create_hidden_draft_candidate,,,,,0,,,missing_size|missing_color|missing_or_nonseasonal_season|missing_year
MAGAZZINO - CAMPIONATURA ALEF,5,,FW-ERP-NA-CAMICIA-4ANNI-3-4-ANNI-5,Camicia maha,,camicia,4ANNI,4ANNI,4ANNI,3-4 anni,approved_legend,,,true,Milano,2,2,0,0,57.6,6,,0.3,1.16,review_multiple_candidates,review_required,,,,,11,2038:2049:Top double-face fantasia marina | 2038:2048:Top double-face fantasia marina | 2017:2030:Top double-face fantasia aquiloni | 2017:2029:Top double-face fantasia aquiloni | 1974:2010:Camicia Fantasia del Bosco | 1974:2009:Camicia Fantasia del Bosco | 1910:1921:Camicia Smanicata fantasia Zebra | 1910:1920:Camicia Smanicata fantasia Zebra,,color_mapping_requires_review|missing_or_nonseasonal_season|missing_year
MAGAZZINO - CAMPIONATURA ALEF,6,,FW-ERP-NA-PRODOTTO-X-6,Supplemento prototipo,,,,,,,missing,,,true,Milano,0,0,0,0,48,,,,,new_hidden_draft_candidate,create_hidden_draft_candidate,,,,,0,,,missing_size|missing_color|missing_or_nonseasonal_season|missing_year
MAGAZZINO - CAMPIONATURA ALEF,7,,FW-ERP-NA-PANTALONE-4ANNI-3-4-ANNI-7,Pantalone Maha,,pantalone,4ANNI,4ANNI,4ANNI,3-4 anni,approved_legend,,,true,Milano,1,1,0,0,39.6,7,,0.5,1.16,review_multiple_candidates,review_required,,,,,9,2038:2049:Top double-face fantasia marina | 2038:2048:Top double-face fantasia marina | 2017:2030:Top double-face fantasia aquiloni | 2017:2029:Top double-face fantasia aquiloni | 1972:1995:Pantalone Cropped in Gabardina | 1972:1994:Pantalone Cropped in Gabardina | 1303:Giacca in Denim | 780:Fermaglio Flower,,color_mapping_requires_review|missing_or_nonseasonal_season|missing_year
MAGAZZINO - CAMPIONATURA ALEF,8,,FW-ERP-NA-PRODOTTO-X-8,Supplemento prototipo,,,,,,,missing,,,true,Milano,0,0,0,0,33,,,,,new_hidden_draft_candidate,create_hidden_draft_candidate,,,,,0,,,missing_size|missing_color|missing_or_nonseasonal_season|missing_year
MAGAZZINO - CAMPIONATURA ALEF,9,,FW-ERP-NA-PRODOTTO-4ANNI-3-4-ANNI-9,Pan03,,,4ANNI,4ANNI,4ANNI,3-4 anni,approved_legend,,,true,Milano,2,2,0,0,68.4,4,,0.5,1.16,review_multiple_candidates,review_required,,,,,28,4466:Fiocco Personaggi | 4449:Fiocco Fucsia | 4442:Fiocco Fantasia fiori | 4434:Fiocco elefantini | 4430:Fiocco Rapunzel | 4349:Cerchietto fantasia gatti | 2038:2049:Top double-face fantasia marina | 2038:2048:Top double-face fantasia marina,,color_mapping_requires_review|missing_or_nonseasonal_season|missing_year
MAGAZZINO - CAMPIONATURA ALEF,10,,FW-ERP-NA-CAMICIA-3-4-ANNI-10,Camicia Alla Coreana FW-CAM-05,,camicia,,,4ANNI,3-4 anni,approved_legend,,,true,Milano,1,1,0,0,50.4,6,,0.3,1.16,review_multiple_candidates,review_required,,,,,120,4659:4667:Cardigan fatto a mano | 4615:4618:Camicia a scacchi | 4604:4607:Camicia fantasia animali | 4563:4581:Sopravveste in velluto | 4563:4580:Sopravveste in velluto | 4415:Scrunchies sfilacciati - Azzurro polvere e denim | 4414:Scrunchies sfilacciati - Giallo e ocra | 4413:Scrunchies sfilacciati - Lilla e lavanda,,missing_color|missing_or_nonseasonal_season|missing_year
MAGAZZINO - CAMPIONATURA ALEF,11,,FW-ERP-NA-PRODOTTO-4ANNI-3-4-ANNI-11,CAM03 Scamiciata,,,4ANNI,4ANNI,4ANNI,3-4 anni,approved_legend,,,true,Milano,3,3,0,0,54,6,,0.2,1.16,review_multiple_candidates,review_required,,,,,28,4466:Fiocco Personaggi | 4449:Fiocco Fucsia | 4442:Fiocco Fantasia fiori | 4434:Fiocco elefantini | 4430:Fiocco Rapunzel | 4349:Cerchietto fantasia gatti | 2038:2049:Top double-face fantasia marina | 2038:2048:Top double-face fantasia marina,,color_mapping_requires_review|missing_or_nonseasonal_season|missing_year
MAGAZZINO - CAMPIONATURA ALEF,12,,FW-ERP-NA-PRODOTTO-4ANNI-3-4-ANNI-12,AB03,,,4ANNI,4ANNI,4ANNI,3-4 anni,approved_legend,,,true,Milano,1,1,0,0,104,9,,0.3,1.16,review_multiple_candidates,review_required,,,,,28,4466:Fiocco Personaggi | 4449:Fiocco Fucsia | 4442:Fiocco Fantasia fiori | 4434:Fiocco elefantini | 4430:Fiocco Rapunzel | 4349:Cerchietto fantasia gatti | 2038:2049:Top double-face fantasia marina | 2038:2048:Top double-face fantasia marina,,color_mapping_requires_review|missing_or_nonseasonal_season|missing_year
MAGAZZINO - CAMPIONATURA ALEF,13,,FW-ERP-NA-PRODOTTO-4ANNI-3-4-ANNI-13,CAM04,,,4ANNI,4ANNI,4ANNI,3-4 anni,approved_legend,,,true,Milano,1,1,0,0,61.2,6,,0.1,1.16,review_multiple_candidates,review_required,,,,,28,4466:Fiocco Personaggi | 4449:Fiocco Fucsia | 4442:Fiocco Fantasia fiori | 4434:Fiocco elefantini | 4430:Fiocco Rapunzel | 4349:Cerchietto fantasia gatti | 2038:2049:Top double-face fantasia marina | 2038:2048:Top double-face fantasia marina,,color_mapping_requires_review|missing_or_nonseasonal_season|missing_year
MAGAZZINO - CAMPIONATURA ALEF,14,,FW-ERP-NA-PANTALONE-4ANNI-3-4-ANNI-14,PAN 05 (ELASTICO),,pantalone,4ANNI,4ANNI,4ANNI,3-4 anni,approved_legend,,,true,Milano,1,1,0,0,28.8,4,,0.2,1.16,review_multiple_candidates,review_required,,,,,9,2038:2049:Top double-face fantasia marina | 2038:2048:Top double-face fantasia marina | 2017:2030:Top double-face fantasia aquiloni | 2017:2029:Top double-face fantasia aquiloni | 1972:1995:Pantalone Cropped in Gabardina | 1972:1994:Pantalone Cropped in Gabardina | 1303:Giacca in Denim | 780:Fermaglio Flower,,color_mapping_requires_review|missing_or_nonseasonal_season|missing_year
MAGAZZINO - CAMPIONATURA ALEF,15,,FW-ERP-NA-PRODOTTO-4ANNI-3-4-ANNI-15,Top Double face,,,4ANNI,4ANNI,4ANNI,3-4 anni,approved_legend,,,true,Milano,1,1,0,0,57.6,4,,0,1.16,review_multiple_candidates,review_required,,,,,28,4466:Fiocco Personaggi | 4449:Fiocco Fucsia | 4442:Fiocco Fantasia fiori | 4434:Fiocco elefantini | 4430:Fiocco Rapunzel | 4349:Cerchietto fantasia gatti | 2038:2049:Top double-face fantasia marina | 2038:2048:Top double-face fantasia marina,,color_mapping_requires_review|missing_or_nonseasonal_season|missing_year
MAGAZZINO - CAMPIONATURA ALEF,16,,FW-ERP-NA-PRODOTTO-4ANNI-3-4-ANNI-16,AB04,,,4ANNI,4ANNI,4ANNI,3-4 anni,approved_legend,,,true,Milano,3,3,0,0,86.4,4,,0,1.16,review_multiple_candidates,review_required,,,,,28,4466:Fiocco Personaggi | 4449:Fiocco Fucsia | 4442:Fiocco Fantasia fiori | 4434:Fiocco elefantini | 4430:Fiocco Rapunzel | 4349:Cerchietto fantasia gatti | 2038:2049:Top double-face fantasia marina | 2038:2048:Top double-face fantasia marina,,color_mapping_requires_review|missing_or_nonseasonal_season|missing_year
MAGAZZINO - PF Accessori 2024,3,BAG01,BAG01,MINI YES,Borsettina Bimba,borsa,Glicine,Lilla e lavanda,OS,OS,approved_legend,,2024,false,Milano,6,6,0,0,17.5,,,,,review_multiple_candidates,review_required,,,,,4,4413:Scrunchies sfilacciati - Lilla e lavanda | 1303:Giacca in Denim | 780:Fermaglio Flower | 775:Fermaglio Écru,,missing_or_nonseasonal_season
MAGAZZINO - PF Accessori 2024,4,BAG02,BAG02,YES,Borsettina Mamma,borsa,Glicine,Lilla e lavanda,OS,OS,approved_legend,,2024,false,Milano,8,8,0,0,22.5,,,,,review_multiple_candidates,review_required,,,,,4,4413:Scrunchies sfilacciati - Lilla e lavanda | 1303:Giacca in Denim | 780:Fermaglio Flower | 775:Fermaglio Écru,,missing_or_nonseasonal_season
MAGAZZINO - PF Accessori 2024,5,BAG01,BAG01-2,MINI YES,Borsettina Bimba,borsa,Sogno (Rosa),Rosa cipria e nude,OS,OS,approved_legend,,2024,false,Milano,9,9,0,0,17.5,,,,,review_multiple_candidates,review_required,,,,,4,4383:Scrunchies in velluto - Rosa cipria e nude | 1303:Giacca in Denim | 780:Fermaglio Flower | 775:Fermaglio Écru,,missing_or_nonseasonal_season
MAGAZZINO - PF Accessori 2024,6,BAG02,BAG02-2,YES,Borsettina Mamma,borsa,Sogno (Rosa),Rosa cipria e nude,OS,OS,approved_legend,,2024,false,Milano,9,9,0,0,22.5,,,,,review_multiple_candidates,review_required,,,,,4,4383:Scrunchies in velluto - Rosa cipria e nude | 1303:Giacca in Denim | 780:Fermaglio Flower | 775:Fermaglio Écru,,missing_or_nonseasonal_season
MAGAZZINO - PF Accessori 2024,7,BAG01,BAG01-3,MINI YES,Borsettina Bimba,borsa,Acqua,Celeste lino e polvere,OS,OS,approved_legend,,2024,false,Milano,8,8,0,0,17.5,,,,,review_multiple_candidates,review_required,,,,,3,1303:Giacca in Denim | 780:Fermaglio Flower | 775:Fermaglio Écru,,missing_or_nonseasonal_season
MAGAZZINO - PF Accessori 2024,8,BAG02,BAG02-3,YES,Borsettina Mamma,borsa,Acqua,Celeste lino e polvere,OS,OS,approved_legend,,2024,false,Milano,7,7,0,0,22.5,,,,,review_multiple_candidates,review_required,,,,,3,1303:Giacca in Denim | 780:Fermaglio Flower | 775:Fermaglio Écru,,missing_or_nonseasonal_season
MAGAZZINO - PF Accessori 2024,9,BAG01,BAG01-4,MINI YES,Borsettina Bimba,borsa,Petunia (geranio),Rosa cipria e nude,OS,OS,approved_legend,,2024,false,Milano,10,10,0,0,17.5,,,,,review_multiple_candidates,review_required,,,,,4,4383:Scrunchies in velluto - Rosa cipria e nude | 1303:Giacca in Denim | 780:Fermaglio Flower | 775:Fermaglio Écru,,missing_or_nonseasonal_season
MAGAZZINO - PF Accessori 2024,10,BAG02,BAG02-4,YES,Borsettina Mamma,borsa,Petunia (geranio),Rosa cipria e nude,OS,OS,approved_legend,,2024,false,Milano,7,7,0,0,22.5,,,,,review_multiple_candidates,review_required,,,,,4,4383:Scrunchies in velluto - Rosa cipria e nude | 1303:Giacca in Denim | 780:Fermaglio Flower | 775:Fermaglio Écru,,missing_or_nonseasonal_season
MAGAZZINO - PF Accessori 2024,11,BAG01,BAG01-5,MINI YES,Borsettina Bimba,borsa,CEDRO,Giallo e ocra,OS,OS,approved_legend,,2024,false,Milano,7,7,0,0,17.5,,,,,review_multiple_candidates,review_required,,,,,6,4414:Scrunchies sfilacciati - Giallo e ocra | 4408:Scrunchies in cotone - Giallo e ocra | 4384:Scrunchies in velluto - Giallo e ocra | 1303:Giacca in Denim | 780:Fermaglio Flower | 775:Fermaglio Écru,,missing_or_nonseasonal_season
MAGAZZINO - PF Accessori 2024,12,BAG02,,YES,Borsettina Mamma,borsa,CEDRO,Giallo e ocra,OS,OS,approved_legend,,2024,false,Milano,8,8,0,0,22.5,,,,,excluded_tisha_lost,exclude,,,,,0,,tisha_lost_yellow_yes_bag,missing_or_nonseasonal_season
MAGAZZINO - PF Accessori 2024,13,BAG01,BAG01-6,MINI YES,Borsettina Bimba,borsa,Prugna,Prugna profondo,OS,OS,approved_legend,,2024,false,Milano,10,10,0,0,17.5,,,,,review_multiple_candidates,review_required,,,,,3,1303:Giacca in Denim | 780:Fermaglio Flower | 775:Fermaglio Écru,,missing_or_nonseasonal_season
MAGAZZINO - PF Accessori 2024,14,BAG02,BAG02-5,YES,Borsettina Mamma,borsa,Prugna,Prugna profondo,OS,OS,approved_legend,,2024,false,Milano,9,9,0,0,22.5,,,,,review_multiple_candidates,review_required,,,,,3,1303:Giacca in Denim | 780:Fermaglio Flower | 775:Fermaglio Écru,,missing_or_nonseasonal_season
MAGAZZINO - PF Accessori 2024,16,Borsa cestino,BORSA-CESTINO,,RAFFIA,borsa,Marrone,Marrone e mocha,,OS,missing,,2024,false,Milano,10,10,0,0,25,,,,,review_multiple_candidates,review_required,,,,,3,1303:Giacca in Denim | 780:Fermaglio Flower | 775:Fermaglio Écru,,missing_or_nonseasonal_season
MAGAZZINO - PF Accessori 2024,17,Borsa cestino,BORSA-CESTINO-2,,RAFFIA,borsa,Magenta,Fucsia e rosa vivace,,OS,missing,,2024,false,Milano,10,10,0,0,25,,,,,review_multiple_candidates,review_required,,,,,4,1303:Giacca in Denim | 780:Fermaglio Flower | 775:Fermaglio Écru | 732:815:Borsa Capri Bag,,missing_or_nonseasonal_season
MAGAZZINO - PF Accessori 2024,18,Borsa cestino,,,RAFFIA,borsa,verde,Verde bosco e scuri,,OS,missing,,2024,false,Milano,9,9,0,0,25,,,,,excluded_tisha_lost,exclude,,,,,0,,tisha_lost_capri_green_raffia_bag,missing_or_nonseasonal_season
MAGAZZINO - PF Accessori 2024,19,Borsa cestino,BORSA-CESTINO-3,,RAFFIA,borsa,Jeans,Azzurro polvere e denim,,OS,missing,,2024,false,Milano,10,10,0,0,25,,,,,review_multiple_candidates,review_required,,,,,5,4415:Scrunchies sfilacciati - Azzurro polvere e denim | 1303:Giacca in Denim | 780:Fermaglio Flower | 775:Fermaglio Écru | 709:4342:Cerchietti in velluto,,missing_or_nonseasonal_season
MAGAZZINO - PF Accessori 2024,21,FIOCCO01,,FIOCCHI GRANDE,Fantasia Verde menta,,FSK,Fantasie: personaggi,OS,,approved_legend,,2024,false,Milano,4,4,0,0,3,,,,,excluded_tisha_lost,exclude,,,,,0,,tisha_lost_green_bow_with_clip,missing_size|missing_or_nonseasonal_season
MAGAZZINO - PF Accessori 2024,22,FIOCCO01,FIOCCO01,FIOCCHI GRANDE,Fantasia Rosa,,ACP,Fantasie: personaggi,OS,,approved_legend,,2024,false,Milano,6,6,0,0,3,,,,,review_multiple_candidates,review_required,,,,,116,4466:Fiocco Personaggi | 4449:Fiocco Fucsia | 4442:Fiocco Fantasia fiori | 4434:Fiocco elefantini | 4430:Fiocco Rapunzel | 4404:Scrunchies in cotone - Fantasie: personaggi | 4367:4369:Yes Bag - Fucsia e rosa vivace | 4367:4368:Yes Bag - Fucsia e rosa vivace,,missing_size|missing_or_nonseasonal_season
MAGAZZINO - PF Accessori 2024,23,FIOCCO01,FIOCCO01-2,FIOCCHI GRANDE,Fantasia Rosa giraffe,,GFR,Fantasie: animali,OS,,approved_legend,,2024,false,Milano,9,9,0,0,3,,,,,review_multiple_candidates,review_required,,,,,137,4604:4610:Camicia fantasia animali | 4604:4609:Camicia fantasia animali | 4604:4608:Camicia fantasia animali | 4604:4607:Camicia fantasia animali | 4604:4606:Camicia fantasia animali | 4604:4605:Camicia fantasia animali | 4591:4601:Abito Fantasia animali | 4591:4600:Abito Fantasia animali,,missing_size|missing_or_nonseasonal_season
MAGAZZINO - PF Accessori 2024,25,SCRUNCHIES,SCRUNCHIES,Elastico capelli,Fantasia Verde menta,scrunchies,FSK,Fantasie: personaggi,OS,OS,approved_legend,,2024,false,Milano,10,10,0,0,1,,,,,review_multiple_candidates,review_required,,,,,4,4404:Scrunchies in cotone - Fantasie: personaggi | 1303:Giacca in Denim | 780:Fermaglio Flower | 775:Fermaglio Écru,,missing_or_nonseasonal_season
MAGAZZINO - PF Accessori 2024,26,SCRUNCHIES,SCRUNCHIES-2,Elastico capelli,Fantasia Rosa,scrunchies,ACP,Fantasie: personaggi,OS,OS,approved_legend,,2024,false,Milano,6,6,0,0,1,,,,,review_multiple_candidates,review_required,,,,,4,4404:Scrunchies in cotone - Fantasie: personaggi | 1303:Giacca in Denim | 780:Fermaglio Flower | 775:Fermaglio Écru,,missing_or_nonseasonal_season
MAGAZZINO - PF Accessori 2024,27,SCRUNCHIES,,Elastico capelli,Chardonnay,scrunchies,CHD,Giallo e ocra,OS,OS,approved_legend,,2024,false,Milano,4,4,0,0,1,,,,,excluded_tisha_lost,exclude,,,,,0,,tisha_lost_yellow_scrunchies,missing_or_nonseasonal_season
MAGAZZINO - PF Accessori 2024,28,SCRUNCHIES,SCRUNCHIES-3,Elastico capelli,Rosso,scrunchies,AMB,Rosso e ciliegia,OS,OS,approved_legend,,2024,false,Milano,8,8,0,0,1,,,,,review_multiple_candidates,review_required,,,,,6,4406:Scrunchies in cotone - Rosso e ciliegia | 4382:Scrunchies in velluto - Rosso e ciliegia | 1303:Giacca in Denim | 780:Fermaglio Flower | 775:Fermaglio Écru | 709:4344:Cerchietti in velluto,,missing_or_nonseasonal_season
MAGAZZINO - PF Accessori 2024,29,SCRUNCHIES,SCRUNCHIES-4,Elastico capelli,Rosa,scrunchies,ACP,Fantasie: personaggi,OS,OS,approved_legend,,2024,false,Milano,8,8,0,0,1,,,,,review_multiple_candidates,review_required,,,,,4,4404:Scrunchies in cotone - Fantasie: personaggi | 1303:Giacca in Denim | 780:Fermaglio Flower | 775:Fermaglio Écru,,missing_or_nonseasonal_season
MAGAZZINO - PF PE22,4,PT05CID01PE22,PT05CID01PE22,Pan05,,,CID (B3805-2001),Grigio melange e chiaro,1 Y,1 anno,approved_legend,SS,2022,false,Milano,3,3,0,0,9,3.92,,0.5,1.16,matched_auto_sku,update_existing_meta,1936,3837,PT05CID01PE22,Pantaloncino a palloncino,1,1936:3837:Pantaloncino a palloncino,,
MAGAZZINO - PF PE22,5,PT05CID02PE22,PT05CID02PE22,Pan05,,,CID (B3805-2001),Grigio melange e chiaro,2 Y,2 anni,approved_legend,SS,2022,false,Milano,2,2,0,0,9,3.92,,0.5,1.16,matched_auto_sku,update_existing_meta,1936,3838,PT05CID02PE22,Pantaloncino a palloncino,1,1936:3838:Pantaloncino a palloncino,,
MAGAZZINO - PF PE22,6,PT05CID03PE22,PT05CID03PE22,Pan05,,,CID (B3805-2001),Grigio melange e chiaro,3 Y,3-4 anni,approved_legend,SS,2022,false,Milano,2,2,0,0,9,3.92,,0.5,1.16,review_multiple_candidates,review_required,,,,,37,4466:Fiocco Personaggi | 4449:Fiocco Fucsia | 4442:Fiocco Fantasia fiori | 4434:Fiocco elefantini | 4430:Fiocco Rapunzel | 4349:Cerchietto fantasia gatti | 2039:2063:Gonna Salopette in Popeline | 2039:2062:Gonna Salopette in Popeline,,
MAGAZZINO - PF PE22,7,PT05CID04PE22,PT05CID04PE22,Pan05,,,CID (B3805-2001),Grigio melange e chiaro,4 Y,3-4 anni,approved_legend,SS,2022,false,Milano,3,3,0,0,9,3.92,,0.5,1.16,matched_auto_sku,update_existing_meta,1936,3839,PT05CID04PE22,Pantaloncino a palloncino,1,1936:3839:Pantaloncino a palloncino,,
MAGAZZINO - PF PE22,10,CM03ZEB01YPE22,CM03ZEB01YPE22,CAM03,,,ZEB Popline,Fantasie: animali,1 Y,1 anno,approved_legend,SS,2022,false,Milano,1,1,0,0,12,15.3,,0.3,1.16,matched_auto_sku,update_existing_meta,1910,1918,CM03ZEB01YPE22,Camicia Smanicata fantasia Zebra,1,1910:1918:Camicia Smanicata fantasia Zebra,,
MAGAZZINO - PF PE22,11,CM03ZEB02YPE22,CM03ZEB02YPE22,CAM03,,,ZEB Popline,Fantasie: animali,2 Y,2 anni,approved_legend,SS,2022,false,Milano,0,0,0,0,12,15.3,,0.3,1.16,matched_auto_sku,update_existing_meta,1910,1919,CM03ZEB02YPE22,Camicia Smanicata fantasia Zebra,1,1910:1919:Camicia Smanicata fantasia Zebra,,
MAGAZZINO - PF PE22,12,CM03ZEB03YPE22,CM03ZEB03YPE22,CAM03,,,ZEB Popline,Fantasie: animali,3 Y,3-4 anni,approved_legend,SS,2022,false,Milano,1,1,0,0,12,15.3,,0.3,1.16,matched_auto_sku,update_existing_meta,1910,1920,CM03ZEB03YPE22,Camicia Smanicata fantasia Zebra,1,1910:1920:Camicia Smanicata fantasia Zebra,,
MAGAZZINO - PF PE22,13,CM03ZEB04YPE22,CM03ZEB04YPE22,CAM03,,,ZEB Popline,Fantasie: animali,4 Y,3-4 anni,approved_legend,SS,2022,false,Milano,1,1,0,0,12,15.3,,0.3,1.16,matched_auto_sku,update_existing_meta,1910,1921,CM03ZEB04YPE22,Camicia Smanicata fantasia Zebra,1,1910:1921:Camicia Smanicata fantasia Zebra,,
MAGAZZINO - PF PE22,16,CM03DSF01YPE22,CM03DSF01YPE22,CAM03,,,DSF 0-9999 3060,Rosa pastello e antico,1 Y,1 anno,approved_legend,SS,2022,false,Milano,1,1,0,0,12,6.25,,0.6,1.16,matched_auto_sku,update_existing_meta,2040,2070,CM03DSF01YPE22,Camicia Smanicata,1,2040:2070:Camicia Smanicata,,
MAGAZZINO - PF PE22,17,CM03DSF02YPE22,CM03DSF02YPE22,CAM03,,,DSF 0-9999 3060,Rosa pastello e antico,2 Y,2 anni,approved_legend,SS,2022,false,Milano,0,0,0,0,12,6.25,,0.6,1.16,matched_auto_sku,update_existing_meta,2040,2071,CM03DSF02YPE22,Camicia Smanicata,1,2040:2071:Camicia Smanicata,,
MAGAZZINO - PF PE22,18,CM03DSF03YPE22,CM03DSF03YPE22,CAM03,,,DSF 0-9999 3060,Rosa pastello e antico,3 Y,3-4 anni,approved_legend,SS,2022,false,Milano,0,0,0,0,12,6.25,,0.6,1.16,review_multiple_candidates,review_required,,,,,42,4466:Fiocco Personaggi | 4449:Fiocco Fucsia | 4442:Fiocco Fantasia fiori | 4434:Fiocco elefantini | 4430:Fiocco Rapunzel | 4411:Scrunchies sfilacciati - Rosa pastello e antico | 4407:Scrunchies in cotone - Rosa pastello e antico | 4349:Cerchietto fantasia gatti,,
MAGAZZINO - PF PE22,19,CM03DSF04YPE22,CM03DSF04YPE22,CAM03,,,DSF 0-9999 3060,Rosa pastello e antico,4 Y,3-4 anni,approved_legend,SS,2022,false,Milano,1,1,0,0,12,6.25,,0.6,1.16,matched_auto_sku,update_existing_meta,2040,2073,CM03DSF04YPE22,Camicia Smanicata,1,2040:2073:Camicia Smanicata,,
MAGAZZINO - PF PE22,22,PT03RAB02yPE22,PT03RAB02YPE22,PAN03,,,RAB B3805-1020,Grigio melange e chiaro,2 Y,2 anni,approved_legend,SS,2022,false,Milano,2,2,0,0,9.5,5.5,,0.6,1.16,matched_auto_sku,update_existing_meta,954,980,PT03RAB02YPE22,Pantalone Cropped in Popeline,1,954:980:Pantalone Cropped in Popeline,,
MAGAZZINO - PF PE22,23,PT03RAB03yPE22,PT03RAB03YPE22,PAN03,,,RAB B3805-1020,Grigio melange e chiaro,3 Y,3-4 anni,approved_legend,SS,2022,false,Milano,3,3,0,0,9.5,5.5,,0.6,1.16,matched_auto_sku,update_existing_meta,954,981,PT03RAB03YPE22,Pantalone Cropped in Popeline,1,954:981:Pantalone Cropped in Popeline,,
MAGAZZINO - PF PE22,24,PT03RAB04yPE22,PT03RAB04YPE22,PAN03,,,RAB B3805-1020,Grigio melange e chiaro,4 Y,3-4 anni,approved_legend,SS,2022,false,Milano,2,2,0,0,9.5,5.5,,0.6,1.16,matched_auto_sku,update_existing_meta,954,982,PT03RAB04YPE22,Pantalone Cropped in Popeline,1,954:982:Pantalone Cropped in Popeline,,
MAGAZZINO - PF PE22,25,PT03RAB06YPE22,PT03RAB06YPE22,PAN03,,,RAB B3805-1021,Grigio melange e chiaro,6Y,5-6 anni,approved_legend,SS,2022,false,Milano,1,1,0,0,9.5,5.5,,0.6,1.16,review_multiple_candidates,review_required,,,,,21,4466:Fiocco Personaggi | 4449:Fiocco Fucsia | 4442:Fiocco Fantasia fiori | 4434:Fiocco elefantini | 4430:Fiocco Rapunzel | 4349:Cerchietto fantasia gatti | 2039:2064:Gonna Salopette in Popeline | 2039:2060:Gonna Salopette in Popeline,,
MAGAZZINO - PF PE22,28,PT03CID02yPE22,PT03CID02YPE22,PAN03,,,CIND B3805-2001,Grigio melange e chiaro,2Y,2 anni,approved_legend,SS,2022,false,Milano,3,3,0,0,9.5,3.92,,0.6,1.16,matched_auto_sku,update_existing_meta,954,987,PT03CID02YPE22,Pantalone Cropped in Popeline,1,954:987:Pantalone Cropped in Popeline,,
MAGAZZINO - PF PE22,29,PT03CID0y3PE22,PT03CID0Y3PE22,PAN03,,,CIND B3805-2001,Grigio melange e chiaro,3Y,3-4 anni,approved_legend,SS,2022,false,Milano,2,2,0,0,9.5,3.92,,0.6,1.16,review_multiple_candidates,review_required,,,,,37,4466:Fiocco Personaggi | 4449:Fiocco Fucsia | 4442:Fiocco Fantasia fiori | 4434:Fiocco elefantini | 4430:Fiocco Rapunzel | 4349:Cerchietto fantasia gatti | 2039:2063:Gonna Salopette in Popeline | 2039:2062:Gonna Salopette in Popeline,,
MAGAZZINO - PF PE22,30,PT03CID04YPE22,PT03CID04YPE22,PAN03,,,CIND B3805-2001,Grigio melange e chiaro,4Y,3-4 anni,approved_legend,SS,2022,false,Milano,3,3,0,0,9.5,3.92,,0.6,1.16,matched_auto_sku,update_existing_meta,954,989,PT03CID04YPE22,Pantalone Cropped in Popeline,1,954:989:Pantalone Cropped in Popeline,,
MAGAZZINO - PF PE22,31,PT03CID06YPE22,PT03CID06YPE22,PAN03,,,CIND B3805-2001,Grigio melange e chiaro,6Y,5-6 anni,approved_legend,SS,2022,false,Milano,2,2,0,0,9.5,3.92,,0.6,1.16,matched_auto_sku,update_existing_meta,954,990,PT03CID06YPE22,Pantalone Cropped in Popeline,1,954:990:Pantalone Cropped in Popeline,,
MAGAZZINO - PF PE22,34,PT03IGR02YPE22,PT03IGR02YPE22,PAN03,,,IGR B 3808-4018,Verde bosco e scuri,2Y,2 anni,approved_legend,SS,2022,false,Milano,2,2,0,0,9.5,6,,0.6,1.16,matched_auto_sku,update_existing_meta,1972,1993,PT03IGR02YPE22,Pantalone Cropped in Gabardina,1,1972:1993:Pantalone Cropped in Gabardina,,
MAGAZZINO - PF PE22,35,PT03IGR03YPE22,PT03IGR03YPE22,PAN03,,,IGR B 3808-4018,Verde bosco e scuri,3Y,3-4 anni,approved_legend,SS,2022,false,Milano,1,1,0,0,9.5,6,,0.6,1.16,matched_auto_sku,update_existing_meta,1972,1994,PT03IGR03YPE22,Pantalone Cropped in Gabardina,1,1972:1994:Pantalone Cropped in Gabardina,,
MAGAZZINO - PF PE22,36,PT03IGR04YPE22,PT03IGR04YPE22,PAN03,,,IGR B 3808-4018,Verde bosco e scuri,4Y,3-4 anni,approved_legend,SS,2022,false,Milano,3,3,0,0,9.5,6,,0.6,1.16,matched_auto_sku,update_existing_meta,1972,1995,PT03IGR04YPE22,Pantalone Cropped in Gabardina,1,1972:1995:Pantalone Cropped in Gabardina,,
MAGAZZINO - PF PE22,37,PT03IGR06YPE22,PT03IGR06YPE22,PAN03,,,IGR B 3808-4018,Verde bosco e scuri,6Y,5-6 anni,approved_legend,SS,2022,false,Milano,4,4,0,0,9.5,6,,0.6,1.16,matched_auto_sku,update_existing_meta,1972,1996,PT03IGR06YPE22,Pantalone Cropped in Gabardina,1,1972:1996:Pantalone Cropped in Gabardina,,
MAGAZZINO - PF PE22,40,CAM05DSF2YPE22,CAM05DSF2YPE22,CAM05,,,DSF 0-9999 3060,Rosa pastello e antico,2Y,2 anni,approved_legend,SS,2022,false,Milano,3,3,0,0,12.5,6,,0.3,1.16,matched_auto_sku,update_existing_meta,1911,1938,CAM05DSF2YPE22,Camicia alla Coreana in Mussola,1,1911:1938:Camicia alla Coreana in Mussola,,
MAGAZZINO - PF PE22,41,CAM05DSF3YPE22,CAM05DSF3YPE22,CAM05,,,DSF 0-9999 3060,Rosa pastello e antico,3Y,3-4 anni,approved_legend,SS,2022,false,Milano,2,2,0,0,12.5,6,,0.3,1.16,matched_auto_sku,update_existing_meta,1911,1939,CAM05DSF3YPE22,Camicia alla Coreana in Mussola,1,1911:1939:Camicia alla Coreana in Mussola,,
MAGAZZINO - PF PE22,42,CAM05DSF4YPE22,CAM05DSF4YPE22,CAM05,,,DSF 0-9999 3060,Rosa pastello e antico,4Y,3-4 anni,approved_legend,SS,2022,false,Milano,3,3,0,0,12.5,6,,0.3,1.16,matched_auto_sku,update_existing_meta,1911,1940,CAM05DSF4YPE22,Camicia alla Coreana in Mussola,1,1911:1940:Camicia alla Coreana in Mussola,,
MAGAZZINO - PF PE22,43,CAM05DSF6YPE22,CAM05DSF6YPE22,CAM05,,,DSF 0-9999 3060,Rosa pastello e antico,6Y,5-6 anni,approved_legend,SS,2022,false,Milano,1,1,0,0,12.5,6,,0.3,1.16,matched_auto_sku,update_existing_meta,1911,1941,CAM05DSF6YPE22,Camicia alla Coreana in Mussola,1,1911:1941:Camicia alla Coreana in Mussola,,
MAGAZZINO - PF PE22,46,GON01CID02YPE22,GON01CID02YPE22,Gon-04,,,CIND B3805-2001,Grigio melange e chiaro,2Y,2 anni,approved_legend,SS,2022,false,Milano,1,1,0,0,10.5,3.92,,0.3,1.16,matched_auto_sku,update_existing_meta,2039,2057,GON01CID02YPE22,Gonna Salopette in Popeline,1,2039:2057:Gonna Salopette in Popeline,,
MAGAZZINO - PF PE22,47,GON01CID03YPE22,GON01CID03YPE22,Gon-04,,,CIND B3805-2001,Grigio melange e chiaro,3Y,3-4 anni,approved_legend,SS,2022,false,Milano,1,1,0,0,10.5,3.92,,0.3,1.16,matched_auto_sku,update_existing_meta,2039,2058,GON01CID03YPE22,Gonna Salopette in Popeline,1,2039:2058:Gonna Salopette in Popeline,,
MAGAZZINO - PF PE22,48,GON01CID04YPE22,GON01CID04YPE22,Gon-04,,,CIND B3805-2001,Grigio melange e chiaro,4Y,3-4 anni,approved_legend,SS,2022,false,Milano,2,2,0,0,10.5,3.92,,0.3,1.16,matched_auto_sku,update_existing_meta,2039,2059,GON01CID04YPE22,Gonna Salopette in Popeline,1,2039:2059:Gonna Salopette in Popeline,,
MAGAZZINO - PF PE22,49,GON01CID06YPE22,GON01CID06YPE22,Gon-04,,,CIND B3805-2001,Grigio melange e chiaro,6Y,5-6 anni,approved_legend,SS,2022,false,Milano,2,2,0,0,10.5,3.92,,0.3,1.16,matched_auto_sku,update_existing_meta,2039,2060,GON01CID06YPE22,Gonna Salopette in Popeline,1,2039:2060:Gonna Salopette in Popeline,,
MAGAZZINO - PF PE22,52,GON01RAB02YPE22,GON01RAB02YPE22,Gon-04,,,RAB B3805-1020,Grigio melange e chiaro,2Y,2 anni,approved_legend,SS,2022,false,Milano,1,1,0,0,10.5,7,,0.3,1.16,matched_auto_sku,update_existing_meta,2039,2061,GON01RAB02YPE22,Gonna Salopette in Popeline,1,2039:2061:Gonna Salopette in Popeline,,
MAGAZZINO - PF PE22,53,GON01RAB03YPE22,GON01RAB03YPE22,Gon-04,,,RAB B3805-1021,Grigio melange e chiaro,3Y,3-4 anni,approved_legend,SS,2022,false,Milano,0,0,0,0,10.5,7,,0.3,1.16,matched_auto_sku,update_existing_meta,2039,2062,GON01RAB03YPE22,Gonna Salopette in Popeline,1,2039:2062:Gonna Salopette in Popeline,,
MAGAZZINO - PF PE22,54,GON01RAB04YPE22,GON01RAB04YPE22,Gon-04,,,RAB B3805-1022,Grigio melange e chiaro,4Y,3-4 anni,approved_legend,SS,2022,false,Milano,1,1,0,0,10.5,7,,0.3,1.16,matched_auto_sku,update_existing_meta,2039,2063,GON01RAB04YPE22,Gonna Salopette in Popeline,1,2039:2063:Gonna Salopette in Popeline,,
MAGAZZINO - PF PE22,55,GON01RAB06YPE22,GON01RAB06YPE22,Gon-04,,,RAB B3805-1023,Grigio melange e chiaro,6Y,5-6 anni,approved_legend,SS,2022,false,Milano,0,0,0,0,10.5,7,,0.3,1.16,matched_auto_sku,update_existing_meta,2039,2064,GON01RAB06YPE22,Gonna Salopette in Popeline,1,2039:2064:Gonna Salopette in Popeline,,
MAGAZZINO - PF PE22,58,CAM04FAR02YPE22,CAM04FAR02YPE22,CAM-04,,camicia,FARWAY - COMO,Verde salvia e aloe,2Y,2 anni,approved_legend,SS,2022,false,Milano,2,2,0,0,13.5,16.9,,0.3,1.16,matched_auto_sku,update_existing_meta,1974,2008,CAM04FAR02YPE22,Camicia Fantasia del Bosco,1,1974:2008:Camicia Fantasia del Bosco,,
MAGAZZINO - PF PE22,59,CAM04FAR03YPE22,CAM04FAR03YPE22,CAM-04,,camicia,FARWAY - COMO,Verde salvia e aloe,3Y,3-4 anni,approved_legend,SS,2022,false,Milano,1,1,0,0,13.5,16.9,,0.3,1.16,matched_auto_sku,update_existing_meta,1974,2009,CAM04FAR03YPE22,Camicia Fantasia del Bosco,1,1974:2009:Camicia Fantasia del Bosco,,
MAGAZZINO - PF PE22,60,CAM04FAR04YPE22,CAM04FAR04YPE22,CAM-04,,camicia,FARWAY - COMO,Verde salvia e aloe,4Y,3-4 anni,approved_legend,SS,2022,false,Milano,1,1,0,0,13.5,16.9,,0.3,1.16,matched_auto_sku,update_existing_meta,1974,2010,CAM04FAR04YPE22,Camicia Fantasia del Bosco,1,1974:2010:Camicia Fantasia del Bosco,,
MAGAZZINO - PF PE22,63,TOP01PKT02YPE22,TOP01PKT02YPE22,TOP01,,,STELLA MARINA,Fantasie: natura,2Y,2 anni,approved_legend,SS,2022,false,Milano,3,3,0,0,10,9,,0.1,1.16,matched_auto_sku,update_existing_meta,2038,2047,TOP01PKT02YPE22,Top double-face fantasia marina,1,2038:2047:Top double-face fantasia marina,,
MAGAZZINO - PF PE22,64,TOP01PKT03YPE22,TOP01PKT03YPE22,TOP01,,,STELLA MARINA,Fantasie: natura,3Y,3-4 anni,approved_legend,SS,2022,false,Milano,3,3,0,0,10,9,,0.1,1.16,matched_auto_sku,update_existing_meta,2038,2048,TOP01PKT03YPE22,Top double-face fantasia marina,1,2038:2048:Top double-face fantasia marina,,
MAGAZZINO - PF PE22,65,TOP01PKT04YPE22,TOP01PKT04YPE22,TOP01,,,STELLA MARINA,Fantasie: natura,4Y,3-4 anni,approved_legend,SS,2022,false,Milano,2,2,0,0,10,9,,0.1,1.16,matched_auto_sku,update_existing_meta,2038,2049,TOP01PKT04YPE22,Top double-face fantasia marina,1,2038:2049:Top double-face fantasia marina,,
MAGAZZINO - PF PE22,67,TOP01PDF02YPE22,TOP01PDF02YPE22,TOP01,,,ACQULONI,Fantasie: natura,2Y,2 anni,approved_legend,SS,2022,false,Milano,1,1,0,0,10,9.77,,0.1,1.16,matched_auto_sku,update_existing_meta,2017,2028,TOP01PDF02YPE22,Top double-face fantasia aquiloni,1,2017:2028:Top double-face fantasia aquiloni,,
MAGAZZINO - PF PE22,68,TOP01PDF03YPE22,TOP01PDF03YPE22,TOP01,,,ACQULONI,Fantasie: natura,3Y,3-4 anni,approved_legend,SS,2022,false,Milano,2,2,0,0,10,9.77,,0.1,1.16,matched_auto_sku,update_existing_meta,2017,2029,TOP01PDF03YPE22,Top double-face fantasia aquiloni,1,2017:2029:Top double-face fantasia aquiloni,,
MAGAZZINO - PF PE22,69,TOP01PDF04YPE22,TOP01PDF04YPE22,TOP01,,,ACQULONI,Fantasie: natura,4Y,3-4 anni,approved_legend,SS,2022,false,Milano,1,1,0,0,10,9.77,,0.1,1.16,matched_auto_sku,update_existing_meta,2017,2030,TOP01PDF04YPE22,Top double-face fantasia aquiloni,1,2017:2030:Top double-face fantasia aquiloni,,
MAGAZZINO - PF PE22,72,ABO2PKT02YPE22,ABO2PKT02YPE22,ABD02,,,STELLA MARINA,Fantasie: natura,2Y,2 anni,approved_legend,SS,2022,false,Milano,3,3,0,0,9.5,13.26,,0.1,1.16,matched_auto_sku,update_existing_meta,1975,2021,ABO2PKT02YPE22,Abito double-face,1,1975:2021:Abito double-face,,
MAGAZZINO - PF PE22,73,ABO2PKT03YPE22,ABO2PKT03YPE22,ABD02,,,STELLA MARINA,Fantasie: natura,3Y,3-4 anni,approved_legend,SS,2022,false,Milano,3,3,0,0,9.5,13.26,,0.1,1.16,matched_auto_sku,update_existing_meta,1975,2022,ABO2PKT03YPE22,Abito double-face,1,1975:2022:Abito double-face,,
MAGAZZINO - PF PE22,74,ABO2PKT04YPE22,ABO2PKT04YPE22,ABD02,,,STELLA MARINA,Fantasie: natura,4Y,3-4 anni,approved_legend,SS,2022,false,Milano,0,0,0,0,9.5,13.26,,0.1,1.16,matched_auto_sku,update_existing_meta,1975,2023,ABO2PKT04YPE22,Abito double-face,1,1975:2023:Abito double-face,,
MAGAZZINO - PF PE22,76,AB02PDF02YPE22,AB02PDF02YPE22,ABD02,,,ACQULONI,Fantasie: natura,2Y,2 anni,approved_legend,SS,2022,false,Milano,0,0,0,0,9.5,14.87,,0.1,1.16,matched_auto_sku,update_existing_meta,1975,2016,AB02PDF02YPE22,Abito double-face,1,1975:2016:Abito double-face,,
MAGAZZINO - PF PE22,77,AB02PDF03YPE22,AB02PDF03YPE22,ABD02,,,ACQULONI,Fantasie: natura,3Y,3-4 anni,approved_legend,SS,2022,false,Milano,0,0,0,0,9.5,14.87,,0.1,1.16,matched_auto_sku,update_existing_meta,1975,2019,AB02PDF03YPE22,Abito double-face,1,1975:2019:Abito double-face,,
MAGAZZINO - PF PE22,78,AB02PDF04YPE22,AB02PDF04YPE22,ABD02,,,ACQULONI,Fantasie: natura,4Y,3-4 anni,approved_legend,SS,2022,false,Milano,0,0,0,0,9.5,14.87,,0.1,1.16,matched_auto_sku,update_existing_meta,1975,2020,AB02PDF04YPE22,Abito double-face,1,1975:2020:Abito double-face,,
MAGAZZINO - PF PE22,81,AB03SGR02YPE22,AB03SGR02YPE22,AB03,,,SEA GREEN B3805-4015,Verde bosco e scuri,2Y,2 anni,approved_legend,SS,2022,false,Milano,2,2,0,0,13.5,10,,0.2,1.16,review_multiple_candidates,review_required,,,,,31,4623:4627:Pantalone elegante oversize | 4563:4579:Sopravveste in velluto | 4529:4557:Abito in velluto manica lunga | 4466:Fiocco Personaggi | 4449:Fiocco Fucsia | 4442:Fiocco Fantasia fiori | 4434:Fiocco elefantini | 4430:Fiocco Rapunzel,,
MAGAZZINO - PF PE22,82,AB03SGR03YPE22,AB03SGR03YPE22,AB03,,,SEA GREEN B3805-4015,Verde bosco e scuri,3Y,3-4 anni,approved_legend,SS,2022,false,Milano,2,2,0,0,13.5,10,,0.2,1.16,review_multiple_candidates,review_required,,,,,33,4623:4629:Pantalone elegante oversize | 4563:4581:Sopravveste in velluto | 4529:4558:Abito in velluto manica lunga | 4466:Fiocco Personaggi | 4449:Fiocco Fucsia | 4442:Fiocco Fantasia fiori | 4434:Fiocco elefantini | 4430:Fiocco Rapunzel,,
MAGAZZINO - PF PE22,83,AB03SGR04YPE22,AB03SGR04YPE22,AB03,,,SEA GREEN B3805-4015,Verde bosco e scuri,4Y,3-4 anni,approved_legend,SS,2022,false,Milano,2,2,0,0,13.5,10,,0.2,1.16,review_multiple_candidates,review_required,,,,,33,4623:4629:Pantalone elegante oversize | 4563:4581:Sopravveste in velluto | 4529:4558:Abito in velluto manica lunga | 4466:Fiocco Personaggi | 4449:Fiocco Fucsia | 4442:Fiocco Fantasia fiori | 4434:Fiocco elefantini | 4430:Fiocco Rapunzel,,
MAGAZZINO - PF PE22,85,AB03SPKS02YPE22,AB03SPKS02YPE22,AB03,,,FANTASIA CILIEGIE,Fantasie: natura,2Y,2 anni,approved_legend,SS,2022,false,Milano,0,0,0,0,13.5,10,,0.2,1.16,matched_auto_sku,update_existing_meta,1973,2001,AB03SPKS02YPE22,Abito Fantasia Ciliegine,1,1973:2001:Abito Fantasia Ciliegine,,
MAGAZZINO - PF PE22,86,AB03SPKS03YPE22,AB03SPKS03YPE22,AB03,,,FANTASIA CILIEGIE,Fantasie: natura,3Y,3-4 anni,approved_legend,SS,2022,false,Milano,2,2,0,0,13.5,10,,0.2,1.16,matched_auto_sku,update_existing_meta,1973,2002,AB03SPKS03YPE22,Abito Fantasia Ciliegine,1,1973:2002:Abito Fantasia Ciliegine,,
MAGAZZINO - PF PE22,87,AB03SPKS04YPE22,AB03SPKS04YPE22,AB03,,,FANTASIA CILIEGIE,Fantasie: natura,4Y,3-4 anni,approved_legend,SS,2022,false,Milano,1,1,0,0,13.5,10,,0.2,1.16,matched_auto_sku,update_existing_meta,1973,2003,AB03SPKS04YPE22,Abito Fantasia Ciliegine,1,1973:2003:Abito Fantasia Ciliegine,,
MAGAZZINO - PF PE22,90,ABS04PKT02YPE22,ABS04PKT02YPE22,ABS04,,,STELLA MARINA,Fantasie: natura,2Y,2 anni,approved_legend,SS,2022,false,Milano,1,1,0,0,11,8.65,,,1.16,matched_auto_sku,update_existing_meta,1968,1976,ABS04PKT02YPE22,Abito smanicato Fantasia,1,1968:1976:Abito smanicato Fantasia,,
MAGAZZINO - PF PE22,91,ABS04PKT03YPE22,ABS04PKT03YPE22,ABS04,,,STELLA MARINA,Fantasie: natura,3Y,3-4 anni,approved_legend,SS,2022,false,Milano,1,1,0,0,11,8.65,,,1.16,matched_auto_sku,update_existing_meta,1968,1977,ABS04PKT03YPE22,Abito smanicato Fantasia,1,1968:1977:Abito smanicato Fantasia,,
MAGAZZINO - PF PE22,92,ABS04PKT04YPE22,ABS04PKT04YPE22,ABS04,,,STELLA MARINA,Fantasie: natura,4Y,3-4 anni,approved_legend,SS,2022,false,Milano,0,0,0,0,11,8.65,,,1.16,matched_auto_sku,update_existing_meta,1968,1978,ABS04PKT04YPE22,Abito smanicato Fantasia,1,1968:1978:Abito smanicato Fantasia,,
MAGAZZINO - PF PE22,93,ABS04PKT06YPE22,ABS04PKT06YPE22,ABS04,,,STELLA MARINA,Fantasie: natura,6Y,5-6 anni,approved_legend,SS,2022,false,Milano,1,1,0,0,11,8.65,,,1.16,matched_auto_sku,update_existing_meta,1968,1979,ABS04PKT06YPE22,Abito smanicato Fantasia,1,1968:1979:Abito smanicato Fantasia,,
MAGAZZINO - PF PE22,95,ABS04PDF02YPE22,ABS04PDF02YPE22,ABS04,,,AQUILONI,Fantasie: natura,2Y,2 anni,approved_legend,SS,2022,false,Milano,0,0,0,0,11,9.65,,,1.16,matched_auto_sku,update_existing_meta,1968,1983,ABS04PDF02YPE22,Abito smanicato Fantasia,1,1968:1983:Abito smanicato Fantasia,,
MAGAZZINO - PF PE22,96,ABS04PDF03YPE22,ABS04PDF03YPE22,ABS04,,,AQUILONI,Fantasie: natura,3Y,3-4 anni,approved_legend,SS,2022,false,Milano,0,0,0,0,11,9.65,,,1.16,matched_auto_sku,update_existing_meta,1968,1984,ABS04PDF03YPE22,Abito smanicato Fantasia,1,1968:1984:Abito smanicato Fantasia,,
MAGAZZINO - PF PE22,97,ABS04PDF04YPE22,ABS04PDF04YPE22,ABS04,,,AQUILONI,Fantasie: natura,4Y,3-4 anni,approved_legend,SS,2022,false,Milano,0,0,0,0,11,9.65,,,1.16,matched_auto_sku,update_existing_meta,1968,1985,ABS04PDF04YPE22,Abito smanicato Fantasia,1,1968:1985:Abito smanicato Fantasia,,
MAGAZZINO - PF PE22,98,ABS04PDF06YPE22,ABS04PDF06YPE22,ABS04,,,AQUILONI,Fantasie: natura,6Y,5-6 anni,approved_legend,SS,2022,false,Milano,0,0,0,0,11,9.65,,,1.16,matched_auto_sku,update_existing_meta,1968,1986,ABS04PDF06YPE22,Abito smanicato Fantasia,1,1968:1986:Abito smanicato Fantasia,,
MAGAZZINO - CAMPIONAT MARI AI22,3,,FW-2022-AI-PRODOTTO-12MESI-9-12-MESI-3,Campionatura  PROVE Modelli AI22,,,12mesi,12mesi,12mesi,9-12 mesi,approved_legend,AI,2022,true,Milano,9,9,0,0,35,9,,1.1111111111111112,1,review_multiple_candidates,review_required,,,,,17,4466:Fiocco Personaggi | 4449:Fiocco Fucsia | 4442:Fiocco Fantasia fiori | 4434:Fiocco elefantini | 4430:Fiocco Rapunzel | 4349:Cerchietto fantasia gatti | 1830:1852:Camicia Fantasia Gatti Boy | 1788:1820:Camicietta fantasia Gatti Girl,,color_mapping_requires_review
MAGAZZINO - CAMPIONAT MARI PE23,3,,FW-2023-SS-PRODOTTO-4ANNI-3-4-ANNI-3,Campionatura  PROVE Modelli PE23,,,4ANNI,4ANNI,4ANNI,3-4 anni,approved_legend,SS,2023,true,Milano,16,16,0,0,35,11.25,,1.25,1,review_multiple_candidates,review_required,,,,,28,4466:Fiocco Personaggi | 4449:Fiocco Fucsia | 4442:Fiocco Fantasia fiori | 4434:Fiocco elefantini | 4430:Fiocco Rapunzel | 4349:Cerchietto fantasia gatti | 2038:2049:Top double-face fantasia marina | 2038:2048:Top double-face fantasia marina,,color_mapping_requires_review
MAGAZZINO - PF SS24,4,AB04AMB01YPE24,AB04AMB01YPE24,AB04,,,AMB,Rosso e ciliegia,1 Y,1 anno,approved_legend,SS,2024,false,Milano,2,1,0,1,13,7.51,,,1.16,review_multiple_candidates,review_required,,,,,30,4715:4901:Fiocco Giraffe | 4529:4548:Abito in velluto manica lunga | 4503:4516:Abito Anjeliy Smanicato in velluto | 4466:Fiocco Personaggi | 4449:Fiocco Fucsia | 4442:Fiocco Fantasia fiori | 4434:Fiocco elefantini | 4430:Fiocco Rapunzel,,doha_column_combined_or_ambiguous_treated_as_milano_returned
MAGAZZINO - PF SS24,5,AB04AMB02YPE24,AB04AMB02YPE24,AB04,,,AMB,Rosso e ciliegia,2 Y,2 anni,approved_legend,SS,2024,false,Milano,1,0,0,1,13,7.51,,,1.16,review_multiple_candidates,review_required,,,,,37,4761:4766:Pantaloncino in velluto | 4715:4901:Fiocco Giraffe | 4529:4549:Abito in velluto manica lunga | 4503:4517:Abito Anjeliy Smanicato in velluto | 4466:Fiocco Personaggi | 4449:Fiocco Fucsia | 4442:Fiocco Fantasia fiori | 4434:Fiocco elefantini,,doha_column_combined_or_ambiguous_treated_as_milano_returned
MAGAZZINO - PF SS24,6,AB04AMB04YPE24,AB04AMB04YPE24,AB04,,,AMB,Rosso e ciliegia,4 Y,3-4 anni,approved_legend,SS,2024,false,Milano,1,0,0,1,13,7.51,,,1.16,matched_auto_sku,update_existing_meta,1506,1565,AB04AMB04YPE24,Abito Charlotte smanicato in mussola,1,1506:1565:Abito Charlotte smanicato in mussola,,doha_column_combined_or_ambiguous_treated_as_milano_returned
MAGAZZINO - PF SS24,7,AB04AMB06YPE24,AB04AMB06YPE24,AB04,,,AMB,Rosso e ciliegia,6 Y,5-6 anni,approved_legend,SS,2024,false,Milano,1,0,0,1,13,7.51,,,1.16,matched_auto_sku,update_existing_meta,1506,1566,AB04AMB06YPE24,Abito Charlotte smanicato in mussola,1,1506:1566:Abito Charlotte smanicato in mussola,,doha_column_combined_or_ambiguous_treated_as_milano_returned
MAGAZZINO - PF SS24,8,AB04AMB08YPE24,AB04AMB08YPE24,AB04,,,AMB,Rosso e ciliegia,8 Y,7-8 anni,approved_legend,SS,2024,false,Milano,2,1,0,1,13,7.51,,,1.16,matched_auto_sku,update_existing_meta,1506,1567,AB04AMB08YPE24,Abito Charlotte smanicato in mussola,1,1506:1567:Abito Charlotte smanicato in mussola,,doha_column_combined_or_ambiguous_treated_as_milano_returned
MAGAZZINO - PF SS24,9,AB04AMB10YPE24,AB04AMB10YPE24,AB04,,,AMB,Rosso e ciliegia,10 Y,9-10 anni,approved_legend,SS,2024,false,Milano,2,2,0,0,13,7.51,,,1.16,matched_auto_sku,update_existing_meta,1506,1568,AB04AMB10YPE24,Abito Charlotte smanicato in mussola,1,1506:1568:Abito Charlotte smanicato in mussola,,doha_column_combined_or_ambiguous_treated_as_milano_returned
MAGAZZINO - PF SS24,11,AB04SPR01YPE24,AB04SPR01YPE24,AB04,,,SPR,Azzurro polvere e denim,1 Y,1 anno,approved_legend,SS,2024,false,Milano,3,3,0,0,13,8.2,,,1.16,review_multiple_candidates,review_required,,,,,31,4503:4504:Abito Anjeliy Smanicato in velluto | 4466:Fiocco Personaggi | 4449:Fiocco Fucsia | 4442:Fiocco Fantasia fiori | 4434:Fiocco elefantini | 4430:Fiocco Rapunzel | 4415:Scrunchies sfilacciati - Azzurro polvere e denim | 4349:Cerchietto fantasia gatti,,doha_column_combined_or_ambiguous_treated_as_milano_returned
MAGAZZINO - PF SS24,12,AB04SPR02YPE24,AB04SPR02YPE24,AB04,,,SPR,Azzurro polvere e denim,2 Y,2 anni,approved_legend,SS,2024,false,Milano,2,2,0,0,13,8.2,,,1.16,review_multiple_candidates,review_required,,,,,41,4645:4646:Pantalone denim | 4503:4505:Abito Anjeliy Smanicato in velluto | 4466:Fiocco Personaggi | 4449:Fiocco Fucsia | 4442:Fiocco Fantasia fiori | 4434:Fiocco elefantini | 4430:Fiocco Rapunzel | 4415:Scrunchies sfilacciati - Azzurro polvere e denim,,doha_column_combined_or_ambiguous_treated_as_milano_returned
MAGAZZINO - PF SS24,13,AB04SPR04YPE24,AB04SPR04YPE24,AB04,,,SPR,Azzurro polvere e denim,4 Y,3-4 anni,approved_legend,SS,2024,false,Milano,0,0,0,0,13,8.2,,,1.16,review_multiple_candidates,review_required,,,,,47,4645:4647:Pantalone denim | 4503:4506:Abito Anjeliy Smanicato in velluto | 4466:Fiocco Personaggi | 4449:Fiocco Fucsia | 4442:Fiocco Fantasia fiori | 4434:Fiocco elefantini | 4430:Fiocco Rapunzel | 4415:Scrunchies sfilacciati - Azzurro polvere e denim,,doha_column_combined_or_ambiguous_treated_as_milano_returned
MAGAZZINO - PF SS24,14,AB04SPR06YPE24,AB04SPR06YPE24,AB04,,,SPR,Azzurro polvere e denim,6 Y,5-6 anni,approved_legend,SS,2024,false,Milano,1,1,0,0,13,8.2,,,1.16,review_multiple_candidates,review_required,,,,,28,4645:4648:Pantalone denim | 4503:4507:Abito Anjeliy Smanicato in velluto | 4466:Fiocco Personaggi | 4449:Fiocco Fucsia | 4442:Fiocco Fantasia fiori | 4434:Fiocco elefantini | 4430:Fiocco Rapunzel | 4415:Scrunchies sfilacciati - Azzurro polvere e denim,,doha_column_combined_or_ambiguous_treated_as_milano_returned
MAGAZZINO - PF SS24,15,AB04SPR08YPE24,AB04SPR08YPE24,AB04,,,SPR,Azzurro polvere e denim,8 Y,7-8 anni,approved_legend,SS,2024,false,Milano,1,1,0,0,13,8.2,,,1.16,review_multiple_candidates,review_required,,,,,27,4645:4649:Pantalone denim | 4503:4508:Abito Anjeliy Smanicato in velluto | 4466:Fiocco Personaggi | 4449:Fiocco Fucsia | 4442:Fiocco Fantasia fiori | 4434:Fiocco elefantini | 4430:Fiocco Rapunzel | 4415:Scrunchies sfilacciati - Azzurro polvere e denim,,doha_column_combined_or_ambiguous_treated_as_milano_returned
MAGAZZINO - PF SS24,16,AB04SPR10YPE24,AB04SPR10YPE24,AB04,,,SPR,Azzurro polvere e denim,10 Y,9-10 anni,approved_legend,SS,2024,false,Milano,1,0,0,1,13,8.2,,,1.16,review_multiple_candidates,review_required,,,,,25,4503:4509:Abito Anjeliy Smanicato in velluto | 4466:Fiocco Personaggi | 4449:Fiocco Fucsia | 4442:Fiocco Fantasia fiori | 4434:Fiocco elefantini | 4430:Fiocco Rapunzel | 4415:Scrunchies sfilacciati - Azzurro polvere e denim | 4349:Cerchietto fantasia gatti,,doha_column_combined_or_ambiguous_treated_as_milano_returned
MAGAZZINO - PF SS24,18,AB04MRD01YPE24,AB04MRD01YPE24,AB04,,,MRD,Rosa cipria e nude,1 Y,1 anno,approved_legend,SS,2024,false,Milano,2,2,0,0,13,7.2,,,1.16,review_multiple_candidates,review_required,,,,,25,4503:4510:Abito Anjeliy Smanicato in velluto | 4466:Fiocco Personaggi | 4449:Fiocco Fucsia | 4442:Fiocco Fantasia fiori | 4434:Fiocco elefantini | 4430:Fiocco Rapunzel | 4383:Scrunchies in velluto - Rosa cipria e nude | 4349:Cerchietto fantasia gatti,,doha_column_combined_or_ambiguous_treated_as_milano_returned
MAGAZZINO - PF SS24,19,AB04MRD02YPE24,AB04MRD02YPE24,AB04,,,MRD,Rosa cipria e nude,2 Y,2 anni,approved_legend,SS,2024,false,Milano,1,1,0,0,13,7.2,,,1.16,review_multiple_candidates,review_required,,,,,34,4761:4765:Pantaloncino in velluto | 4503:4511:Abito Anjeliy Smanicato in velluto | 4466:Fiocco Personaggi | 4449:Fiocco Fucsia | 4442:Fiocco Fantasia fiori | 4434:Fiocco elefantini | 4430:Fiocco Rapunzel | 4383:Scrunchies in velluto - Rosa cipria e nude,,doha_column_combined_or_ambiguous_treated_as_milano_returned
MAGAZZINO - PF SS24,20,AB04MRD04YPE24,AB04MRD04YPE24,AB04,,,MRD,Rosa cipria e nude,4 Y,3-4 anni,approved_legend,SS,2024,false,Milano,0,0,0,0,13,7.2,,,1.16,matched_auto_sku,update_existing_meta,1506,1577,AB04MRD04YPE24,Abito Charlotte smanicato in mussola,1,1506:1577:Abito Charlotte smanicato in mussola,,doha_column_combined_or_ambiguous_treated_as_milano_returned
MAGAZZINO - PF SS24,21,AB04MRD06YPE24,AB04MRD06YPE24,AB04,,,MRD,Rosa cipria e nude,6 Y,5-6 anni,approved_legend,SS,2024,false,Milano,0,0,0,0,13,7.2,,,1.16,matched_auto_sku,update_existing_meta,1506,1578,AB04MRD06YPE24,Abito Charlotte smanicato in mussola,1,1506:1578:Abito Charlotte smanicato in mussola,,doha_column_combined_or_ambiguous_treated_as_milano_returned
MAGAZZINO - PF SS24,22,AB04MRD08YPE24,AB04MRD08YPE24,AB04,,,MRD,Rosa cipria e nude,8 Y,7-8 anni,approved_legend,SS,2024,false,Milano,2,2,0,0,13,7.2,,,1.16,matched_auto_sku,update_existing_meta,1506,1579,AB04MRD08YPE24,Abito Charlotte smanicato in mussola,1,1506:1579:Abito Charlotte smanicato in mussola,,doha_column_combined_or_ambiguous_treated_as_milano_returned
MAGAZZINO - PF SS24,24,AB04RAS01YPE24,AB04RAS01YPE24,AB04,,,RAS,Lilla e lavanda,1 Y,1 anno,approved_legend,SS,2024,false,Milano,2,1,0,1,13,5.34,,,1.16,review_multiple_candidates,review_required,,,,,24,4466:Fiocco Personaggi | 4449:Fiocco Fucsia | 4442:Fiocco Fantasia fiori | 4434:Fiocco elefantini | 4430:Fiocco Rapunzel | 4413:Scrunchies sfilacciati - Lilla e lavanda | 4349:Cerchietto fantasia gatti | 3568:3575:Camicia Masha manica corta a sbuffo,,doha_column_combined_or_ambiguous_treated_as_milano_returned
MAGAZZINO - PF SS24,25,AB04RAS02YPE24,AB04RAS02YPE24,AB04,,,RAS,Lilla e lavanda,2 Y,2 anni,approved_legend,SS,2024,false,Milano,2,1,0,1,13,5.34,,,1.16,review_multiple_candidates,review_required,,,,,31,4466:Fiocco Personaggi | 4449:Fiocco Fucsia | 4442:Fiocco Fantasia fiori | 4434:Fiocco elefantini | 4430:Fiocco Rapunzel | 4413:Scrunchies sfilacciati - Lilla e lavanda | 4349:Cerchietto fantasia gatti | 3568:3576:Camicia Masha manica corta a sbuffo,,doha_column_combined_or_ambiguous_treated_as_milano_returned
MAGAZZINO - PF SS24,26,AB04RAS04YPE24,AB04RAS04YPE24,AB04,,,RAS,Lilla e lavanda,4 Y,3-4 anni,approved_legend,SS,2024,false,Milano,1,0,0,1,13,5.34,,,1.16,review_multiple_candidates,review_required,,,,,37,4466:Fiocco Personaggi | 4449:Fiocco Fucsia | 4442:Fiocco Fantasia fiori | 4434:Fiocco elefantini | 4430:Fiocco Rapunzel | 4413:Scrunchies sfilacciati - Lilla e lavanda | 4349:Cerchietto fantasia gatti | 3568:4151:Camicia Masha manica corta a sbuffo,,doha_column_combined_or_ambiguous_treated_as_milano_returned
MAGAZZINO - PF SS24,27,AB04RAS06YPE24,AB04RAS06YPE24,AB04,,,RAS,Lilla e lavanda,6 Y,5-6 anni,approved_legend,SS,2024,false,Milano,1,0,0,1,13,5.34,,,1.16,review_multiple_candidates,review_required,,,,,22,4466:Fiocco Personaggi | 4449:Fiocco Fucsia | 4442:Fiocco Fantasia fiori | 4434:Fiocco elefantini | 4430:Fiocco Rapunzel | 4413:Scrunchies sfilacciati - Lilla e lavanda | 4349:Cerchietto fantasia gatti | 3568:3578:Camicia Masha manica corta a sbuffo,,doha_column_combined_or_ambiguous_treated_as_milano_returned
MAGAZZINO - PF SS24,28,AB04RAS08YPE24,AB04RAS08YPE24,AB04,,,RAS,Lilla e lavanda,8 Y,7-8 anni,approved_legend,SS,2024,false,Milano,1,0,0,1,13,5.34,,,1.16,review_multiple_candidates,review_required,,,,,21,4466:Fiocco Personaggi | 4449:Fiocco Fucsia | 4442:Fiocco Fantasia fiori | 4434:Fiocco elefantini | 4430:Fiocco Rapunzel | 4413:Scrunchies sfilacciati - Lilla e lavanda | 4349:Cerchietto fantasia gatti | 3568:3579:Camicia Masha manica corta a sbuffo,,doha_column_combined_or_ambiguous_treated_as_milano_returned
MAGAZZINO - PF SS24,30,AB04CHD01YPE24,AB04CHD01YPE24,AB04,,,CHD,Giallo e ocra,1 Y,1 anno,approved_legend,SS,2024,false,Milano,1,1,0,0,13,8.2,,,1.16,review_multiple_candidates,review_required,,,,,31,4715:4900:Fiocco Giraffe | 4615:4616:Camicia a scacchi | 4563:4576:Sopravveste in velluto | 4529:4542:Abito in velluto manica lunga | 4466:Fiocco Personaggi | 4449:Fiocco Fucsia | 4442:Fiocco Fantasia fiori | 4434:Fiocco elefantini,,doha_column_combined_or_ambiguous_treated_as_milano_returned
MAGAZZINO - PF SS24,31,AB04CHD02YPE24,AB04CHD02YPE24,AB04,,,CHD,Giallo e ocra,2 Y,2 anni,approved_legend,SS,2024,false,Milano,0,0,0,0,13,8.2,,,1.16,review_multiple_candidates,review_required,,,,,37,4761:4779:Pantaloncino in velluto | 4715:4900:Fiocco Giraffe | 4615:4617:Camicia a scacchi | 4563:4578:Sopravveste in velluto | 4529:4543:Abito in velluto manica lunga | 4466:Fiocco Personaggi | 4449:Fiocco Fucsia | 4442:Fiocco Fantasia fiori,,doha_column_combined_or_ambiguous_treated_as_milano_returned
MAGAZZINO - PF SS24,32,AB04CHD04YPE24,AB04CHD04YPE24,AB04,,,CHD,Giallo e ocra,4 Y,3-4 anni,approved_legend,SS,2024,false,Milano,0,0,0,0,13,8.2,,,1.16,review_multiple_candidates,review_required,,,,,44,4761:4780:Pantaloncino in velluto | 4715:4900:Fiocco Giraffe | 4615:4618:Camicia a scacchi | 4563:4580:Sopravveste in velluto | 4529:4544:Abito in velluto manica lunga | 4466:Fiocco Personaggi | 4449:Fiocco Fucsia | 4442:Fiocco Fantasia fiori,,doha_column_combined_or_ambiguous_treated_as_milano_returned
MAGAZZINO - PF SS24,33,AB04CHD06YPE24,AB04CHD06YPE24,AB04,,,CHD,Giallo e ocra,6 Y,5-6 anni,approved_legend,SS,2024,false,Milano,0,0,0,0,13,8.2,,,1.16,review_multiple_candidates,review_required,,,,,29,4761:4781:Pantaloncino in velluto | 4715:4900:Fiocco Giraffe | 4615:4619:Camicia a scacchi | 4563:4582:Sopravveste in velluto | 4529:4545:Abito in velluto manica lunga | 4466:Fiocco Personaggi | 4449:Fiocco Fucsia | 4442:Fiocco Fantasia fiori,,doha_column_combined_or_ambiguous_treated_as_milano_returned
MAGAZZINO - PF SS24,34,AB04CHD08YPE24,AB04CHD08YPE24,AB04,,,CHD,Giallo e ocra,8 Y,7-8 anni,approved_legend,SS,2024,false,Milano,0,0,0,0,13,8.2,,,1.16,review_multiple_candidates,review_required,,,,,28,4761:4782:Pantaloncino in velluto | 4715:4900:Fiocco Giraffe | 4615:4620:Camicia a scacchi | 4563:4584:Sopravveste in velluto | 4529:4546:Abito in velluto manica lunga | 4466:Fiocco Personaggi | 4449:Fiocco Fucsia | 4442:Fiocco Fantasia fiori,,doha_column_combined_or_ambiguous_treated_as_milano_returned
MAGAZZINO - PF SS24,35,AB04CHD10YPE24,AB04CHD10YPE24,AB04,,,CHD,Giallo e ocra,10 Y,9-10 anni,approved_legend,SS,2024,false,Milano,0,0,0,0,13,8.2,,,1.16,review_multiple_candidates,review_required,,,,,27,4761:4783:Pantaloncino in velluto | 4715:4900:Fiocco Giraffe | 4615:4621:Camicia a scacchi | 4563:4586:Sopravveste in velluto | 4529:4547:Abito in velluto manica lunga | 4466:Fiocco Personaggi | 4449:Fiocco Fucsia | 4442:Fiocco Fantasia fiori,,doha_column_combined_or_ambiguous_treated_as_milano_returned
MAGAZZINO - PF SS24,36,Tejidos Stampa Lilla,TEJIDOS-STAMPA-LILLA,VE380,,,Tejido voile estampe tessuto a fiori,Fantasie: natura,Scholè 6 anni è stato aggiunto dopo,Scholè 6 anni è stato aggiunto dopo,source,SS,2024,false,Milano,0,0,0,0,,,,,,review_multiple_candidates,review_required,,,,,15,4466:Fiocco Personaggi | 4449:Fiocco Fucsia | 4442:Fiocco Fantasia fiori | 4434:Fiocco elefantini | 4430:Fiocco Rapunzel | 4405:Scrunchies in cotone - Fantasie: natura | 4349:Cerchietto fantasia gatti | 1303:Giacca in Denim,,doha_column_combined_or_ambiguous_treated_as_milano_returned
MAGAZZINO - PF SS24,37,AB04TVE02YPE24,AB04TVE02YPE24,AB04,,,TVE,Fantasie: natura,2 Y,2 anni,approved_legend,SS,2024,false,Milano,0,0,0,0,13,6.86,,,1.16,review_multiple_candidates,review_required,,,,,29,4466:Fiocco Personaggi | 4449:Fiocco Fucsia | 4442:Fiocco Fantasia fiori | 4434:Fiocco elefantini | 4430:Fiocco Rapunzel | 4405:Scrunchies in cotone - Fantasie: natura | 4349:Cerchietto fantasia gatti | 2038:2047:Top double-face fantasia marina,,doha_column_combined_or_ambiguous_treated_as_milano_returned
MAGAZZINO - PF SS24,38,AB04TVE04YPE24,AB04TVE04YPE24,AB04,,,TVE,Fantasie: natura,4 Y,3-4 anni,approved_legend,SS,2024,false,Milano,0,0,0,0,13,6.86,,,1.16,review_multiple_candidates,review_required,,,,,35,4466:Fiocco Personaggi | 4449:Fiocco Fucsia | 4442:Fiocco Fantasia fiori | 4434:Fiocco elefantini | 4430:Fiocco Rapunzel | 4405:Scrunchies in cotone - Fantasie: natura | 4349:Cerchietto fantasia gatti | 2038:2049:Top double-face fantasia marina,,doha_column_combined_or_ambiguous_treated_as_milano_returned
MAGAZZINO - PF SS24,39,AB04TVE06YPE24,AB04TVE06YPE24,AB04,,,TVE,Fantasie: natura,6 Y,5-6 anni,approved_legend,SS,2024,false,Milano,0,0,0,0,13,6.86,,,1.16,review_multiple_candidates,review_required,,,,,21,4466:Fiocco Personaggi | 4449:Fiocco Fucsia | 4442:Fiocco Fantasia fiori | 4434:Fiocco elefantini | 4430:Fiocco Rapunzel | 4405:Scrunchies in cotone - Fantasie: natura | 4349:Cerchietto fantasia gatti | 1972:1996:Pantalone Cropped in Gabardina,,doha_column_combined_or_ambiguous_treated_as_milano_returned
MAGAZZINO - PF SS24,40,AB04TVE08YPE24,AB04TVE08YPE24,AB04,,,TVE,Fantasie: natura,8 Y,7-8 anni,approved_legend,SS,2024,false,Milano,0,0,0,0,13,6.86,,,1.16,review_multiple_candidates,review_required,,,,,20,4466:Fiocco Personaggi | 4449:Fiocco Fucsia | 4442:Fiocco Fantasia fiori | 4434:Fiocco elefantini | 4430:Fiocco Rapunzel | 4405:Scrunchies in cotone - Fantasie: natura | 4349:Cerchietto fantasia gatti | 1968:1987:Abito smanicato Fantasia,,doha_column_combined_or_ambiguous_treated_as_milano_returned
MAGAZZINO - PF SS24,42,AB04TMC02YPE24,AB04TMC02YPE24,AB04,,,TMC,Fantasie: natura,2 Y,2 anni,approved_legend,SS,2024,false,Milano,0,0,0,0,13,6.86,,,1.16,review_multiple_candidates,review_required,,,,,29,4466:Fiocco Personaggi | 4449:Fiocco Fucsia | 4442:Fiocco Fantasia fiori | 4434:Fiocco elefantini | 4430:Fiocco Rapunzel | 4405:Scrunchies in cotone - Fantasie: natura | 4349:Cerchietto fantasia gatti | 2038:2047:Top double-face fantasia marina,,doha_column_combined_or_ambiguous_treated_as_milano_returned
MAGAZZINO - PF SS24,43,AB04TMC04YPE24,AB04TMC04YPE24,AB04,,,TMC,Fantasie: natura,4 Y,3-4 anni,approved_legend,SS,2024,false,Milano,0,0,0,0,13,6.86,,,1.16,review_multiple_candidates,review_required,,,,,35,4466:Fiocco Personaggi | 4449:Fiocco Fucsia | 4442:Fiocco Fantasia fiori | 4434:Fiocco elefantini | 4430:Fiocco Rapunzel | 4405:Scrunchies in cotone - Fantasie: natura | 4349:Cerchietto fantasia gatti | 2038:2049:Top double-face fantasia marina,,doha_column_combined_or_ambiguous_treated_as_milano_returned
MAGAZZINO - PF SS24,44,AB04TMC06YPE24,AB04TMC06YPE24,AB04,,,TMC,Fantasie: natura,6 Y,5-6 anni,approved_legend,SS,2024,false,Milano,0,0,0,0,13,6.86,,,1.16,review_multiple_candidates,review_required,,,,,21,4466:Fiocco Personaggi | 4449:Fiocco Fucsia | 4442:Fiocco Fantasia fiori | 4434:Fiocco elefantini | 4430:Fiocco Rapunzel | 4405:Scrunchies in cotone - Fantasie: natura | 4349:Cerchietto fantasia gatti | 1972:1996:Pantalone Cropped in Gabardina,,doha_column_combined_or_ambiguous_treated_as_milano_returned
MAGAZZINO - PF SS24,45,AB04TMC08YPE24,AB04TMC08YPE24,AB04,,,TMC,Fantasie: natura,8 Y,7-8 anni,approved_legend,SS,2024,false,Milano,0,0,0,0,13,6.86,,,1.16,review_multiple_candidates,review_required,,,,,20,4466:Fiocco Personaggi | 4449:Fiocco Fucsia | 4442:Fiocco Fantasia fiori | 4434:Fiocco elefantini | 4430:Fiocco Rapunzel | 4405:Scrunchies in cotone - Fantasie: natura | 4349:Cerchietto fantasia gatti | 1968:1987:Abito smanicato Fantasia,,doha_column_combined_or_ambiguous_treated_as_milano_returned
MAGAZZINO - PF SS24,47,AB09FSK01YPE24,AB09FSK01YPE24,AB09,,,FSK,Fantasie: personaggi,1 Y,1 anno,approved_legend,SS,2024,false,Milano,3,2,0,1,15,9.5,2.38,,1.16,matched_auto_sku,update_existing_meta,1241,1278,AB09FSK01YPE24,Abito Masha smanicato bicolore Principesse,1,1241:1278:Abito Masha smanicato bicolore Principesse,,doha_column_combined_or_ambiguous_treated_as_milano_returned
MAGAZZINO - PF SS24,48,AB09FSK02YPE24,AB09FSK02YPE24,AB09,,,FSK,Fantasie: personaggi,2 Y,2 anni,approved_legend,SS,2024,false,Milano,2,1,0,1,15,9.5,2.38,,1.16,matched_auto_sku,update_existing_meta,1241,1279,AB09FSK02YPE24,Abito Masha smanicato bicolore Principesse,1,1241:1279:Abito Masha smanicato bicolore Principesse,,doha_column_combined_or_ambiguous_treated_as_milano_returned
MAGAZZINO - PF SS24,49,AB09FSK04YPE24,AB09FSK04YPE24,AB09,,,FSK,Fantasie: personaggi,4 Y,3-4 anni,approved_legend,SS,2024,false,Milano,1,0,0,1,15,9.5,2.38,,1.16,matched_auto_sku,update_existing_meta,1241,1281,AB09FSK04YPE24,Abito Masha smanicato bicolore Principesse,1,1241:1281:Abito Masha smanicato bicolore Principesse,,doha_column_combined_or_ambiguous_treated_as_milano_returned
MAGAZZINO - PF SS24,50,AB09FSK06YPE24,AB09FSK06YPE24,AB09,,,FSK,Fantasie: personaggi,6 Y,5-6 anni,approved_legend,SS,2024,false,Milano,1,0,0,1,15,9.5,2.38,,1.16,matched_auto_sku,update_existing_meta,1241,1282,AB09FSK06YPE24,Abito Masha smanicato bicolore Principesse,1,1241:1282:Abito Masha smanicato bicolore Principesse,,doha_column_combined_or_ambiguous_treated_as_milano_returned
MAGAZZINO - PF SS24,51,AB09FSK08YPE24,AB09FSK08YPE24,AB09,,,FSK,Fantasie: personaggi,8 Y,7-8 anni,approved_legend,SS,2024,false,Milano,2,1,0,1,15,9.5,2.38,,1.16,matched_auto_sku,update_existing_meta,1241,1283,AB09FSK08YPE24,Abito Masha smanicato bicolore Principesse,1,1241:1283:Abito Masha smanicato bicolore Principesse,,doha_column_combined_or_ambiguous_treated_as_milano_returned
MAGAZZINO - PF SS24,54,AB09ACP01YPE24,AB09ACP01YPE24,AB09,,,ACP,Fantasie: personaggi,1 Y,1 anno,approved_legend,SS,2024,false,Milano,1,1,0,0,15,10.5,1.56,,1.16,matched_auto_sku,update_existing_meta,1241,1284,AB09ACP01YPE24,Abito Masha smanicato bicolore Principesse,1,1241:1284:Abito Masha smanicato bicolore Principesse,,doha_column_combined_or_ambiguous_treated_as_milano_returned
MAGAZZINO - PF SS24,55,AB09ACP02YPE24,AB09ACP02YPE24,AB09,,,ACP,Fantasie: personaggi,2 Y,2 anni,approved_legend,SS,2024,false,Milano,0,0,0,0,15,10.5,1.56,,1.16,matched_auto_sku,update_existing_meta,1241,1285,AB09ACP02YPE24,Abito Masha smanicato bicolore Principesse,1,1241:1285:Abito Masha smanicato bicolore Principesse,,doha_column_combined_or_ambiguous_treated_as_milano_returned
MAGAZZINO - PF SS24,56,AB09ACP04YPE24,AB09ACP04YPE24,AB09,,,ACP,Fantasie: personaggi,4 Y,3-4 anni,approved_legend,SS,2024,false,Milano,0,0,0,0,15,10.5,1.56,,1.16,matched_auto_sku,update_existing_meta,1241,1287,AB09ACP04YPE24,Abito Masha smanicato bicolore Principesse,1,1241:1287:Abito Masha smanicato bicolore Principesse,,doha_column_combined_or_ambiguous_treated_as_milano_returned
MAGAZZINO - PF SS24,57,AB09ACP06YPE24,AB09ACP06YPE24,AB09,,,ACP,Fantasie: personaggi,6 Y,5-6 anni,approved_legend,SS,2024,false,Milano,0,0,0,0,15,10.5,1.56,,1.16,matched_auto_sku,update_existing_meta,1241,1288,AB09ACP06YPE24,Abito Masha smanicato bicolore Principesse,1,1241:1288:Abito Masha smanicato bicolore Principesse,,doha_column_combined_or_ambiguous_treated_as_milano_returned
MAGAZZINO - PF SS24,58,AB09ACP08YPE24,AB09ACP08YPE24,AB09,,,ACP,Fantasie: personaggi,8 Y,7-8 anni,approved_legend,SS,2024,false,Milano,0,0,0,0,15,10.5,1.56,,1.16,matched_auto_sku,update_existing_meta,1241,1289,AB09ACP08YPE24,Abito Masha smanicato bicolore Principesse,1,1241:1289:Abito Masha smanicato bicolore Principesse,,doha_column_combined_or_ambiguous_treated_as_milano_returned
MAGAZZINO - PF SS24,60,AB09GFR01YPE24,AB09GFR01YPE24,AB09,,,GFR,Fantasie: animali,1 Y,1 anno,approved_legend,SS,2024,false,Milano,1,0,0,1,15,8.5,1.73,,1.16,matched_auto_sku,update_existing_meta,1242,1296,AB09GFR01YPE24,Abito Masha smanicato bicolore Giraffe,1,1242:1296:Abito Masha smanicato bicolore Giraffe,,doha_column_combined_or_ambiguous_treated_as_milano_returned
MAGAZZINO - PF SS24,61,AB09GFR02YPE24,AB09GFR02YPE24,AB09,,,GFR,Fantasie: animali,2 Y,2 anni,approved_legend,SS,2024,false,Milano,1,0,0,1,15,8.5,1.73,,1.16,matched_auto_sku,update_existing_meta,1242,1297,AB09GFR02YPE24,Abito Masha smanicato bicolore Giraffe,1,1242:1297:Abito Masha smanicato bicolore Giraffe,,doha_column_combined_or_ambiguous_treated_as_milano_returned
MAGAZZINO - PF SS24,62,AB09GFR04YPE24,AB09GFR04YPE24,AB09,,,GFR,Fantasie: animali,4 Y,3-4 anni,approved_legend,SS,2024,false,Milano,1,0,0,1,15,8.5,1.73,,1.16,matched_auto_sku,update_existing_meta,1242,1299,AB09GFR04YPE24,Abito Masha smanicato bicolore Giraffe,1,1242:1299:Abito Masha smanicato bicolore Giraffe,,doha_column_combined_or_ambiguous_treated_as_milano_returned
MAGAZZINO - PF SS24,63,AB09GFR06YPE24,AB09GFR06YPE24,AB09,,,GFR,Fantasie: animali,6 Y,5-6 anni,approved_legend,SS,2024,false,Milano,1,0,0,1,15,8.5,1.73,,1.16,matched_auto_sku,update_existing_meta,1242,1300,AB09GFR06YPE24,Abito Masha smanicato bicolore Giraffe,1,1242:1300:Abito Masha smanicato bicolore Giraffe,,doha_column_combined_or_ambiguous_treated_as_milano_returned
MAGAZZINO - PF SS24,64,AB09GFR08YPE24,AB09GFR08YPE24,AB09,,,GFR,Fantasie: animali,8 Y,7-8 anni,approved_legend,SS,2024,false,Milano,2,0,0,2,15,8.5,1.73,,1.16,matched_auto_sku,update_existing_meta,1242,1301,AB09GFR08YPE24,Abito Masha smanicato bicolore Giraffe,1,1242:1301:Abito Masha smanicato bicolore Giraffe,,doha_column_combined_or_ambiguous_treated_as_milano_returned
MAGAZZINO - PF SS24,65,AB09GFR10YPE24,AB09GFR10YPE24,AB09,,,GFR,Fantasie: animali,10 Y,9-10 anni,approved_legend,SS,2024,false,Milano,0,0,0,0,15,8.5,1.73,,1.16,review_multiple_candidates,review_required,,,,,18,4604:4610:Camicia fantasia animali | 4591:4601:Abito Fantasia animali | 4466:Fiocco Personaggi | 4449:Fiocco Fucsia | 4442:Fiocco Fantasia fiori | 4434:Fiocco elefantini | 4430:Fiocco Rapunzel | 4349:Cerchietto fantasia gatti,,doha_column_combined_or_ambiguous_treated_as_milano_returned
MAGAZZINO - PF SS24,66,Abito prendi sole,ABITO-PRENDI-SOLE,SCHOLè,,abito,Mussolina,Mussolina,MAMMA,MAMMA,source,SS,2024,false,Milano,0,0,0,0,,,,,,review_multiple_candidates,review_required,,,,,3,1303:Giacca in Denim | 780:Fermaglio Flower | 775:Fermaglio Écru,,doha_column_combined_or_ambiguous_treated_as_milano_returned|color_mapping_requires_review
MAGAZZINO - PF SS24,67,AB10WHT02PE24,AB10WHT02PE24,AB10,,,WHT,Bianco puro,2 Y,2 anni,approved_legend,SS,2024,false,Milano,0,0,0,0,15,6.56,,,1.16,review_multiple_candidates,review_required,,,,,27,4466:Fiocco Personaggi | 4449:Fiocco Fucsia | 4442:Fiocco Fantasia fiori | 4434:Fiocco elefantini | 4430:Fiocco Rapunzel | 4349:Cerchietto fantasia gatti | 4011:4016:Pantaloncino Voile Nuovo | 2038:2047:Top double-face fantasia marina,,doha_column_combined_or_ambiguous_treated_as_milano_returned
MAGAZZINO - PF SS24,68,AB10WHT04PE24,AB10WHT04PE24,AB10,,,WHT,Bianco puro,4 Y,3-4 anni,approved_legend,SS,2024,false,Milano,0,0,0,0,15,6.56,,,1.16,review_multiple_candidates,review_required,,,,,31,4466:Fiocco Personaggi | 4449:Fiocco Fucsia | 4442:Fiocco Fantasia fiori | 4434:Fiocco elefantini | 4430:Fiocco Rapunzel | 4349:Cerchietto fantasia gatti | 4011:4017:Pantaloncino Voile Nuovo | 2038:2049:Top double-face fantasia marina,,doha_column_combined_or_ambiguous_treated_as_milano_returned
MAGAZZINO - PF SS24,69,AB10WHT06PE24,AB10WHT06PE24,AB10,,,WHT,Bianco puro,6 Y,5-6 anni,approved_legend,SS,2024,false,Milano,0,0,0,0,15,6.56,,,1.16,review_multiple_candidates,review_required,,,,,20,4466:Fiocco Personaggi | 4449:Fiocco Fucsia | 4442:Fiocco Fantasia fiori | 4434:Fiocco elefantini | 4430:Fiocco Rapunzel | 4349:Cerchietto fantasia gatti | 4011:4018:Pantaloncino Voile Nuovo | 1972:1996:Pantalone Cropped in Gabardina,,doha_column_combined_or_ambiguous_treated_as_milano_returned
MAGAZZINO - PF SS24,70,AB10WHT08PE24,AB10WHT08PE24,AB10,,,WHT,Bianco puro,8 Y,7-8 anni,approved_legend,SS,2024,false,Milano,0,0,0,0,15,6.56,,,1.16,review_multiple_candidates,review_required,,,,,18,4466:Fiocco Personaggi | 4449:Fiocco Fucsia | 4442:Fiocco Fantasia fiori | 4434:Fiocco elefantini | 4430:Fiocco Rapunzel | 4349:Cerchietto fantasia gatti | 4011:4019:Pantaloncino Voile Nuovo | 1910:1923:Camicia Smanicata fantasia Zebra,,doha_column_combined_or_ambiguous_treated_as_milano_returned
MAGAZZINO - PF SS24,72,GN02FSK01YPE24,GN02FSK01YPE24,GN02,,,FSK,Fantasie: personaggi,1 Y,1 anno,approved_legend,SS,2024,false,Milano,3,2,0,1,15,4,2.38,,1.16,matched_auto_sku,update_existing_meta,1240,1249,GN02FSK01YPE24,Gonna Masha bicolore Principe Ranocchio,1,1240:1249:Gonna Masha bicolore Principe Ranocchio,,doha_column_combined_or_ambiguous_treated_as_milano_returned
MAGAZZINO - PF SS24,73,GN02FSK02YPE24,GN02FSK02YPE24,GN02,,,FSK,Fantasie: personaggi,2 Y,2 anni,approved_legend,SS,2024,false,Milano,3,2,0,1,15,4,2.38,,1.16,matched_auto_sku,update_existing_meta,1240,1250,GN02FSK02YPE24,Gonna Masha bicolore Principe Ranocchio,1,1240:1250:Gonna Masha bicolore Principe Ranocchio,,doha_column_combined_or_ambiguous_treated_as_milano_returned
MAGAZZINO - PF SS24,74,GN02FSK04YPE24,GN02FSK04YPE24,GN02,,,FSK,Fantasie: personaggi,4 Y,3-4 anni,approved_legend,SS,2024,false,Milano,1,0,0,1,15,4,2.38,,1.16,matched_auto_sku,update_existing_meta,1240,1252,GN02FSK04YPE24,Gonna Masha bicolore Principe Ranocchio,1,1240:1252:Gonna Masha bicolore Principe Ranocchio,,doha_column_combined_or_ambiguous_treated_as_milano_returned
MAGAZZINO - PF SS24,75,GN02FSK06YPE24,GN02FSK06YPE24,GN02,,,FSK,Fantasie: personaggi,6 Y,5-6 anni,approved_legend,SS,2024,false,Milano,3,2,0,1,15,4,2.38,,1.16,matched_auto_sku,update_existing_meta,1240,1253,GN02FSK06YPE24,Gonna Masha bicolore Principe Ranocchio,1,1240:1253:Gonna Masha bicolore Principe Ranocchio,,doha_column_combined_or_ambiguous_treated_as_milano_returned
MAGAZZINO - PF SS24,76,GN02FSK08YPE24,GN02FSK08YPE24,GN02,,,FSK,Fantasie: personaggi,8 Y,7-8 anni,approved_legend,SS,2024,false,Milano,3,2,0,1,15,4,2.38,,1.16,matched_auto_sku,update_existing_meta,1240,1254,GN02FSK08YPE24,Gonna Masha bicolore Principe Ranocchio,1,1240:1254:Gonna Masha bicolore Principe Ranocchio,,doha_column_combined_or_ambiguous_treated_as_milano_returned
MAGAZZINO - PF SS24,78,GN02GFR01YPE24,GN02GFR01YPE24,GN02,,,GFR,Fantasie: animali,1 Y,1 anno,approved_legend,SS,2024,false,Milano,3,2,0,1,15,3.96,0.78,,1.16,matched_auto_sku,update_existing_meta,1195,1233,GN02GFR01YPE24,Gonna Masha bicolore Giraffe,1,1195:1233:Gonna Masha bicolore Giraffe,,doha_column_combined_or_ambiguous_treated_as_milano_returned
MAGAZZINO - PF SS24,79,GN02GFR02YPE24,GN02GFR02YPE24,GN02,,,GFR,Fantasie: animali,2 Y,2 anni,approved_legend,SS,2024,false,Milano,2,1,0,1,15,3.96,0.78,,1.16,matched_auto_sku,update_existing_meta,1195,1234,GN02GFR02YPE24,Gonna Masha bicolore Giraffe,1,1195:1234:Gonna Masha bicolore Giraffe,,doha_column_combined_or_ambiguous_treated_as_milano_returned
MAGAZZINO - PF SS24,80,GN02GFR04YPE24,GN02GFR04YPE24,GN02,,,GFR,Fantasie: animali,4 Y,3-4 anni,approved_legend,SS,2024,false,Milano,3,2,0,1,15,3.96,0.78,,1.16,matched_auto_sku,update_existing_meta,1195,1236,GN02GFR04YPE24,Gonna Masha bicolore Giraffe,1,1195:1236:Gonna Masha bicolore Giraffe,,doha_column_combined_or_ambiguous_treated_as_milano_returned
MAGAZZINO - PF SS24,81,GN02GFR06YPE24,GN02GFR06YPE24,GN02,,,GFR,Fantasie: animali,6 Y,5-6 anni,approved_legend,SS,2024,false,Milano,1,0,0,1,15,3.96,0.78,,1.16,matched_auto_sku,update_existing_meta,1195,1237,GN02GFR06YPE24,Gonna Masha bicolore Giraffe,1,1195:1237:Gonna Masha bicolore Giraffe,,doha_column_combined_or_ambiguous_treated_as_milano_returned
MAGAZZINO - PF SS24,82,GN02GFR08YPE24,GN02GFR08YPE24,GN02,,,GFR,Fantasie: animali,8 Y,7-8 anni,approved_legend,SS,2024,false,Milano,2,0,0,2,15,3.96,0.78,,1.16,matched_auto_sku,update_existing_meta,1195,1238,GN02GFR08YPE24,Gonna Masha bicolore Giraffe,1,1195:1238:Gonna Masha bicolore Giraffe,,doha_column_combined_or_ambiguous_treated_as_milano_returned
MAGAZZINO - PF SS24,84,MCA02GFR01YPE24,MCA02GFR01YPE24,MCA02,,,GFR,Fantasie: animali,1 Y,1 anno,approved_legend,SS,2024,false,Milano,1,0,0,1,12,5.1,,0.2,1.16,review_multiple_candidates,review_required,,,,,28,4604:4605:Camicia fantasia animali | 4591:4596:Abito Fantasia animali | 4466:Fiocco Personaggi | 4449:Fiocco Fucsia | 4442:Fiocco Fantasia fiori | 4434:Fiocco elefantini | 4430:Fiocco Rapunzel | 4349:Cerchietto fantasia gatti,,doha_column_combined_or_ambiguous_treated_as_milano_returned
MAGAZZINO - PF SS24,85,MCA02GFR02YPE24,MCA02GFR02YPE24,MCA02,,,GFR,Fantasie: animali,2 Y,2 anni,approved_legend,SS,2024,false,Milano,0,0,0,0,12,5.1,,0.2,1.16,review_multiple_candidates,review_required,,,,,33,4604:4606:Camicia fantasia animali | 4591:4597:Abito Fantasia animali | 4466:Fiocco Personaggi | 4449:Fiocco Fucsia | 4442:Fiocco Fantasia fiori | 4434:Fiocco elefantini | 4430:Fiocco Rapunzel | 4349:Cerchietto fantasia gatti,,doha_column_combined_or_ambiguous_treated_as_milano_returned
MAGAZZINO - PF SS24,86,MCA02GFR04YPE24,MCA02GFR04YPE24,MCA02,,,GFR,Fantasie: animali,4 Y,3-4 anni,approved_legend,SS,2024,false,Milano,0,0,0,0,12,5.1,,0.2,1.16,review_multiple_candidates,review_required,,,,,42,4604:4607:Camicia fantasia animali | 4591:4598:Abito Fantasia animali | 4466:Fiocco Personaggi | 4449:Fiocco Fucsia | 4442:Fiocco Fantasia fiori | 4434:Fiocco elefantini | 4430:Fiocco Rapunzel | 4349:Cerchietto fantasia gatti,,doha_column_combined_or_ambiguous_treated_as_milano_returned
MAGAZZINO - PF SS24,87,MCA02GFR06YPE24,MCA02GFR06YPE24,MCA02,,,GFR,Fantasie: animali,6 Y,5-6 anni,approved_legend,SS,2024,false,Milano,1,0,0,1,12,5.1,,0.2,1.16,review_multiple_candidates,review_required,,,,,25,4604:4608:Camicia fantasia animali | 4591:4599:Abito Fantasia animali | 4466:Fiocco Personaggi | 4449:Fiocco Fucsia | 4442:Fiocco Fantasia fiori | 4434:Fiocco elefantini | 4430:Fiocco Rapunzel | 4349:Cerchietto fantasia gatti,,doha_column_combined_or_ambiguous_treated_as_milano_returned
MAGAZZINO - PF SS24,88,MCA02GFR08YPE24,MCA02GFR08YPE24,MCA02,,,GFR,Fantasie: animali,8 Y,7-8 anni,approved_legend,SS,2024,false,Milano,1,0,0,1,12,5.1,,0.2,1.16,review_multiple_candidates,review_required,,,,,24,4604:4609:Camicia fantasia animali | 4591:4600:Abito Fantasia animali | 4466:Fiocco Personaggi | 4449:Fiocco Fucsia | 4442:Fiocco Fantasia fiori | 4434:Fiocco elefantini | 4430:Fiocco Rapunzel | 4349:Cerchietto fantasia gatti,,doha_column_combined_or_ambiguous_treated_as_milano_returned
MAGAZZINO - PF SS24,90,MCA02FKS01YPE24,MCA02FKS01YPE24,MCA02,,,FKS,Fantasie: natura,1 Y,1 anno,approved_legend,SS,2024,false,Milano,1,0,0,1,12,4,,0.2,1.16,review_multiple_candidates,review_required,,,,,23,4466:Fiocco Personaggi | 4449:Fiocco Fucsia | 4442:Fiocco Fantasia fiori | 4434:Fiocco elefantini | 4430:Fiocco Rapunzel | 4405:Scrunchies in cotone - Fantasie: natura | 4349:Cerchietto fantasia gatti | 2038:2046:Top double-face fantasia marina,,doha_column_combined_or_ambiguous_treated_as_milano_returned
MAGAZZINO - PF SS24,91,MCA02FKS02YPE24,MCA02FKS02YPE24,MCA02,,,FKS,Fantasie: natura,2 Y,2 anni,approved_legend,SS,2024,false,Milano,1,0,0,1,12,4,,0.2,1.16,review_multiple_candidates,review_required,,,,,29,4466:Fiocco Personaggi | 4449:Fiocco Fucsia | 4442:Fiocco Fantasia fiori | 4434:Fiocco elefantini | 4430:Fiocco Rapunzel | 4405:Scrunchies in cotone - Fantasie: natura | 4349:Cerchietto fantasia gatti | 2038:2047:Top double-face fantasia marina,,doha_column_combined_or_ambiguous_treated_as_milano_returned
MAGAZZINO - PF SS24,92,MCA02FKS04YPE24,MCA02FKS04YPE24,MCA02,,,FKS,Fantasie: natura,4 Y,3-4 anni,approved_legend,SS,2024,false,Milano,1,0,0,1,12,4,,0.2,1.16,review_multiple_candidates,review_required,,,,,35,4466:Fiocco Personaggi | 4449:Fiocco Fucsia | 4442:Fiocco Fantasia fiori | 4434:Fiocco elefantini | 4430:Fiocco Rapunzel | 4405:Scrunchies in cotone - Fantasie: natura | 4349:Cerchietto fantasia gatti | 2038:2049:Top double-face fantasia marina,,doha_column_combined_or_ambiguous_treated_as_milano_returned
MAGAZZINO - PF SS24,93,MCA02FKS06YPE24,MCA02FKS06YPE24,MCA02,,,FKS,Fantasie: natura,6 Y,5-6 anni,approved_legend,SS,2024,false,Milano,1,0,0,1,12,4,,0.2,1.16,review_multiple_candidates,review_required,,,,,21,4466:Fiocco Personaggi | 4449:Fiocco Fucsia | 4442:Fiocco Fantasia fiori | 4434:Fiocco elefantini | 4430:Fiocco Rapunzel | 4405:Scrunchies in cotone - Fantasie: natura | 4349:Cerchietto fantasia gatti | 1972:1996:Pantalone Cropped in Gabardina,,doha_column_combined_or_ambiguous_treated_as_milano_returned
MAGAZZINO - PF SS24,94,MCA02FKS08YPE24,MCA02FKS08YPE24,MCA02,,,FKS,Fantasie: natura,8 Y,7-8 anni,approved_legend,SS,2024,false,Milano,1,0,0,1,12,4,,0.2,1.16,review_multiple_candidates,review_required,,,,,20,4466:Fiocco Personaggi | 4449:Fiocco Fucsia | 4442:Fiocco Fantasia fiori | 4434:Fiocco elefantini | 4430:Fiocco Rapunzel | 4405:Scrunchies in cotone - Fantasie: natura | 4349:Cerchietto fantasia gatti | 1968:1987:Abito smanicato Fantasia,,doha_column_combined_or_ambiguous_treated_as_milano_returned
MAGAZZINO - PF SS24,96,MCA02CHD01PE24,MCA02CHD01PE24,MCA02,,,CHD,Giallo e ocra,1 Y,1 anno,approved_legend,SS,2024,false,Milano,3,2,0,1,12,6.56,,0.2,1.16,matched_auto_sku,update_existing_meta,1423,1464,MCA02CHD01PE24,Camicia Masha manica scampanata,1,1423:1464:Camicia Masha manica scampanata,,doha_column_combined_or_ambiguous_treated_as_milano_returned
MAGAZZINO - PF SS24,97,MCA02CHD02PE24,MCA02CHD02PE24,MCA02,,,CHD,Giallo e ocra,2 Y,2 anni,approved_legend,SS,2024,false,Milano,2,2,0,0,12,6.56,,0.2,1.16,matched_auto_sku,update_existing_meta,1423,1465,MCA02CHD02PE24,Camicia Masha manica scampanata,1,1423:1465:Camicia Masha manica scampanata,,doha_column_combined_or_ambiguous_treated_as_milano_returned
MAGAZZINO - PF SS24,98,MCA02CHD04PE24,MCA02CHD04PE24,MCA02,,,CHD,Giallo e ocra,4 Y,3-4 anni,approved_legend,SS,2024,false,Milano,1,1,0,0,12,6.56,,0.2,1.16,matched_auto_sku,update_existing_meta,1423,1467,MCA02CHD04PE24,Camicia Masha manica scampanata,1,1423:1467:Camicia Masha manica scampanata,,doha_column_combined_or_ambiguous_treated_as_milano_returned
MAGAZZINO - PF SS24,99,MCA02CHD06PE24,MCA02CHD06PE24,MCA02,,,CHD,Giallo e ocra,6 Y,5-6 anni,approved_legend,SS,2024,false,Milano,2,2,0,0,12,6.56,,0.2,1.16,matched_auto_sku,update_existing_meta,1423,1468,MCA02CHD06PE24,Camicia Masha manica scampanata,1,1423:1468:Camicia Masha manica scampanata,,doha_column_combined_or_ambiguous_treated_as_milano_returned
MAGAZZINO - PF SS24,100,MCA02CHD08PE24,MCA02CHD08PE24,MCA02,,,CHD,Giallo e ocra,8 Y,7-8 anni,approved_legend,SS,2024,false,Milano,1,1,0,0,12,6.56,,0.2,1.16,matched_auto_sku,update_existing_meta,1423,1469,MCA02CHD08PE24,Camicia Masha manica scampanata,1,1423:1469:Camicia Masha manica scampanata,,doha_column_combined_or_ambiguous_treated_as_milano_returned
MAGAZZINO - PF SS24,102,MCA02AMB01YPE24,MCA02AMB01YPE24,MCA02,,,AMB,Rosso e ciliegia,1 Y,1 anno,approved_legend,SS,2024,false,Milano,1,0,0,1,12,6.56,,0.2,1.16,matched_auto_sku,update_existing_meta,1423,1450,MCA02AMB01YPE24,Camicia Masha manica scampanata,1,1423:1450:Camicia Masha manica scampanata,,doha_column_combined_or_ambiguous_treated_as_milano_returned
MAGAZZINO - PF SS24,103,MCA02AMB02YPE24,MCA02AMB02YPE24,MCA02,,,AMB,Rosso e ciliegia,2 Y,2 anni,approved_legend,SS,2024,false,Milano,1,0,0,1,12,6.56,,0.2,1.16,matched_auto_sku,update_existing_meta,1423,1451,MCA02AMB02YPE24,Camicia Masha manica scampanata,1,1423:1451:Camicia Masha manica scampanata,,doha_column_combined_or_ambiguous_treated_as_milano_returned
MAGAZZINO - PF SS24,104,MCA02AMB04YPE24,MCA02AMB04YPE24,MCA02,,,AMB,Rosso e ciliegia,4 Y,3-4 anni,approved_legend,SS,2024,false,Milano,1,0,0,1,12,6.56,,0.2,1.16,matched_auto_sku,update_existing_meta,1423,1453,MCA02AMB04YPE24,Camicia Masha manica scampanata,1,1423:1453:Camicia Masha manica scampanata,,doha_column_combined_or_ambiguous_treated_as_milano_returned
MAGAZZINO - PF SS24,105,MCA02AMB06YPE24,MCA02AMB06YPE24,MCA02,,,AMB,Rosso e ciliegia,6 Y,5-6 anni,approved_legend,SS,2024,false,Milano,1,0,0,1,12,6.56,,0.2,1.16,matched_auto_sku,update_existing_meta,1423,1454,MCA02AMB06YPE24,Camicia Masha manica scampanata,1,1423:1454:Camicia Masha manica scampanata,,doha_column_combined_or_ambiguous_treated_as_milano_returned
MAGAZZINO - PF SS24,106,MCA02AMB08YPE24,MCA02AMB08YPE24,MCA02,,,AMB,Rosso e ciliegia,8 Y,7-8 anni,approved_legend,SS,2024,false,Milano,1,0,0,1,12,6.56,,0.2,1.16,matched_auto_sku,update_existing_meta,1423,1455,MCA02AMB08YPE24,Camicia Masha manica scampanata,1,1423:1455:Camicia Masha manica scampanata,,doha_column_combined_or_ambiguous_treated_as_milano_returned
MAGAZZINO - PF SS24,108,MCA02RED01YPE24,MCA02RED01YPE24,MCA02,,,RED,Rosso e ciliegia,1 Y,1 anno,approved_legend,SS,2024,false,Milano,2,2,0,0,12,1.95,,0.2,1.16,matched_auto_sku,update_existing_meta,1194,1212,MCA02RED01YPE24,Camicia Masha manica corta a sbuffo,1,1194:1212:Camicia Masha manica corta a sbuffo,,doha_column_combined_or_ambiguous_treated_as_milano_returned
MAGAZZINO - PF SS24,109,MCA02RED02YPE24,MCA02RED02YPE24,MCA02,,,RED,Rosso e ciliegia,2 Y,2 anni,approved_legend,SS,2024,false,Milano,2,2,0,0,12,1.95,,0.2,1.16,matched_auto_sku,update_existing_meta,1194,1213,MCA02RED02YPE24,Camicia Masha manica corta a sbuffo,1,1194:1213:Camicia Masha manica corta a sbuffo,,doha_column_combined_or_ambiguous_treated_as_milano_returned
MAGAZZINO - PF SS24,110,MCA02RED04YPE24,MCA02RED04YPE24,MCA02,,,RED,Rosso e ciliegia,4 Y,3-4 anni,approved_legend,SS,2024,false,Milano,0,0,0,0,12,1.95,,0.2,1.16,matched_auto_sku,update_existing_meta,1194,1215,MCA02RED04YPE24,Camicia Masha manica corta a sbuffo,1,1194:1215:Camicia Masha manica corta a sbuffo,,doha_column_combined_or_ambiguous_treated_as_milano_returned
MAGAZZINO - PF SS24,111,MCA02RED06YPE24,MCA02RED06YPE24,MCA02,,,RED,Rosso e ciliegia,6 Y,5-6 anni,approved_legend,SS,2024,false,Milano,2,2,0,0,12,1.95,,0.2,1.16,matched_auto_sku,update_existing_meta,1194,1216,MCA02RED06YPE24,Camicia Masha manica corta a sbuffo,1,1194:1216:Camicia Masha manica corta a sbuffo,,doha_column_combined_or_ambiguous_treated_as_milano_returned
MAGAZZINO - PF SS24,112,MCA02RED08YPE24,MCA02RED08YPE24,MCA02,,,RED,Rosso e ciliegia,8 Y,7-8 anni,approved_legend,SS,2024,false,Milano,1,1,0,0,12,1.95,,0.2,1.16,matched_auto_sku,update_existing_meta,1194,1217,MCA02RED08YPE24,Camicia Masha manica corta a sbuffo,1,1194:1217:Camicia Masha manica corta a sbuffo,,doha_column_combined_or_ambiguous_treated_as_milano_returned
MAGAZZINO - PF SS24,114,MCA02VYC01YPE24,MCA02VYC01YPE24,MCA02,,,VYC,Beige e sabbia,1 Y,1 anno,approved_legend,SS,2024,false,Milano,2,2,0,0,12,4.25,,0.2,1.16,matched_auto_sku,update_existing_meta,1194,3890,MCA02VYC01YPE24,Camicia Masha manica corta a sbuffo,1,1194:3890:Camicia Masha manica corta a sbuffo,,doha_column_combined_or_ambiguous_treated_as_milano_returned
MAGAZZINO - PF SS24,115,MCA02VYC02YPE24,MCA02VYC02YPE24,MCA02,,,VYC,Beige e sabbia,2 Y,2 anni,approved_legend,SS,2024,false,Milano,1,1,0,0,12,4.25,,0.2,1.16,review_multiple_candidates,review_required,,,,,24,4466:Fiocco Personaggi | 4449:Fiocco Fucsia | 4442:Fiocco Fantasia fiori | 4434:Fiocco elefantini | 4430:Fiocco Rapunzel | 4349:Cerchietto fantasia gatti | 2038:2047:Top double-face fantasia marina | 2018:2034:Abito da cerimonia,,doha_column_combined_or_ambiguous_treated_as_milano_returned
MAGAZZINO - PF SS24,116,MCA02VYC04YPE24,MCA02VYC04YPE24,MCA02,,,VYC,Beige e sabbia,4 Y,3-4 anni,approved_legend,SS,2024,false,Milano,1,1,0,0,12,4.25,,0.2,1.16,review_multiple_candidates,review_required,,,,,28,4466:Fiocco Personaggi | 4449:Fiocco Fucsia | 4442:Fiocco Fantasia fiori | 4434:Fiocco elefantini | 4430:Fiocco Rapunzel | 4349:Cerchietto fantasia gatti | 2038:2049:Top double-face fantasia marina | 2038:2048:Top double-face fantasia marina,,doha_column_combined_or_ambiguous_treated_as_milano_returned
MAGAZZINO - PF SS24,117,MCA02VYC06YPE24,MCA02VYC06YPE24,MCA02,,,VYC,Beige e sabbia,6 Y,5-6 anni,approved_legend,SS,2024,false,Milano,0,0,0,0,12,4.25,,0.2,1.16,review_multiple_candidates,review_required,,,,,17,4466:Fiocco Personaggi | 4449:Fiocco Fucsia | 4442:Fiocco Fantasia fiori | 4434:Fiocco elefantini | 4430:Fiocco Rapunzel | 4349:Cerchietto fantasia gatti | 1972:1996:Pantalone Cropped in Gabardina | 1910:1922:Camicia Smanicata fantasia Zebra,,doha_column_combined_or_ambiguous_treated_as_milano_returned
MAGAZZINO - PF SS24,118,MCA02VYC08YPE24,MCA02VYC08YPE24,MCA02,,,VYC,Beige e sabbia,8 Y,7-8 anni,approved_legend,SS,2024,false,Milano,0,0,0,0,12,4.25,,0.2,1.16,review_multiple_candidates,review_required,,,,,16,4466:Fiocco Personaggi | 4449:Fiocco Fucsia | 4442:Fiocco Fantasia fiori | 4434:Fiocco elefantini | 4430:Fiocco Rapunzel | 4349:Cerchietto fantasia gatti | 1910:1923:Camicia Smanicata fantasia Zebra | 1303:Giacca in Denim,,doha_column_combined_or_ambiguous_treated_as_milano_returned
MAGAZZINO - PF SS24,119,POPLINE,POPLINE,,,,ROSE 43 VERHEES popline,Rosa cipria e nude,In ft risultano 10 pz ma abbiamo 11,In ft risultano 10 pz ma abbiamo 11,source,SS,2024,false,Milano,0,0,0,0,,,,,,review_multiple_candidates,review_required,,,,,15,4466:Fiocco Personaggi | 4449:Fiocco Fucsia | 4442:Fiocco Fantasia fiori | 4434:Fiocco elefantini | 4430:Fiocco Rapunzel | 4383:Scrunchies in velluto - Rosa cipria e nude | 4349:Cerchietto fantasia gatti | 1303:Giacca in Denim,,doha_column_combined_or_ambiguous_treated_as_milano_returned
MAGAZZINO - PF SS24,120,MCA02ROS01YPE24,MCA02ROS01YPE24,MCA02,,,ROS,Rosa pastello e antico,1 Y,1 anno,approved_legend,SS,2024,false,Milano,1,1,0,0,12,2.12,,0.2,1.16,matched_auto_sku,update_existing_meta,1194,1219,MCA02ROS01YPE24,Camicia Masha manica corta a sbuffo,1,1194:1219:Camicia Masha manica corta a sbuffo,,doha_column_combined_or_ambiguous_treated_as_milano_returned
MAGAZZINO - PF SS24,121,MCA02ROS02YPE24,MCA02ROS02YPE24,MCA02,,,ROS,Rosa pastello e antico,2 Y,2 anni,approved_legend,SS,2024,false,Milano,2,2,0,0,12,2.12,,0.2,1.16,matched_auto_sku,update_existing_meta,1194,1220,MCA02ROS02YPE24,Camicia Masha manica corta a sbuffo,1,1194:1220:Camicia Masha manica corta a sbuffo,,doha_column_combined_or_ambiguous_treated_as_milano_returned
MAGAZZINO - PF SS24,122,MCA02ROS04YPE24,MCA02ROS04YPE24,MCA02,,,ROS,Rosa pastello e antico,4 Y,3-4 anni,approved_legend,SS,2024,false,Milano,2,2,0,0,12,2.12,,0.2,1.16,matched_auto_sku,update_existing_meta,1194,1222,MCA02ROS04YPE24,Camicia Masha manica corta a sbuffo,1,1194:1222:Camicia Masha manica corta a sbuffo,,doha_column_combined_or_ambiguous_treated_as_milano_returned
MAGAZZINO - PF SS24,123,MCA02ROS06YPE24,MCA02ROS06YPE24,MCA02,,,ROS,Rosa pastello e antico,6 Y,5-6 anni,approved_legend,SS,2024,false,Milano,1,1,0,0,12,2.12,,0.2,1.16,matched_auto_sku,update_existing_meta,1194,1223,MCA02ROS06YPE24,Camicia Masha manica corta a sbuffo,1,1194:1223:Camicia Masha manica corta a sbuffo,,doha_column_combined_or_ambiguous_treated_as_milano_returned
MAGAZZINO - PF SS24,124,MCA02ROS08YPE24,MCA02ROS08YPE24,MCA02,,,ROS,Rosa pastello e antico,8 Y,7-8 anni,approved_legend,SS,2024,false,Milano,1,1,0,0,12,2.12,,0.2,1.16,matched_auto_sku,update_existing_meta,1194,1224,MCA02ROS08YPE24,Camicia Masha manica corta a sbuffo,1,1194:1224:Camicia Masha manica corta a sbuffo,,doha_column_combined_or_ambiguous_treated_as_milano_returned
MAGAZZINO - PF SS24,125,POPLINE,POPLINE-2,,,,Voile Bianco,Bianco puro,scholè,scholè,source,SS,2024,false,Milano,0,0,0,0,,,,,,review_multiple_candidates,review_required,,,,,14,4466:Fiocco Personaggi | 4449:Fiocco Fucsia | 4442:Fiocco Fantasia fiori | 4434:Fiocco elefantini | 4430:Fiocco Rapunzel | 4349:Cerchietto fantasia gatti | 1303:Giacca in Denim | 849:Fiocco Rosa,,doha_column_combined_or_ambiguous_treated_as_milano_returned
MAGAZZINO - PF SS24,126,MCA02WHT01YPE24,MCA02WHT01YPE24,MCA02,,,WHT (NTU),Panna e avorio,1 Y,1 anno,approved_legend,SS,2024,false,Milano,1,1,0,0,12,2.34,,0.2,1.16,review_multiple_candidates,review_required,,,,,34,4466:Fiocco Personaggi | 4449:Fiocco Fucsia | 4442:Fiocco Fantasia fiori | 4434:Fiocco elefantini | 4430:Fiocco Rapunzel | 4412:Scrunchies sfilacciati - Panna e avorio | 4349:Cerchietto fantasia gatti | 4109:4110:Camicia in lino manica corta,,doha_column_combined_or_ambiguous_treated_as_milano_returned
MAGAZZINO - PF SS24,127,MCA02WHT02YPE24,MCA02WHT02YPE24,MCA02,,,WHT (NTU),Panna e avorio,2 Y,2 anni,approved_legend,SS,2024,false,Milano,0,0,0,0,12,2.34,,0.2,1.16,review_multiple_candidates,review_required,,,,,44,4659:4666:Cardigan fatto a mano | 4466:Fiocco Personaggi | 4449:Fiocco Fucsia | 4442:Fiocco Fantasia fiori | 4434:Fiocco elefantini | 4430:Fiocco Rapunzel | 4412:Scrunchies sfilacciati - Panna e avorio | 4349:Cerchietto fantasia gatti,,doha_column_combined_or_ambiguous_treated_as_milano_returned
MAGAZZINO - PF SS24,128,MCA02WHT04YPE24,MCA02WHT04YPE24,MCA02,,,WHT (NTU),Panna e avorio,4 Y,3-4 anni,approved_legend,SS,2024,false,Milano,0,0,0,0,12,2.34,,0.2,1.16,review_multiple_candidates,review_required,,,,,55,4659:4667:Cardigan fatto a mano | 4466:Fiocco Personaggi | 4449:Fiocco Fucsia | 4442:Fiocco Fantasia fiori | 4434:Fiocco elefantini | 4430:Fiocco Rapunzel | 4412:Scrunchies sfilacciati - Panna e avorio | 4349:Cerchietto fantasia gatti,,doha_column_combined_or_ambiguous_treated_as_milano_returned
MAGAZZINO - PF SS24,129,MCA02WHT06YPE24,MCA02WHT06YPE24,MCA02,,,WHT (NTU),Panna e avorio,6 Y,5-6 anni,approved_legend,SS,2024,false,Milano,0,0,0,0,12,2.34,,0.2,1.16,review_multiple_candidates,review_required,,,,,36,4659:4668:Cardigan fatto a mano | 4466:Fiocco Personaggi | 4449:Fiocco Fucsia | 4442:Fiocco Fantasia fiori | 4434:Fiocco elefantini | 4430:Fiocco Rapunzel | 4412:Scrunchies sfilacciati - Panna e avorio | 4349:Cerchietto fantasia gatti,,doha_column_combined_or_ambiguous_treated_as_milano_returned
MAGAZZINO - PF SS24,130,MCA02WHT08YPE24,MCA02WHT08YPE24,MCA02,,,WHT (NTU),Panna e avorio,8 Y,7-8 anni,approved_legend,SS,2024,false,Milano,0,0,0,0,12,2.34,,0.2,1.16,review_multiple_candidates,review_required,,,,,35,4659:4669:Cardigan fatto a mano | 4466:Fiocco Personaggi | 4449:Fiocco Fucsia | 4442:Fiocco Fantasia fiori | 4434:Fiocco elefantini | 4430:Fiocco Rapunzel | 4412:Scrunchies sfilacciati - Panna e avorio | 4349:Cerchietto fantasia gatti,,doha_column_combined_or_ambiguous_treated_as_milano_returned
MAGAZZINO - PF SS24,133,CAM06SPR01YPE24,CAM06SPR01YPE24,CAM06,,,SPR,Azzurro polvere e denim,1 Y,1 anno,approved_legend,SS,2024,false,Milano,2,2,0,0,13,6.4,,0.2,1.16,matched_auto_sku,update_existing_meta,1911,1953,CAM06SPR01YPE24,Camicia alla Coreana in Mussola,1,1911:1953:Camicia alla Coreana in Mussola,,doha_column_combined_or_ambiguous_treated_as_milano_returned
MAGAZZINO - PF SS24,134,CAM06SPR02YPE24,CAM06SPR02YPE24,CAM06,,,SPR,Azzurro polvere e denim,2 Y,2 anni,approved_legend,SS,2024,false,Milano,1,1,0,0,13,6.4,,0.2,1.16,matched_auto_sku,update_existing_meta,1911,1954,CAM06SPR02YPE24,Camicia alla Coreana in Mussola,1,1911:1954:Camicia alla Coreana in Mussola,,doha_column_combined_or_ambiguous_treated_as_milano_returned
MAGAZZINO - PF SS24,135,CAM06SPR04YPE24,CAM06SPR04YPE24,CAM06,,,SPR,Azzurro polvere e denim,4 Y,3-4 anni,approved_legend,SS,2024,false,Milano,0,0,0,0,13,6.4,,0.2,1.16,matched_auto_sku,update_existing_meta,1911,1956,CAM06SPR04YPE24,Camicia alla Coreana in Mussola,1,1911:1956:Camicia alla Coreana in Mussola,,doha_column_combined_or_ambiguous_treated_as_milano_returned
MAGAZZINO - PF SS24,136,CAM06SPR06YPE24,CAM06SPR06YPE24,CAM06,,,SPR,Azzurro polvere e denim,6 Y,5-6 anni,approved_legend,SS,2024,false,Milano,0,0,0,0,13,6.4,,0.2,1.16,review_multiple_candidates,review_required,,,,,28,4645:4648:Pantalone denim | 4503:4507:Abito Anjeliy Smanicato in velluto | 4466:Fiocco Personaggi | 4449:Fiocco Fucsia | 4442:Fiocco Fantasia fiori | 4434:Fiocco elefantini | 4430:Fiocco Rapunzel | 4415:Scrunchies sfilacciati - Azzurro polvere e denim,,doha_column_combined_or_ambiguous_treated_as_milano_returned
MAGAZZINO - PF SS24,137,CAM06SPR08YPE24,CAM06SPR08YPE24,CAM06,,,SPR,Azzurro polvere e denim,8 Y,7-8 anni,approved_legend,SS,2024,false,Milano,0,0,0,0,13,6.4,,0.2,1.16,review_multiple_candidates,review_required,,,,,27,4645:4649:Pantalone denim | 4503:4508:Abito Anjeliy Smanicato in velluto | 4466:Fiocco Personaggi | 4449:Fiocco Fucsia | 4442:Fiocco Fantasia fiori | 4434:Fiocco elefantini | 4430:Fiocco Rapunzel | 4415:Scrunchies sfilacciati - Azzurro polvere e denim,,doha_column_combined_or_ambiguous_treated_as_milano_returned
MAGAZZINO - PF SS24,139,CAM06CHD01YPE24,CAM06CHD01YPE24,CAM06,,,CHD,Giallo e ocra,1 Y,1 anno,approved_legend,SS,2024,false,Milano,2,2,0,0,13,5.7,,0.2,1.16,matched_auto_sku,update_existing_meta,1911,1945,CAM06CHD01YPE24,Camicia alla Coreana in Mussola,1,1911:1945:Camicia alla Coreana in Mussola,,doha_column_combined_or_ambiguous_treated_as_milano_returned
MAGAZZINO - PF SS24,140,CAM06CHD02YPE24,CAM06CHD02YPE24,CAM06,,,CHD,Giallo e ocra,2 Y,2 anni,approved_legend,SS,2024,false,Milano,0,0,0,0,13,5.7,,0.2,1.16,matched_auto_sku,update_existing_meta,1911,1946,CAM06CHD02YPE24,Camicia alla Coreana in Mussola,1,1911:1946:Camicia alla Coreana in Mussola,,doha_column_combined_or_ambiguous_treated_as_milano_returned
MAGAZZINO - PF SS24,141,CAM06CHD04YPE24,CAM06CHD04YPE24,CAM06,,,CHD,Giallo e ocra,4 Y,3-4 anni,approved_legend,SS,2024,false,Milano,1,1,0,0,13,5.7,,0.2,1.16,matched_auto_sku,update_existing_meta,1911,1948,CAM06CHD04YPE24,Camicia alla Coreana in Mussola,1,1911:1948:Camicia alla Coreana in Mussola,,doha_column_combined_or_ambiguous_treated_as_milano_returned
MAGAZZINO - PF SS24,142,CAM06CHD06YPE24,CAM06CHD06YPE24,CAM06,,,CHD,Giallo e ocra,6 Y,5-6 anni,approved_legend,SS,2024,false,Milano,2,2,0,0,13,5.7,,0.2,1.16,matched_auto_sku,update_existing_meta,1911,1949,CAM06CHD06YPE24,Camicia alla Coreana in Mussola,1,1911:1949:Camicia alla Coreana in Mussola,,doha_column_combined_or_ambiguous_treated_as_milano_returned
MAGAZZINO - PF SS24,143,CAM06CHD08YPE24,CAM06CHD08YPE24,CAM06,,,CHD,Giallo e ocra,8 Y,7-8 anni,approved_legend,SS,2024,false,Milano,1,1,0,0,13,5.7,,0.2,1.16,matched_auto_sku,update_existing_meta,1911,1950,CAM06CHD08YPE24,Camicia alla Coreana in Mussola,1,1911:1950:Camicia alla Coreana in Mussola,,doha_column_combined_or_ambiguous_treated_as_milano_returned
MAGAZZINO - PF SS24,145,CAM06WHT01YPE24,CAM06WHT01YPE24,CAM06,,,WHT,Bianco puro,1 Y,1 anno,approved_legend,SS,2024,false,Milano,1,1,0,0,13,4.92,,0.2,1.16,matched_auto_sku,update_existing_meta,1911,3190,CAM06WHT01YPE24,Camicia alla Coreana in Mussola,1,1911:3190:Camicia alla Coreana in Mussola,,doha_column_combined_or_ambiguous_treated_as_milano_returned
MAGAZZINO - PF SS24,146,CAM06WHT02YPE24,CAM06WHT02YPE24,CAM06,,,WHT,Bianco puro,2 Y,2 anni,approved_legend,SS,2024,false,Milano,0,0,0,0,13,4.92,,0.2,1.16,review_multiple_candidates,review_required,,,,,27,4466:Fiocco Personaggi | 4449:Fiocco Fucsia | 4442:Fiocco Fantasia fiori | 4434:Fiocco elefantini | 4430:Fiocco Rapunzel | 4349:Cerchietto fantasia gatti | 4011:4016:Pantaloncino Voile Nuovo | 2038:2047:Top double-face fantasia marina,,doha_column_combined_or_ambiguous_treated_as_milano_returned
MAGAZZINO - PF SS24,147,CAM06WHT04YPE24,CAM06WHT04YPE24,CAM06,,,WHT,Bianco puro,4 Y,3-4 anni,approved_legend,SS,2024,false,Milano,1,1,0,0,13,4.92,,0.2,1.16,review_multiple_candidates,review_required,,,,,31,4466:Fiocco Personaggi | 4449:Fiocco Fucsia | 4442:Fiocco Fantasia fiori | 4434:Fiocco elefantini | 4430:Fiocco Rapunzel | 4349:Cerchietto fantasia gatti | 4011:4017:Pantaloncino Voile Nuovo | 2038:2049:Top double-face fantasia marina,,doha_column_combined_or_ambiguous_treated_as_milano_returned
MAGAZZINO - PF SS24,148,CAM06WHT06YPE24,CAM06WHT06YPE24,CAM06,,,WHT,Bianco puro,6 Y,5-6 anni,approved_legend,SS,2024,false,Milano,1,1,0,0,13,4.92,,0.2,1.16,matched_auto_sku,update_existing_meta,1911,3191,CAM06WHT06YPE24,Camicia alla Coreana in Mussola,1,1911:3191:Camicia alla Coreana in Mussola,,doha_column_combined_or_ambiguous_treated_as_milano_returned
MAGAZZINO - PF SS24,149,CAM06WHT08YPE24,CAM06WHT08YPE24,CAM06,,,WHT,Bianco puro,8 Y,7-8 anni,approved_legend,SS,2024,false,Milano,1,1,0,0,13,4.92,,0.2,1.16,review_multiple_candidates,review_required,,,,,18,4466:Fiocco Personaggi | 4449:Fiocco Fucsia | 4442:Fiocco Fantasia fiori | 4434:Fiocco elefantini | 4430:Fiocco Rapunzel | 4349:Cerchietto fantasia gatti | 4011:4019:Pantaloncino Voile Nuovo | 1910:1923:Camicia Smanicata fantasia Zebra,,doha_column_combined_or_ambiguous_treated_as_milano_returned
MAGAZZINO - PF SS24,151,CAM06GFR01YPE24,CAM06GFR01YPE24,CAM06,,,GFR,Fantasie: animali,1 Y,1 anno,approved_legend,SS,2024,false,Milano,0,0,0,0,13,6.8,,0.2,1.16,matched_auto_sku,update_existing_meta,953,968,CAM06GFR01YPE24,Camicia manica corta Giraffe,1,953:968:Camicia manica corta Giraffe,,doha_column_combined_or_ambiguous_treated_as_milano_returned
MAGAZZINO - PF SS24,152,CAM06GFR02YPE24,CAM06GFR02YPE24,CAM06,,,GFR,Fantasie: animali,2 Y,2 anni,approved_legend,SS,2024,false,Milano,1,1,0,0,13,6.8,,0.2,1.16,matched_auto_sku,update_existing_meta,953,969,CAM06GFR02YPE24,Camicia manica corta Giraffe,1,953:969:Camicia manica corta Giraffe,,doha_column_combined_or_ambiguous_treated_as_milano_returned
MAGAZZINO - PF SS24,153,CAM06GFR04YPE24,CAM06GFR04YPE24,CAM06,,,GFR,Fantasie: animali,4 Y,3-4 anni,approved_legend,SS,2024,false,Milano,1,0,0,1,13,6.8,,0.2,1.16,matched_auto_sku,update_existing_meta,953,971,CAM06GFR04YPE24,Camicia manica corta Giraffe,1,953:971:Camicia manica corta Giraffe,,doha_column_combined_or_ambiguous_treated_as_milano_returned
MAGAZZINO - PF SS24,154,CAM06GFR06YPE24,CAM06GFR06YPE24,CAM06,,,GFR,Fantasie: animali,6 Y,5-6 anni,approved_legend,SS,2024,false,Milano,1,0,0,1,13,6.8,,0.2,1.16,matched_auto_sku,update_existing_meta,953,972,CAM06GFR06YPE24,Camicia manica corta Giraffe,1,953:972:Camicia manica corta Giraffe,,doha_column_combined_or_ambiguous_treated_as_milano_returned
MAGAZZINO - PF SS24,155,CAM06GFR08YPE24,CAM06GFR08YPE24,CAM06,,,GFR,Fantasie: animali,8Y,7-8 anni,approved_legend,SS,2024,false,Milano,1,1,0,0,13,6.8,,0.2,1.16,matched_auto_sku,update_existing_meta,953,973,CAM06GFR08YPE24,Camicia manica corta Giraffe,1,953:973:Camicia manica corta Giraffe,,doha_column_combined_or_ambiguous_treated_as_milano_returned
MAGAZZINO - PF SS24,157,CAM07GFR02YPE24,CAM07GFR02YPE24,CAM07,,,GFR,Fantasie: animali,2 Y,2 anni,approved_legend,SS,2024,false,Milano,0,0,0,0,13,5.6,,0.2,1.16,review_multiple_candidates,review_required,,,,,33,4604:4606:Camicia fantasia animali | 4591:4597:Abito Fantasia animali | 4466:Fiocco Personaggi | 4449:Fiocco Fucsia | 4442:Fiocco Fantasia fiori | 4434:Fiocco elefantini | 4430:Fiocco Rapunzel | 4349:Cerchietto fantasia gatti,,doha_column_combined_or_ambiguous_treated_as_milano_returned
MAGAZZINO - PF SS24,158,CAM07GFR04YPE24,CAM07GFR04YPE24,CAM07,,,GFR,Fantasie: animali,4 Y,3-4 anni,approved_legend,SS,2024,false,Milano,1,1,0,0,13,5.6,,0.2,1.16,review_multiple_candidates,review_required,,,,,42,4604:4607:Camicia fantasia animali | 4591:4598:Abito Fantasia animali | 4466:Fiocco Personaggi | 4449:Fiocco Fucsia | 4442:Fiocco Fantasia fiori | 4434:Fiocco elefantini | 4430:Fiocco Rapunzel | 4349:Cerchietto fantasia gatti,,doha_column_combined_or_ambiguous_treated_as_milano_returned
MAGAZZINO - PF SS24,159,CAM07GFR06YPE24,CAM07GFR06YPE24,CAM07,,,GFR,Fantasie: animali,6 Y,5-6 anni,approved_legend,SS,2024,false,Milano,1,1,0,0,13,5.6,,0.2,1.16,review_multiple_candidates,review_required,,,,,25,4604:4608:Camicia fantasia animali | 4591:4599:Abito Fantasia animali | 4466:Fiocco Personaggi | 4449:Fiocco Fucsia | 4442:Fiocco Fantasia fiori | 4434:Fiocco elefantini | 4430:Fiocco Rapunzel | 4349:Cerchietto fantasia gatti,,doha_column_combined_or_ambiguous_treated_as_milano_returned
MAGAZZINO - PF SS24,160,CAM07GFR08YPE24,CAM07GFR08YPE24,CAM07,,,GFR,Fantasie: animali,8 Y,7-8 anni,approved_legend,SS,2024,false,Milano,0,0,0,0,13,5.6,,0.2,1.16,review_multiple_candidates,review_required,,,,,24,4604:4609:Camicia fantasia animali | 4591:4600:Abito Fantasia animali | 4466:Fiocco Personaggi | 4449:Fiocco Fucsia | 4442:Fiocco Fantasia fiori | 4434:Fiocco elefantini | 4430:Fiocco Rapunzel | 4349:Cerchietto fantasia gatti,,doha_column_combined_or_ambiguous_treated_as_milano_returned
MAGAZZINO - PF SS24,161,CAM07GFR10YPE24,CAM07GFR10YPE24,CAM07,,,GFR,Fantasie: animali,10 Y,9-10 anni,approved_legend,SS,2024,false,Milano,4,4,0,0,13,5.6,,0.2,1.16,review_multiple_candidates,review_required,,,,,18,4604:4610:Camicia fantasia animali | 4591:4601:Abito Fantasia animali | 4466:Fiocco Personaggi | 4449:Fiocco Fucsia | 4442:Fiocco Fantasia fiori | 4434:Fiocco elefantini | 4430:Fiocco Rapunzel | 4349:Cerchietto fantasia gatti,,doha_column_combined_or_ambiguous_treated_as_milano_returned
MAGAZZINO - PF SS24,163,CAM08SPR06YPE24,CAM08SPR06YPE24,CAM06,,,SPR,Azzurro polvere e denim,6Y,5-6 anni,approved_legend,SS,2024,false,Milano,0,0,0,0,13,6.4,,0.2,1.16,matched_auto_sku,update_existing_meta,1911,1957,CAM08SPR06YPE24,Camicia alla Coreana in Mussola,1,1911:1957:Camicia alla Coreana in Mussola,,doha_column_combined_or_ambiguous_treated_as_milano_returned
MAGAZZINO - PF SS24,164,CAM08SPR08YPE24,CAM08SPR08YPE24,CAM06,,,SPR,Azzurro polvere e denim,8Y,7-8 anni,approved_legend,SS,2024,false,Milano,2,1,0,1,13,6.4,,0.2,1.16,matched_auto_sku,update_existing_meta,1911,1958,CAM08SPR08YPE24,Camicia alla Coreana in Mussola,1,1911:1958:Camicia alla Coreana in Mussola,,doha_column_combined_or_ambiguous_treated_as_milano_returned
MAGAZZINO - PF SS24,165,CAM06SPR10YPE24,CAM06SPR10YPE24,CAM06,,,SPR,Azzurro polvere e denim,10Y,9-10 anni,approved_legend,SS,2024,false,Milano,2,1,0,1,13,6.4,,0.2,1.16,matched_auto_sku,update_existing_meta,1911,1959,CAM06SPR10YPE24,Camicia alla Coreana in Mussola,1,1911:1959:Camicia alla Coreana in Mussola,,doha_column_combined_or_ambiguous_treated_as_milano_returned
MAGAZZINO - PF SS24,167,CAM08WHT01YPE24,CAM08WHT01YPE24,CAM05,,,WHT,Bianco puro,1 Y,1 anno,approved_legend,SS,2024,false,Milano,1,1,0,0,13,9.69,,0.2,1.16,review_multiple_candidates,review_required,,,,,21,4466:Fiocco Personaggi | 4449:Fiocco Fucsia | 4442:Fiocco Fantasia fiori | 4434:Fiocco elefantini | 4430:Fiocco Rapunzel | 4349:Cerchietto fantasia gatti | 4011:4015:Pantaloncino Voile Nuovo | 2038:2046:Top double-face fantasia marina,,doha_column_combined_or_ambiguous_treated_as_milano_returned
MAGAZZINO - PF SS24,168,CAM08WHT02YPE24,CAM08WHT02YPE24,CAM05,,,WHT,Bianco puro,2 Y,2 anni,approved_legend,SS,2024,false,Milano,0,0,0,0,13,9.69,,0.2,1.16,review_multiple_candidates,review_required,,,,,27,4466:Fiocco Personaggi | 4449:Fiocco Fucsia | 4442:Fiocco Fantasia fiori | 4434:Fiocco elefantini | 4430:Fiocco Rapunzel | 4349:Cerchietto fantasia gatti | 4011:4016:Pantaloncino Voile Nuovo | 2038:2047:Top double-face fantasia marina,,doha_column_combined_or_ambiguous_treated_as_milano_returned
MAGAZZINO - PF SS24,169,CAM08WHT04YPE24,CAM08WHT04YPE24,CAM05,,,WHT,Bianco puro,4 Y,3-4 anni,approved_legend,SS,2024,false,Milano,0,0,0,0,13,9.69,,0.2,1.16,review_multiple_candidates,review_required,,,,,31,4466:Fiocco Personaggi | 4449:Fiocco Fucsia | 4442:Fiocco Fantasia fiori | 4434:Fiocco elefantini | 4430:Fiocco Rapunzel | 4349:Cerchietto fantasia gatti | 4011:4017:Pantaloncino Voile Nuovo | 2038:2049:Top double-face fantasia marina,,doha_column_combined_or_ambiguous_treated_as_milano_returned
MAGAZZINO - PF SS24,170,CAM08WHT06YPE24,CAM08WHT06YPE24,CAM05,,,WHT,Bianco puro,6 Y,5-6 anni,approved_legend,SS,2024,false,Milano,0,0,0,0,13,9.69,,0.2,1.16,review_multiple_candidates,review_required,,,,,20,4466:Fiocco Personaggi | 4449:Fiocco Fucsia | 4442:Fiocco Fantasia fiori | 4434:Fiocco elefantini | 4430:Fiocco Rapunzel | 4349:Cerchietto fantasia gatti | 4011:4018:Pantaloncino Voile Nuovo | 1972:1996:Pantalone Cropped in Gabardina,,doha_column_combined_or_ambiguous_treated_as_milano_returned
MAGAZZINO - PF SS24,171,CAM08WHT08YPE24,CAM08WHT08YPE24,CAM05,,,WHT,Bianco puro,8 Y,7-8 anni,approved_legend,SS,2024,false,Milano,0,0,0,0,13,9.69,,0.2,1.16,review_multiple_candidates,review_required,,,,,18,4466:Fiocco Personaggi | 4449:Fiocco Fucsia | 4442:Fiocco Fantasia fiori | 4434:Fiocco elefantini | 4430:Fiocco Rapunzel | 4349:Cerchietto fantasia gatti | 4011:4019:Pantaloncino Voile Nuovo | 1910:1923:Camicia Smanicata fantasia Zebra,,doha_column_combined_or_ambiguous_treated_as_milano_returned
MAGAZZINO - PF SS24,173,PAN09NTU01YPE24,PAN09NTU01YPE24,PAN09,,,VSC (NTU),Panna e avorio,1 Y,1 anno,approved_legend,SS,2024,false,Milano,1,1,0,0,12,1.17,,,1.16,matched_auto_sku,update_existing_meta,3940,3941,PAN09NTU01YPE24,Pantalone Lungo Voile,1,3940:3941:Pantalone Lungo Voile,,doha_column_combined_or_ambiguous_treated_as_milano_returned
MAGAZZINO - PF SS24,174,PAN09NTU02YPE24,PAN09NTU02YPE24,PAN09,,,VSC (NTU),Panna e avorio,2 Y,2 anni,approved_legend,SS,2024,false,Milano,1,1,0,0,12,1.17,,,1.16,matched_auto_sku,update_existing_meta,3940,3942,PAN09NTU02YPE24,Pantalone Lungo Voile,1,3940:3942:Pantalone Lungo Voile,,doha_column_combined_or_ambiguous_treated_as_milano_returned
MAGAZZINO - PF SS24,175,PAN09NTU04YPE24,PAN09NTU04YPE24,PAN09,,,VSC (NTU),Panna e avorio,4 Y,3-4 anni,approved_legend,SS,2024,false,Milano,0,0,0,0,12,1.17,,,1.16,matched_auto_sku,update_existing_meta,3940,3943,PAN09NTU04YPE24,Pantalone Lungo Voile,1,3940:3943:Pantalone Lungo Voile,,doha_column_combined_or_ambiguous_treated_as_milano_returned
MAGAZZINO - PF SS24,176,PAN09NTU06YPE24,PAN09NTU06YPE24,PAN09,,,VSC (NTU),Panna e avorio,6 Y,5-6 anni,approved_legend,SS,2024,false,Milano,1,1,0,0,12,1.17,,,1.16,matched_auto_sku,update_existing_meta,3940,3944,PAN09NTU06YPE24,Pantalone Lungo Voile,1,3940:3944:Pantalone Lungo Voile,,doha_column_combined_or_ambiguous_treated_as_milano_returned
MAGAZZINO - PF SS24,177,PAN09NTU08YPE24,PAN09NTU08YPE24,PAN09,,,VSC (NTU),Panna e avorio,8 Y,7-8 anni,approved_legend,SS,2024,false,Milano,2,2,0,0,12,1.17,,,1.16,matched_auto_sku,update_existing_meta,3940,3945,PAN09NTU08YPE24,Pantalone Lungo Voile,1,3940:3945:Pantalone Lungo Voile,,doha_column_combined_or_ambiguous_treated_as_milano_returned
MAGAZZINO - PF SS24,179,PAN09MSB01YPE24,PAN09MSB01YPE24,PAN09,,,MSB,Marrone e mocha,1 Y,1 anno,approved_legend,SS,2024,false,Milano,1,1,0,0,12,4.25,,,1.16,matched_auto_sku,update_existing_meta,3922,3923,PAN09MSB01YPE24,Pantalone lungo mussola,1,3922:3923:Pantalone lungo mussola,,doha_column_combined_or_ambiguous_treated_as_milano_returned
MAGAZZINO - PF SS24,180,PAN09MSB02YPE24,PAN09MSB02YPE24,PAN09,,,MSB,Marrone e mocha,2 Y,2 anni,approved_legend,SS,2024,false,Milano,1,1,0,0,12,4.25,,,1.16,matched_auto_sku,update_existing_meta,3922,3924,PAN09MSB02YPE24,Pantalone lungo mussola,1,3922:3924:Pantalone lungo mussola,,doha_column_combined_or_ambiguous_treated_as_milano_returned
MAGAZZINO - PF SS24,181,PAN09MSB04YPE24,PAN09MSB04YPE24,PAN09,,,MSB,Marrone e mocha,4 Y,3-4 anni,approved_legend,SS,2024,false,Milano,2,1,0,1,12,4.25,,,1.16,matched_auto_sku,update_existing_meta,3922,3925,PAN09MSB04YPE24,Pantalone lungo mussola,1,3922:3925:Pantalone lungo mussola,,doha_column_combined_or_ambiguous_treated_as_milano_returned
MAGAZZINO - PF SS24,182,PAN09MSB06YPE24,PAN09MSB06YPE24,PAN09,,,MSB,Marrone e mocha,6 Y,5-6 anni,approved_legend,SS,2024,false,Milano,2,2,0,0,12,4.25,,,1.16,matched_auto_sku,update_existing_meta,3922,3926,PAN09MSB06YPE24,Pantalone lungo mussola,1,3922:3926:Pantalone lungo mussola,,doha_column_combined_or_ambiguous_treated_as_milano_returned
MAGAZZINO - PF SS24,183,PAN09MSB08YPE24,PAN09MSB08YPE24,PAN09,,,MSB,Marrone e mocha,8 Y,7-8 anni,approved_legend,SS,2024,false,Milano,1,1,0,0,12,4.25,,,1.16,matched_auto_sku,update_existing_meta,3922,3927,PAN09MSB08YPE24,Pantalone lungo mussola,1,3922:3927:Pantalone lungo mussola,,doha_column_combined_or_ambiguous_treated_as_milano_returned
MAGAZZINO - PF SS24,185,PAN09GFR01YPE24,PAN09GFR01YPE24,PAN09,,,GFR,Fantasie: animali,1 Y,1 anno,approved_legend,SS,2024,false,Milano,1,1,0,0,12,5.1,,,1.16,matched_auto_sku,update_existing_meta,1870,1902,PAN09GFR01YPE24,Pantalone Cropped in Popeline Giraffe,1,1870:1902:Pantalone Cropped in Popeline Giraffe,,doha_column_combined_or_ambiguous_treated_as_milano_returned
MAGAZZINO - PF SS24,186,PAN09GFR02YPE24,PAN09GFR02YPE24,PAN09,,,GFR,Fantasie: animali,2 Y,2 anni,approved_legend,SS,2024,false,Milano,1,1,0,0,12,5.1,,,1.16,matched_auto_sku,update_existing_meta,1870,1903,PAN09GFR02YPE24,Pantalone Cropped in Popeline Giraffe,1,1870:1903:Pantalone Cropped in Popeline Giraffe,,doha_column_combined_or_ambiguous_treated_as_milano_returned
MAGAZZINO - PF SS24,187,PAN09GFR04YPE24,PAN09GFR04YPE24,PAN09,,,GFR,Fantasie: animali,4 Y,3-4 anni,approved_legend,SS,2024,false,Milano,0,0,0,0,12,5.1,,,1.16,matched_auto_sku,update_existing_meta,1870,1905,PAN09GFR04YPE24,Pantalone Cropped in Popeline Giraffe,1,1870:1905:Pantalone Cropped in Popeline Giraffe,,doha_column_combined_or_ambiguous_treated_as_milano_returned
MAGAZZINO - PF SS24,188,PAN09GFR06YPE24,PAN09GFR06YPE24,PAN09,,,GFR,Fantasie: animali,6 Y,5-6 anni,approved_legend,SS,2024,false,Milano,1,1,0,0,12,5.1,,,1.16,matched_auto_sku,update_existing_meta,1870,1906,PAN09GFR06YPE24,Pantalone Cropped in Popeline Giraffe,1,1870:1906:Pantalone Cropped in Popeline Giraffe,,doha_column_combined_or_ambiguous_treated_as_milano_returned
MAGAZZINO - PF SS24,189,PAN09GFR08YPE24,PAN09GFR08YPE24,PAN09,,,GFR,Fantasie: animali,8 Y,7-8 anni,approved_legend,SS,2024,false,Milano,2,2,0,0,12,5.1,,,1.16,matched_auto_sku,update_existing_meta,1870,1907,PAN09GFR08YPE24,Pantalone Cropped in Popeline Giraffe,1,1870:1907:Pantalone Cropped in Popeline Giraffe,,doha_column_combined_or_ambiguous_treated_as_milano_returned
MAGAZZINO - PF SS24,191,PAN06DEN02PE24,PAN06DEN02PE24,PAN06,,,DEN,Azzurro polvere e denim,2 Y,2 anni,approved_legend,SS,2024,false,Milano,0,0,0,0,12,3.92,,,1.16,review_multiple_candidates,review_required,,,,,41,4645:4646:Pantalone denim | 4503:4505:Abito Anjeliy Smanicato in velluto | 4466:Fiocco Personaggi | 4449:Fiocco Fucsia | 4442:Fiocco Fantasia fiori | 4434:Fiocco elefantini | 4430:Fiocco Rapunzel | 4415:Scrunchies sfilacciati - Azzurro polvere e denim,,doha_column_combined_or_ambiguous_treated_as_milano_returned
MAGAZZINO - PF SS24,192,PAN06DEN04PE24,PAN06DEN04PE24,PAN06,,,DEN,Azzurro polvere e denim,4 Y,3-4 anni,approved_legend,SS,2024,false,Milano,0,0,0,0,12,3.92,,,1.16,review_multiple_candidates,review_required,,,,,47,4645:4647:Pantalone denim | 4503:4506:Abito Anjeliy Smanicato in velluto | 4466:Fiocco Personaggi | 4449:Fiocco Fucsia | 4442:Fiocco Fantasia fiori | 4434:Fiocco elefantini | 4430:Fiocco Rapunzel | 4415:Scrunchies sfilacciati - Azzurro polvere e denim,,doha_column_combined_or_ambiguous_treated_as_milano_returned
MAGAZZINO - PF SS24,193,PAN06DEN06PE24,PAN06DEN06PE24,PAN06,,,DEN,Azzurro polvere e denim,6 Y,5-6 anni,approved_legend,SS,2024,false,Milano,0,0,0,0,12,3.92,,,1.16,review_multiple_candidates,review_required,,,,,28,4645:4648:Pantalone denim | 4503:4507:Abito Anjeliy Smanicato in velluto | 4466:Fiocco Personaggi | 4449:Fiocco Fucsia | 4442:Fiocco Fantasia fiori | 4434:Fiocco elefantini | 4430:Fiocco Rapunzel | 4415:Scrunchies sfilacciati - Azzurro polvere e denim,,doha_column_combined_or_ambiguous_treated_as_milano_returned
MAGAZZINO - PF SS24,194,PAN06DEN08PE24,PAN06DEN08PE24,PAN06,,,DEN,Azzurro polvere e denim,8 Y,7-8 anni,approved_legend,SS,2024,false,Milano,0,0,0,0,12,3.92,,,1.16,review_multiple_candidates,review_required,,,,,27,4645:4649:Pantalone denim | 4503:4508:Abito Anjeliy Smanicato in velluto | 4466:Fiocco Personaggi | 4449:Fiocco Fucsia | 4442:Fiocco Fantasia fiori | 4434:Fiocco elefantini | 4430:Fiocco Rapunzel | 4415:Scrunchies sfilacciati - Azzurro polvere e denim,,doha_column_combined_or_ambiguous_treated_as_milano_returned
MAGAZZINO - PF SS24,196,PAN10GFR01YPE24,PAN10GFR01YPE24,PAN10,,,GFR,Fantasie: animali,1 Y,1 anno,approved_legend,SS,2024,false,Milano,1,1,0,0,9,3.8,,,1.16,matched_auto_sku,update_existing_meta,3998,3999,PAN10GFR01YPE24,Pantaloncino Giraffe Nuovo,1,3998:3999:Pantaloncino Giraffe Nuovo,,doha_column_combined_or_ambiguous_treated_as_milano_returned
MAGAZZINO - PF SS24,197,PAN10GFR02YPE24,PAN10GFR02YPE24,PAN10,,,GFR,Fantasie: animali,2 Y,2 anni,approved_legend,SS,2024,false,Milano,0,0,0,0,9,3.8,,,1.16,review_multiple_candidates,review_required,,,,,33,4604:4606:Camicia fantasia animali | 4591:4597:Abito Fantasia animali | 4466:Fiocco Personaggi | 4449:Fiocco Fucsia | 4442:Fiocco Fantasia fiori | 4434:Fiocco elefantini | 4430:Fiocco Rapunzel | 4349:Cerchietto fantasia gatti,,doha_column_combined_or_ambiguous_treated_as_milano_returned
MAGAZZINO - PF SS24,198,PAN10GFR04YPE24,PAN10GFR04YPE24,PAN10,,,GFR,Fantasie: animali,4 Y,3-4 anni,approved_legend,SS,2024,false,Milano,0,0,0,0,9,3.8,,,1.16,review_multiple_candidates,review_required,,,,,42,4604:4607:Camicia fantasia animali | 4591:4598:Abito Fantasia animali | 4466:Fiocco Personaggi | 4449:Fiocco Fucsia | 4442:Fiocco Fantasia fiori | 4434:Fiocco elefantini | 4430:Fiocco Rapunzel | 4349:Cerchietto fantasia gatti,,doha_column_combined_or_ambiguous_treated_as_milano_returned
MAGAZZINO - PF SS24,199,PAN10GFR06YPE24,PAN10GFR06YPE24,PAN10,,,GFR,Fantasie: animali,6 Y,5-6 anni,approved_legend,SS,2024,false,Milano,0,0,0,0,9,3.8,,,1.16,review_multiple_candidates,review_required,,,,,25,4604:4608:Camicia fantasia animali | 4591:4599:Abito Fantasia animali | 4466:Fiocco Personaggi | 4449:Fiocco Fucsia | 4442:Fiocco Fantasia fiori | 4434:Fiocco elefantini | 4430:Fiocco Rapunzel | 4349:Cerchietto fantasia gatti,,doha_column_combined_or_ambiguous_treated_as_milano_returned
MAGAZZINO - PF SS24,200,PAN10GFR08YPE24,PAN10GFR08YPE24,PAN10,,,GFR,Fantasie: animali,8 Y,7-8 anni,approved_legend,SS,2024,false,Milano,1,0,0,1,9,3.8,,,1.16,matched_auto_sku,update_existing_meta,3998,4003,PAN10GFR08YPE24,Pantaloncino Giraffe Nuovo,1,3998:4003:Pantaloncino Giraffe Nuovo,,doha_column_combined_or_ambiguous_treated_as_milano_returned
MAGAZZINO - PF SS24,201,IN Rosso non risultano vednuti,IN-ROSSO-NON-RISULTANO-VEDNUTI,,,,PANTALONE VOILE BIANCO,Beige e sabbia,mi risulta 1 pz in più in magazzino tag 1 Y,mi risulta 1 pz in più in magazzino tag 1 Y,source,SS,2024,false,Milano,0,0,0,0,,,,,,review_multiple_candidates,review_required,,,,,14,4466:Fiocco Personaggi | 4449:Fiocco Fucsia | 4442:Fiocco Fantasia fiori | 4434:Fiocco elefantini | 4430:Fiocco Rapunzel | 4349:Cerchietto fantasia gatti | 1303:Giacca in Denim | 849:Fiocco Rosa,,doha_column_combined_or_ambiguous_treated_as_milano_returned
MAGAZZINO - PF SS24,202,PAN10NTU01YPE24,PAN10NTU01YPE24,PAN10,,,WHT (NTU),Panna e avorio,1 Y,1 anno,approved_legend,SS,2024,false,Milano,1,1,0,0,9,1.17,,,1.16,review_multiple_candidates,review_required,,,,,34,4466:Fiocco Personaggi | 4449:Fiocco Fucsia | 4442:Fiocco Fantasia fiori | 4434:Fiocco elefantini | 4430:Fiocco Rapunzel | 4412:Scrunchies sfilacciati - Panna e avorio | 4349:Cerchietto fantasia gatti | 4109:4110:Camicia in lino manica corta,,doha_column_combined_or_ambiguous_treated_as_milano_returned
MAGAZZINO - PF SS24,203,PAN10NTU02YPE24,PAN10NTU02YPE24,PAN10,,,WHT (NTU),Panna e avorio,2 Y,2 anni,approved_legend,SS,2024,false,Milano,1,1,0,0,9,1.17,,,1.16,review_multiple_candidates,review_required,,,,,44,4659:4666:Cardigan fatto a mano | 4466:Fiocco Personaggi | 4449:Fiocco Fucsia | 4442:Fiocco Fantasia fiori | 4434:Fiocco elefantini | 4430:Fiocco Rapunzel | 4412:Scrunchies sfilacciati - Panna e avorio | 4349:Cerchietto fantasia gatti,,doha_column_combined_or_ambiguous_treated_as_milano_returned
MAGAZZINO - PF SS24,204,PAN10NTU04YPE24,PAN10NTU04YPE24,PAN10,,,WHT (NTU),Panna e avorio,4 Y,3-4 anni,approved_legend,SS,2024,false,Milano,1,1,0,0,9,1.17,,,1.16,review_multiple_candidates,review_required,,,,,55,4659:4667:Cardigan fatto a mano | 4466:Fiocco Personaggi | 4449:Fiocco Fucsia | 4442:Fiocco Fantasia fiori | 4434:Fiocco elefantini | 4430:Fiocco Rapunzel | 4412:Scrunchies sfilacciati - Panna e avorio | 4349:Cerchietto fantasia gatti,,doha_column_combined_or_ambiguous_treated_as_milano_returned
MAGAZZINO - PF SS24,205,PAN10NTU06YPE24,PAN10NTU06YPE24,PAN10,,,WHT (NTU),Panna e avorio,6 Y,5-6 anni,approved_legend,SS,2024,false,Milano,2,2,0,0,9,1.17,,,1.16,review_multiple_candidates,review_required,,,,,36,4659:4668:Cardigan fatto a mano | 4466:Fiocco Personaggi | 4449:Fiocco Fucsia | 4442:Fiocco Fantasia fiori | 4434:Fiocco elefantini | 4430:Fiocco Rapunzel | 4412:Scrunchies sfilacciati - Panna e avorio | 4349:Cerchietto fantasia gatti,,doha_column_combined_or_ambiguous_treated_as_milano_returned
MAGAZZINO - PF SS24,206,PAN10NTU08YPE24,PAN10NTU08YPE24,PAN10,,,WHT (NTU),Panna e avorio,8 Y,7-8 anni,approved_legend,SS,2024,false,Milano,2,2,0,0,9,1.17,,,1.16,review_multiple_candidates,review_required,,,,,35,4659:4669:Cardigan fatto a mano | 4466:Fiocco Personaggi | 4449:Fiocco Fucsia | 4442:Fiocco Fantasia fiori | 4434:Fiocco elefantini | 4430:Fiocco Rapunzel | 4412:Scrunchies sfilacciati - Panna e avorio | 4349:Cerchietto fantasia gatti,,doha_column_combined_or_ambiguous_treated_as_milano_returned
MAGAZZINO - PF SS24,208,PAN03PCB01YPE24,PAN03PCB01YPE24,PAN03,,,PCB,Off-white e cloud,1 Y,1 anno,approved_legend,SS,2024,false,Milano,1,1,0,0,9,3.4,,,1.16,review_multiple_candidates,review_required,,,,,22,4466:Fiocco Personaggi | 4449:Fiocco Fucsia | 4442:Fiocco Fantasia fiori | 4434:Fiocco elefantini | 4430:Fiocco Rapunzel | 4349:Cerchietto fantasia gatti | 3801:3807:Pantaloncino a palloncino mussolina | 3782:3783:Pantaloncino svasato Popline new,,doha_column_combined_or_ambiguous_treated_as_milano_returned
MAGAZZINO - PF SS24,209,PAN03PCB02YPE24,PAN03PCB02YPE24,PAN03,,,PCB,Off-white e cloud,2 Y,2 anni,approved_legend,SS,2024,false,Milano,2,2,0,0,9,3.4,,,1.16,review_multiple_candidates,review_required,,,,,27,4466:Fiocco Personaggi | 4449:Fiocco Fucsia | 4442:Fiocco Fantasia fiori | 4434:Fiocco elefantini | 4430:Fiocco Rapunzel | 4349:Cerchietto fantasia gatti | 3801:3808:Pantaloncino a palloncino mussolina | 3782:3785:Pantaloncino svasato Popline new,,doha_column_combined_or_ambiguous_treated_as_milano_returned
MAGAZZINO - PF SS24,210,PAN03PCB04YPE24,PAN03PCB04YPE24,PAN03,,,PCB,Off-white e cloud,4 Y,3-4 anni,approved_legend,SS,2024,false,Milano,0,0,0,0,9,3.4,,,1.16,review_multiple_candidates,review_required,,,,,31,4466:Fiocco Personaggi | 4449:Fiocco Fucsia | 4442:Fiocco Fantasia fiori | 4434:Fiocco elefantini | 4430:Fiocco Rapunzel | 4349:Cerchietto fantasia gatti | 3801:3809:Pantaloncino a palloncino mussolina | 3782:3787:Pantaloncino svasato Popline new,,doha_column_combined_or_ambiguous_treated_as_milano_returned
MAGAZZINO - PF SS24,211,PAN03PCB06YPE24,PAN03PCB06YPE24,PAN03,,,PCB,Off-white e cloud,6 Y,5-6 anni,approved_legend,SS,2024,false,Milano,1,1,0,0,9,3.4,,,1.16,review_multiple_candidates,review_required,,,,,19,4466:Fiocco Personaggi | 4449:Fiocco Fucsia | 4442:Fiocco Fantasia fiori | 4434:Fiocco elefantini | 4430:Fiocco Rapunzel | 4349:Cerchietto fantasia gatti | 3801:3810:Pantaloncino a palloncino mussolina | 3782:3789:Pantaloncino svasato Popline new,,doha_column_combined_or_ambiguous_treated_as_milano_returned
MAGAZZINO - PF SS24,212,PAN03PCB08YPE24,PAN03PCB08YPE24,PAN03,,,PCB,Off-white e cloud,8 Y,7-8 anni,approved_legend,SS,2024,false,Milano,2,2,0,0,9,3.4,,,1.16,review_multiple_candidates,review_required,,,,,18,4466:Fiocco Personaggi | 4449:Fiocco Fucsia | 4442:Fiocco Fantasia fiori | 4434:Fiocco elefantini | 4430:Fiocco Rapunzel | 4349:Cerchietto fantasia gatti | 3801:3811:Pantaloncino a palloncino mussolina | 3782:3791:Pantaloncino svasato Popline new,,doha_column_combined_or_ambiguous_treated_as_milano_returned
MAGAZZINO - PF SS24,214,PAN03AMB01YPE24,PAN03AMB01YPE24,PAN03,,,AMB,Rosso e ciliegia,1 Y,1 anno,approved_legend,SS,2024,false,Milano,1,1,0,0,9,3.41,,,1.16,matched_auto_sku,update_existing_meta,891,919,PAN03AMB01YPE24,Pantaloncino svasato mussola,1,891:919:Pantaloncino svasato mussola,,doha_column_combined_or_ambiguous_treated_as_milano_returned
MAGAZZINO - PF SS24,215,PAN03AMB02YPE24,PAN03AMB02YPE24,PAN03,,,AMB,Rosso e ciliegia,2 Y,2 anni,approved_legend,SS,2024,false,Milano,1,1,0,0,9,3.41,,,1.16,matched_auto_sku,update_existing_meta,891,920,PAN03AMB02YPE24,Pantaloncino svasato mussola,1,891:920:Pantaloncino svasato mussola,,doha_column_combined_or_ambiguous_treated_as_milano_returned
MAGAZZINO - PF SS24,216,PAN03AMB04YPE24,PAN03AMB04YPE24,PAN03,,,AMB,Rosso e ciliegia,4 Y,3-4 anni,approved_legend,SS,2024,false,Milano,2,2,0,0,9,3.41,,,1.16,matched_auto_sku,update_existing_meta,891,922,PAN03AMB04YPE24,Pantaloncino svasato mussola,1,891:922:Pantaloncino svasato mussola,,doha_column_combined_or_ambiguous_treated_as_milano_returned
MAGAZZINO - PF SS24,217,PAN03AMB06YPE24,PAN03AMB06YPE24,PAN03,,,AMB,Rosso e ciliegia,6 Y,5-6 anni,approved_legend,SS,2024,false,Milano,1,1,0,0,9,3.41,,,1.16,matched_auto_sku,update_existing_meta,891,923,PAN03AMB06YPE24,Pantaloncino svasato mussola,1,891:923:Pantaloncino svasato mussola,,doha_column_combined_or_ambiguous_treated_as_milano_returned
MAGAZZINO - PF SS24,218,PAN03AMB08YPE24,PAN03AMB08YPE24,PAN03,,,AMB,Rosso e ciliegia,8 Y,7-8 anni,approved_legend,SS,2024,false,Milano,1,0,0,1,9,3.41,,,1.16,matched_auto_sku,update_existing_meta,891,924,PAN03AMB08YPE24,Pantaloncino svasato mussola,1,891:924:Pantaloncino svasato mussola,,doha_column_combined_or_ambiguous_treated_as_milano_returned
MAGAZZINO - PF SS24,219,MESI NEONATO,MESI-NEONATO,SALOPETTE MUSSOLINA BCO,,,,,Sulla fattura kem risultano 2 pezzi in piu con totale di 12 pz,Sulla fattura kem risultano 2 pezzi in piu con totale di 12 pz,source,SS,2024,false,Milano,0,0,0,0,,,,,,review_multiple_candidates,review_required,,,,,40,4715:4901:Fiocco Giraffe | 4715:4900:Fiocco Giraffe | 4466:Fiocco Personaggi | 4449:Fiocco Fucsia | 4442:Fiocco Fantasia fiori | 4434:Fiocco elefantini | 4430:Fiocco Rapunzel | 4415:Scrunchies sfilacciati - Azzurro polvere e denim,,doha_column_combined_or_ambiguous_treated_as_milano_returned|missing_color
MAGAZZINO - PF SS24,221,SAL06WHT03MPE24,SAL06WHT03MPE24,SAL06,,,WHT,Bianco puro,3 M,0-3 mesi,approved_legend,SS,2024,false,Milano,1,1,0,0,14,5.12,,,1.16,review_multiple_candidates,review_required,,,,,17,4466:Fiocco Personaggi | 4449:Fiocco Fucsia | 4442:Fiocco Fantasia fiori | 4434:Fiocco elefantini | 4430:Fiocco Rapunzel | 4349:Cerchietto fantasia gatti | 1830:1849:Camicia Fantasia Gatti Boy | 1788:1817:Camicietta fantasia Gatti Girl,,doha_column_combined_or_ambiguous_treated_as_milano_returned
MAGAZZINO - PF SS24,222,SAL06WHT06MPE24,SAL06WHT06MPE24,SAL06,,,WHT,Bianco puro,6 M,3-6 mesi,approved_legend,SS,2024,false,Milano,0,0,0,0,14,5.12,,,1.16,review_multiple_candidates,review_required,,,,,18,4466:Fiocco Personaggi | 4449:Fiocco Fucsia | 4442:Fiocco Fantasia fiori | 4434:Fiocco elefantini | 4430:Fiocco Rapunzel | 4349:Cerchietto fantasia gatti | 1830:1850:Camicia Fantasia Gatti Boy | 1788:1818:Camicietta fantasia Gatti Girl,,doha_column_combined_or_ambiguous_treated_as_milano_returned
MAGAZZINO - PF SS24,223,SAL06WHT09MPE24,SAL06WHT09MPE24,SAL06,,,WHT,Bianco puro,9 M,6-9 mesi,approved_legend,SS,2024,false,Milano,1,1,0,0,14,5.12,,,1.16,review_multiple_candidates,review_required,,,,,18,4466:Fiocco Personaggi | 4449:Fiocco Fucsia | 4442:Fiocco Fantasia fiori | 4434:Fiocco elefantini | 4430:Fiocco Rapunzel | 4349:Cerchietto fantasia gatti | 1830:1851:Camicia Fantasia Gatti Boy | 1788:1819:Camicietta fantasia Gatti Girl,,doha_column_combined_or_ambiguous_treated_as_milano_returned
MAGAZZINO - PF SS24,224,SAL06WHT12MPE24,SAL06WHT12MPE24,SAL06,,,WHT,Bianco puro,12 M,9-12 mesi,approved_legend,SS,2024,false,Milano,2,2,0,0,14,5.12,,,1.16,review_multiple_candidates,review_required,,,,,18,4466:Fiocco Personaggi | 4449:Fiocco Fucsia | 4442:Fiocco Fantasia fiori | 4434:Fiocco elefantini | 4430:Fiocco Rapunzel | 4349:Cerchietto fantasia gatti | 1830:1852:Camicia Fantasia Gatti Boy | 1788:1820:Camicietta fantasia Gatti Girl,,doha_column_combined_or_ambiguous_treated_as_milano_returned
MAGAZZINO - PF SS24,225,SAL06WHT18MPE24,SAL06WHT18MPE24,SAL06,,,WHT,Bianco puro,18 M,1 anno,approved_legend,SS,2024,false,Milano,2,2,0,0,14,5.12,,,1.16,review_multiple_candidates,review_required,,,,,21,4466:Fiocco Personaggi | 4449:Fiocco Fucsia | 4442:Fiocco Fantasia fiori | 4434:Fiocco elefantini | 4430:Fiocco Rapunzel | 4349:Cerchietto fantasia gatti | 4011:4015:Pantaloncino Voile Nuovo | 2038:2046:Top double-face fantasia marina,,doha_column_combined_or_ambiguous_treated_as_milano_returned
MAGAZZINO - PF SS24,226,,FW-2024-SS-PRODOTTO-SCHOLE-VENDITA-SCHOLE-1-PER-TAGLIA-NELLA-FAT,GABARDINA SMOKE GRAY (avorio),,,,,"scholè Vendita scholè 1 per taglia, nella fattura produzione manca 1 pezzo  PER TAGLIA","scholè Vendita scholè 1 per taglia, nella fattura produzione manca 1 pezzo  PER TAGLIA",source,SS,2024,false,Milano,0,0,0,0,,,,,,review_multiple_candidates,review_required,,,,,40,4715:4901:Fiocco Giraffe | 4715:4900:Fiocco Giraffe | 4466:Fiocco Personaggi | 4449:Fiocco Fucsia | 4442:Fiocco Fantasia fiori | 4434:Fiocco elefantini | 4430:Fiocco Rapunzel | 4415:Scrunchies sfilacciati - Azzurro polvere e denim,,doha_column_combined_or_ambiguous_treated_as_milano_returned|missing_color
MAGAZZINO - PF SS24,227,SAL06SGM06MPE24,SAL06SGM06MPE24,SAL06,,,GSM,Panna e avorio,6 M,3-6 mesi,approved_legend,SS,2024,false,Milano,0,0,0,0,14,5.22,,,1.16,review_multiple_candidates,review_required,,,,,20,4466:Fiocco Personaggi | 4449:Fiocco Fucsia | 4442:Fiocco Fantasia fiori | 4434:Fiocco elefantini | 4430:Fiocco Rapunzel | 4412:Scrunchies sfilacciati - Panna e avorio | 4349:Cerchietto fantasia gatti | 1830:1850:Camicia Fantasia Gatti Boy,,doha_column_combined_or_ambiguous_treated_as_milano_returned
MAGAZZINO - PF SS24,228,SAL06SGM09MPE24,SAL06SGM09MPE24,SAL06,,,GSM,Panna e avorio,9 M,6-9 mesi,approved_legend,SS,2024,false,Milano,0,0,0,0,14,5.22,,,1.16,review_multiple_candidates,review_required,,,,,20,4466:Fiocco Personaggi | 4449:Fiocco Fucsia | 4442:Fiocco Fantasia fiori | 4434:Fiocco elefantini | 4430:Fiocco Rapunzel | 4412:Scrunchies sfilacciati - Panna e avorio | 4349:Cerchietto fantasia gatti | 1830:1851:Camicia Fantasia Gatti Boy,,doha_column_combined_or_ambiguous_treated_as_milano_returned
MAGAZZINO - PF SS24,229,SAL06SGM12MPE24,SAL06SGM12MPE24,SAL06,,,GSM,Panna e avorio,12 M,9-12 mesi,approved_legend,SS,2024,false,Milano,0,0,0,0,14,5.22,,,1.16,review_multiple_candidates,review_required,,,,,20,4466:Fiocco Personaggi | 4449:Fiocco Fucsia | 4442:Fiocco Fantasia fiori | 4434:Fiocco elefantini | 4430:Fiocco Rapunzel | 4412:Scrunchies sfilacciati - Panna e avorio | 4349:Cerchietto fantasia gatti | 1830:1852:Camicia Fantasia Gatti Boy,,doha_column_combined_or_ambiguous_treated_as_milano_returned
MAGAZZINO - PF SS24,230,SAL06SGM18MPE24,SAL06SGM18MPE24,SAL06,,,GSM,Panna e avorio,18 M,1 anno,approved_legend,SS,2024,false,Milano,0,0,0,0,14,5.22,,,1.16,review_multiple_candidates,review_required,,,,,34,4466:Fiocco Personaggi | 4449:Fiocco Fucsia | 4442:Fiocco Fantasia fiori | 4434:Fiocco elefantini | 4430:Fiocco Rapunzel | 4412:Scrunchies sfilacciati - Panna e avorio | 4349:Cerchietto fantasia gatti | 4109:4110:Camicia in lino manica corta,,doha_column_combined_or_ambiguous_treated_as_milano_returned
MAGAZZINO - PF SS24,231,SAL06SGM24MPE24,SAL06SGM24MPE24,SAL06,,,GSM,Panna e avorio,24M,2 anni,approved_legend,SS,2024,false,Milano,1,1,0,0,14,5.22,,,1.16,review_multiple_candidates,review_required,,,,,44,4659:4666:Cardigan fatto a mano | 4466:Fiocco Personaggi | 4449:Fiocco Fucsia | 4442:Fiocco Fantasia fiori | 4434:Fiocco elefantini | 4430:Fiocco Rapunzel | 4412:Scrunchies sfilacciati - Panna e avorio | 4349:Cerchietto fantasia gatti,,doha_column_combined_or_ambiguous_treated_as_milano_returned
MAGAZZINO - PF SS24,233,SAL06FSK06MPE24,SAL06FSK06MPE24,SAL06,,,FSK,Fantasie: personaggi,6 M,3-6 mesi,approved_legend,SS,2024,false,Milano,1,1,0,0,14,4,,,1.16,matched_auto_sku,update_existing_meta,1007,1020,SAL06FSK06MPE24,Tutina smanicata Principe Ranocchio,1,1007:1020:Tutina smanicata Principe Ranocchio,,doha_column_combined_or_ambiguous_treated_as_milano_returned
MAGAZZINO - PF SS24,234,SAL06FSK09MPE24,SAL06FSK09MPE24,SAL06,,,FSK,Fantasie: personaggi,9 M,6-9 mesi,approved_legend,SS,2024,false,Milano,2,2,0,0,14,4,,,1.16,matched_auto_sku,update_existing_meta,1007,1021,SAL06FSK09MPE24,Tutina smanicata Principe Ranocchio,1,1007:1021:Tutina smanicata Principe Ranocchio,,doha_column_combined_or_ambiguous_treated_as_milano_returned
MAGAZZINO - PF SS24,235,SAL06FSK12MPE24,SAL06FSK12MPE24,SAL06,,,FSK,Fantasie: personaggi,12 M,9-12 mesi,approved_legend,SS,2024,false,Milano,2,2,0,0,14,4,,,1.16,matched_auto_sku,update_existing_meta,1007,1022,SAL06FSK12MPE24,Tutina smanicata Principe Ranocchio,1,1007:1022:Tutina smanicata Principe Ranocchio,,doha_column_combined_or_ambiguous_treated_as_milano_returned
MAGAZZINO - PF SS24,236,SAL06FSK18MPE24,SAL06FSK18MPE24,SAL06,,,FSK,Fantasie: personaggi,18 M,1 anno,approved_legend,SS,2024,false,Milano,2,2,0,0,14,4,,,1.16,matched_auto_sku,update_existing_meta,1007,1023,SAL06FSK18MPE24,Tutina smanicata Principe Ranocchio,1,1007:1023:Tutina smanicata Principe Ranocchio,,doha_column_combined_or_ambiguous_treated_as_milano_returned
MAGAZZINO - PF SS24,237,SAL06FSK24MPE24,SAL06FSK24MPE24,SAL06,,,FSK,Fantasie: personaggi,24 M,2 anni,approved_legend,SS,2024,false,Milano,1,1,0,0,14,4,,,1.16,matched_auto_sku,update_existing_meta,1007,1024,SAL06FSK24MPE24,Tutina smanicata Principe Ranocchio,1,1007:1024:Tutina smanicata Principe Ranocchio,,doha_column_combined_or_ambiguous_treated_as_milano_returned
MAGAZZINO - PF SS24,238,SAL06FSK36MPE24,SAL06FSK36MPE24,SAL06,,,FSK,Fantasie: personaggi,36 M,3-4 anni,approved_legend,SS,2024,false,Milano,2,2,0,0,14,4,,,1.16,matched_auto_sku,update_existing_meta,1007,1025,SAL06FSK36MPE24,Tutina smanicata Principe Ranocchio,1,1007:1025:Tutina smanicata Principe Ranocchio,,doha_column_combined_or_ambiguous_treated_as_milano_returned
MAGAZZINO - PF SS24,240,CAM01VYC06MPE24,CAM01VYC06MPE24,CAM01,,,VYC,Beige e sabbia,6 M,3-6 mesi,approved_legend,SS,2024,false,Milano,1,1,0,0,13,2.55,,0.2,1.16,matched_auto_sku,update_existing_meta,918,956,CAM01VYC06MPE24,Camicia in Voile,1,918:956:Camicia in Voile,,doha_column_combined_or_ambiguous_treated_as_milano_returned
MAGAZZINO - PF SS24,241,CAM01VYC12MPE24,CAM01VYC12MPE24,CAM01,,,VYC,Beige e sabbia,12 M,9-12 mesi,approved_legend,SS,2024,false,Milano,2,2,0,0,13,2.55,,0.2,1.16,matched_auto_sku,update_existing_meta,918,958,CAM01VYC12MPE24,Camicia in Voile,1,918:958:Camicia in Voile,,doha_column_combined_or_ambiguous_treated_as_milano_returned
MAGAZZINO - PF SS24,242,CAM01VYC18MPE24,CAM01VYC18MPE24,CAM01,,,VYC,Beige e sabbia,18 M,1 anno,approved_legend,SS,2024,false,Milano,3,3,0,0,13,2.55,,0.2,1.16,matched_auto_sku,update_existing_meta,918,959,CAM01VYC18MPE24,Camicia in Voile,1,918:959:Camicia in Voile,,doha_column_combined_or_ambiguous_treated_as_milano_returned
MAGAZZINO - PF SS24,243,CAM01VYC24MPE24,CAM01VYC24MPE24,CAM01,,,VYC,Beige e sabbia,24 M,2 anni,approved_legend,SS,2024,false,Milano,3,3,0,0,13,2.55,,0.2,1.16,matched_auto_sku,update_existing_meta,918,960,CAM01VYC24MPE24,Camicia in Voile,1,918:960:Camicia in Voile,,doha_column_combined_or_ambiguous_treated_as_milano_returned
MAGAZZINO - PF SS24,245,CAM01WHT06MPE24,CAM01WHT06MPE24,CAM01,,,WHT,Bianco puro,6 M,3-6 mesi,approved_legend,SS,2024,false,Milano,1,1,0,0,13,4.1,,0.2,1.16,review_multiple_candidates,review_required,,,,,18,4466:Fiocco Personaggi | 4449:Fiocco Fucsia | 4442:Fiocco Fantasia fiori | 4434:Fiocco elefantini | 4430:Fiocco Rapunzel | 4349:Cerchietto fantasia gatti | 1830:1850:Camicia Fantasia Gatti Boy | 1788:1818:Camicietta fantasia Gatti Girl,,doha_column_combined_or_ambiguous_treated_as_milano_returned
MAGAZZINO - PF SS24,246,CAM01WHT12MPE24,CAM01WHT12MPE24,CAM01,,,WHT,Bianco puro,12 M,9-12 mesi,approved_legend,SS,2024,false,Milano,1,1,0,0,13,4.1,,0.2,1.16,review_multiple_candidates,review_required,,,,,18,4466:Fiocco Personaggi | 4449:Fiocco Fucsia | 4442:Fiocco Fantasia fiori | 4434:Fiocco elefantini | 4430:Fiocco Rapunzel | 4349:Cerchietto fantasia gatti | 1830:1852:Camicia Fantasia Gatti Boy | 1788:1820:Camicietta fantasia Gatti Girl,,doha_column_combined_or_ambiguous_treated_as_milano_returned
MAGAZZINO - PF SS24,247,CAM01WHT18MPE24,CAM01WHT18MPE24,CAM01,,,WHT,Bianco puro,18 M,1 anno,approved_legend,SS,2024,false,Milano,1,1,0,0,13,4.1,,0.2,1.16,review_multiple_candidates,review_required,,,,,21,4466:Fiocco Personaggi | 4449:Fiocco Fucsia | 4442:Fiocco Fantasia fiori | 4434:Fiocco elefantini | 4430:Fiocco Rapunzel | 4349:Cerchietto fantasia gatti | 4011:4015:Pantaloncino Voile Nuovo | 2038:2046:Top double-face fantasia marina,,doha_column_combined_or_ambiguous_treated_as_milano_returned
MAGAZZINO - PF SS24,248,CAM01WHT24MPE24,CAM01WHT24MPE24,CAM01,,,WHT,Bianco puro,24 M,2 anni,approved_legend,SS,2024,false,Milano,1,1,0,0,13,4.1,,0.2,1.16,review_multiple_candidates,review_required,,,,,27,4466:Fiocco Personaggi | 4449:Fiocco Fucsia | 4442:Fiocco Fantasia fiori | 4434:Fiocco elefantini | 4430:Fiocco Rapunzel | 4349:Cerchietto fantasia gatti | 4011:4016:Pantaloncino Voile Nuovo | 2038:2047:Top double-face fantasia marina,,doha_column_combined_or_ambiguous_treated_as_milano_returned
MAGAZZINO - PF SS24,261,,FW-2024-SS-PRODOTTO-MODELLI-MERE-PRODOTTA-261,FAT 3/24 DEL 08/03/2025,,,MODELLI,MODELLI,mere prodotta,mere prodotta,source,SS,2024,false,Milano,0,0,0,0,,,,,,review_multiple_candidates,review_required,,,,,14,4466:Fiocco Personaggi | 4449:Fiocco Fucsia | 4442:Fiocco Fantasia fiori | 4434:Fiocco elefantini | 4430:Fiocco Rapunzel | 4349:Cerchietto fantasia gatti | 1303:Giacca in Denim | 849:Fiocco Rosa,,doha_column_combined_or_ambiguous_treated_as_milano_returned|color_mapping_requires_review
MAGAZZINO - PF SS24,262,,FW-2024-SS-PRODOTTO-AB04-X-262,FT3/24,,,AB04,AB04,71,,unsupported_size,SS,2024,false,Milano,0,0,0,0,,,,,,review_unmapped_size,review_required,,,,,83,4466:Fiocco Personaggi | 4449:Fiocco Fucsia | 4442:Fiocco Fantasia fiori | 4434:Fiocco elefantini | 4430:Fiocco Rapunzel | 4367:4369:Yes Bag - Fucsia e rosa vivace | 4367:4368:Yes Bag - Fucsia e rosa vivace | 4364:4366:Yes Bag - Giallo e ocra,,doha_column_combined_or_ambiguous_treated_as_milano_returned|missing_size|size_not_available_in_current_site|color_mapping_requires_review
MAGAZZINO - PF SS24,272,,FW-2024-SS-PRODOTTO-CAM08-11-12-ANNI-272,FT6/24,,,CAM08,CAM08,11,11-12 anni,approved_legend,SS,2024,false,Milano,0,0,0,0,,,,,,review_multiple_candidates,review_required,,,,,14,4466:Fiocco Personaggi | 4449:Fiocco Fucsia | 4442:Fiocco Fantasia fiori | 4434:Fiocco elefantini | 4430:Fiocco Rapunzel | 4349:Cerchietto fantasia gatti | 1303:Giacca in Denim | 849:Fiocco Rosa,,doha_column_combined_or_ambiguous_treated_as_milano_returned|color_mapping_requires_review
MAGAZZINO - PF SS24,282,,FW-2024-SS-PRODOTTO-PAN06-5-6-ANNI-282,MAMMA,,,PAN06,PAN06,5,5-6 anni,approved_legend,SS,2024,false,Milano,0,0,0,0,,,,,,review_multiple_candidates,review_required,,,,,16,4466:Fiocco Personaggi | 4449:Fiocco Fucsia | 4442:Fiocco Fantasia fiori | 4434:Fiocco elefantini | 4430:Fiocco Rapunzel | 4349:Cerchietto fantasia gatti | 1972:1996:Pantalone Cropped in Gabardina | 1910:1922:Camicia Smanicata fantasia Zebra,,doha_column_combined_or_ambiguous_treated_as_milano_returned|color_mapping_requires_review
MAGAZZINO - PF SS24,283,,FW-2024-SS-PRODOTTO-AB10-3-4-ANNI-283,MAMMA,,,AB10,AB10,4,3-4 anni,approved_legend,SS,2024,false,Milano,0,0,0,0,,,,,,review_multiple_candidates,review_required,,,,,28,4466:Fiocco Personaggi | 4449:Fiocco Fucsia | 4442:Fiocco Fantasia fiori | 4434:Fiocco elefantini | 4430:Fiocco Rapunzel | 4349:Cerchietto fantasia gatti | 2038:2049:Top double-face fantasia marina | 2038:2048:Top double-face fantasia marina,,doha_column_combined_or_ambiguous_treated_as_milano_returned|color_mapping_requires_review
MAGAZZINO - PF SS24,284,,FW-2024-SS-PRODOTTO-9-10-ANNI-284,TOGLIERE DALLA QUANTITà TOTALE DEL MAG,,,,,9,9-10 anni,approved_legend,SS,2024,false,Milano,0,0,0,0,,,,,,review_multiple_candidates,review_required,,,,,159,4761:4783:Pantaloncino in velluto | 4761:4778:Pantaloncino in velluto | 4761:4777:Pantaloncino in velluto | 4761:4776:Pantaloncino in velluto | 4715:4901:Fiocco Giraffe | 4715:4900:Fiocco Giraffe | 4659:4670:Cardigan fatto a mano | 4623:4635:Pantalone elegante oversize,,doha_column_combined_or_ambiguous_treated_as_milano_returned|missing_color
MAGAZZINO - PF SS24,287,,FW-2024-SS-PRODOTTO-IN-FT-RISULTANO-10-PZ-MA-ABBIAMO-11-X-287,MCA02 - ROSA,,,In ft risultano 10 pz ma abbiamo 11,In ft risultano 10 pz ma abbiamo 11,,,missing,SS,2024,false,Milano,1,1,0,0,,,,,,review_multiple_candidates,review_required,,,,,83,4466:Fiocco Personaggi | 4449:Fiocco Fucsia | 4442:Fiocco Fantasia fiori | 4434:Fiocco elefantini | 4430:Fiocco Rapunzel | 4367:4369:Yes Bag - Fucsia e rosa vivace | 4367:4368:Yes Bag - Fucsia e rosa vivace | 4364:4366:Yes Bag - Giallo e ocra,,doha_column_combined_or_ambiguous_treated_as_milano_returned|missing_size|color_mapping_requires_review
MAGAZZINO - PF SS24,288,,FW-2024-SS-PRODOTTO-IN-FATTURA-RISULTA-8-PZ-FISICAMENTE-ABBIAMO-,CAM01,,,iN FATTURA RISULTA 8 PZ  FISICAMENTE ABBIAMO 10,iN FATTURA RISULTA 8 PZ  FISICAMENTE ABBIAMO 10,,,missing,SS,2024,false,Milano,2,2,0,0,,,,,,review_multiple_candidates,review_required,,,,,83,4466:Fiocco Personaggi | 4449:Fiocco Fucsia | 4442:Fiocco Fantasia fiori | 4434:Fiocco elefantini | 4430:Fiocco Rapunzel | 4367:4369:Yes Bag - Fucsia e rosa vivace | 4367:4368:Yes Bag - Fucsia e rosa vivace | 4364:4366:Yes Bag - Giallo e ocra,,doha_column_combined_or_ambiguous_treated_as_milano_returned|missing_size|color_mapping_requires_review
MAGAZZINO - PF SS24,289,,FW-2024-SS-PRODOTTO-IN-MAG-ERA-INSERITO-1PZ-MA-IN-TOT-SONO-2-X-2,AB09GFR01YPE24,,,IN MAG ERA INSERITO 1PZ ma in tot sono 2,IN MAG ERA INSERITO 1PZ ma in tot sono 2,,,missing,SS,2024,false,Milano,1,1,0,0,,,,,,review_multiple_candidates,review_required,,,,,83,4466:Fiocco Personaggi | 4449:Fiocco Fucsia | 4442:Fiocco Fantasia fiori | 4434:Fiocco elefantini | 4430:Fiocco Rapunzel | 4367:4369:Yes Bag - Fucsia e rosa vivace | 4367:4368:Yes Bag - Fucsia e rosa vivace | 4364:4366:Yes Bag - Giallo e ocra,,doha_column_combined_or_ambiguous_treated_as_milano_returned|missing_size|color_mapping_requires_review
MAGAZZINO - PF SS24,290,,FW-2024-SS-PRODOTTO-IN-MAG-ERA-INSERITO-1PZ-MA-IN-TOT-SONO-2-X-2-2,AB09GFR02YPE24,,,IN MAG ERA INSERITO 1PZ ma in tot sono 2,IN MAG ERA INSERITO 1PZ ma in tot sono 2,,,missing,SS,2024,false,Milano,1,1,0,0,,,,,,review_multiple_candidates,review_required,,,,,83,4466:Fiocco Personaggi | 4449:Fiocco Fucsia | 4442:Fiocco Fantasia fiori | 4434:Fiocco elefantini | 4430:Fiocco Rapunzel | 4367:4369:Yes Bag - Fucsia e rosa vivace | 4367:4368:Yes Bag - Fucsia e rosa vivace | 4364:4366:Yes Bag - Giallo e ocra,,doha_column_combined_or_ambiguous_treated_as_milano_returned|missing_size|color_mapping_requires_review
MAGAZZINO - PF AI22,3,TS01IBW03MA21,TS01IBW03MA21,T-shirt 01,,,MGL.C77.FW2122.RV,Verde salvia e aloe,3 m.,0-3 mesi,approved_legend,AI,2022,false,Milano,0,0,0,0,7.2,6.4,,0.6,1.16,matched_auto_sku,update_existing_meta,1787,1807,TS01IBW03MA21,T-shirt a righe con taschino,1,1787:1807:T-shirt a righe con taschino,,
MAGAZZINO - PF AI22,4,TS01IBW06MA21,TS01IBW06MA21,T-shirt 01,,,MGL.C77.FW2122.RV,Verde salvia e aloe,6 m.,3-6 mesi,approved_legend,AI,2022,false,Milano,2,2,0,0,7.2,6.4,,0.6,1.16,matched_auto_sku,update_existing_meta,1787,1808,TS01IBW06MA21,T-shirt a righe con taschino,1,1787:1808:T-shirt a righe con taschino,,
MAGAZZINO - PF AI22,5,TS01IBW06MA21,TS01IBW06MA21-2,T-shirt 01,,,MGL.C77.FW2122.RV,Verde salvia e aloe,9 m.,6-9 mesi,approved_legend,AI,2022,false,Milano,2,2,0,0,7.2,6.4,,0.6,1.16,review_sku_attribute_conflict,review_required,,,,,1,1787:1808:T-shirt a righe con taschino,,
MAGAZZINO - PF AI22,6,TS01IBW12MA21,TS01IBW12MA21,T-shirt 01,,,MGL.C77.FW2122.RV,Verde salvia e aloe,12 m.,9-12 mesi,approved_legend,AI,2022,false,Milano,0,0,0,0,7.2,6.4,,0.6,1.16,matched_auto_sku,update_existing_meta,1787,1810,TS01IBW12MA21,T-shirt a righe con taschino,1,1787:1810:T-shirt a righe con taschino,,
MAGAZZINO - PF AI22,7,TS01IBW18MA21,TS01IBW18MA21,T-shirt 01,,,MGL.C77.FW2122.RV,Verde salvia e aloe,18 m.,1 anno,approved_legend,AI,2022,false,Milano,1,1,0,0,7.2,6.4,,0.6,1.16,matched_auto_sku,update_existing_meta,1787,1811,TS01IBW18MA21,T-shirt a righe con taschino,1,1787:1811:T-shirt a righe con taschino,,
MAGAZZINO - PF AI22,8,TS01IBW24MA21,TS01IBW24MA21,T-shirt 01,,,MGL.C77.FW2122.RV,Verde salvia e aloe,24 m.,2 anni,approved_legend,AI,2022,false,Milano,0,0,0,0,7.2,6.4,,0.6,1.16,matched_auto_sku,update_existing_meta,1787,1812,TS01IBW24MA21,T-shirt a righe con taschino,1,1787:1812:T-shirt a righe con taschino,,
MAGAZZINO - PF AI22,9,TS01ICW03MA21,TS01ICW03MA21,T-shirt 01,,,MGL.C77.FW2122.RC,Verde salvia e aloe,3 m.,0-3 mesi,approved_legend,AI,2022,false,Milano,0,0,0,0,7.2,6.4,,0.6,1.16,matched_auto_sku,update_existing_meta,1787,1801,TS01ICW03MA21,T-shirt a righe con taschino,1,1787:1801:T-shirt a righe con taschino,,
MAGAZZINO - PF AI22,10,TS01ICW06MA21,TS01ICW06MA21,T-shirt 01,,,MGL.C77.FW2122.RC,Verde salvia e aloe,6 m.,3-6 mesi,approved_legend,AI,2022,false,Milano,1,1,0,0,7.2,6.4,,0.6,1.16,matched_auto_sku,update_existing_meta,1787,1802,TS01ICW06MA21,T-shirt a righe con taschino,1,1787:1802:T-shirt a righe con taschino,,
MAGAZZINO - PF AI22,11,TS01ICW09MA21,TS01ICW09MA21,T-shirt 01,,,MGL.C77.FW2122.RC,Verde salvia e aloe,9 m.,6-9 mesi,approved_legend,AI,2022,false,Milano,1,1,0,0,7.2,6.4,,0.6,1.16,matched_auto_sku,update_existing_meta,1787,1803,TS01ICW09MA21,T-shirt a righe con taschino,1,1787:1803:T-shirt a righe con taschino,,
MAGAZZINO - PF AI22,12,TSO1ICW12MA21,TSO1ICW12MA21,T-shirt 01,,,MGL.C77.FW2122.RC,Verde salvia e aloe,12 m.,9-12 mesi,approved_legend,AI,2022,false,Milano,1,1,0,0,7.2,6.4,,0.6,1.16,matched_auto_sku,update_existing_meta,1787,1804,TSO1ICW12MA21,T-shirt a righe con taschino,1,1787:1804:T-shirt a righe con taschino,,
MAGAZZINO - PF AI22,13,TS01ICW18MA21,TS01ICW18MA21,T-shirt 01,,,MGL.C77.FW2122.RC,Verde salvia e aloe,18 m.,1 anno,approved_legend,AI,2022,false,Milano,1,1,0,0,7.2,6.4,,0.6,1.16,matched_auto_sku,update_existing_meta,1787,1805,TS01ICW18MA21,T-shirt a righe con taschino,1,1787:1805:T-shirt a righe con taschino,,
MAGAZZINO - PF AI22,14,TS01ICW24MA21,TS01ICW24MA21,T-shirt 01,,,MGL.C77.FW2122.RC,Verde salvia e aloe,24 m.,2 anni,approved_legend,AI,2022,false,Milano,0,0,0,0,7.2,6.4,,0.6,1.16,matched_auto_sku,update_existing_meta,1787,1806,TS01ICW24MA21,T-shirt a righe con taschino,1,1787:1806:T-shirt a righe con taschino,,
MAGAZZINO - PF AI22,16,TS02ISL03MA21,TS02ISL03MA21,T-shirt 02,,,MGL.C88.FW2022.RL,Verde salvia e aloe,3 m.,0-3 mesi,approved_legend,AI,2022,false,Milano,0,0,0,0,7.2,6.4,,0.6,1.16,matched_auto_sku,update_existing_meta,1560,1589,TS02ISL03MA21,Maglietta a righe,1,1560:1589:Maglietta a righe,,
MAGAZZINO - PF AI22,17,TS02ISL06MA21,TS02ISL06MA21,T-shirt 02,,,MGL.C88.FW2022.RL,Verde salvia e aloe,6 m.,3-6 mesi,approved_legend,AI,2022,false,Milano,2,2,0,0,7.2,6.4,,0.6,1.16,matched_auto_sku,update_existing_meta,1560,1590,TS02ISL06MA21,Maglietta a righe,1,1560:1590:Maglietta a righe,,
MAGAZZINO - PF AI22,18,TS02ISL09MA21,TS02ISL09MA21,T-shirt 02,,,MGL.C88.FW2022.RL,Verde salvia e aloe,9 m.,6-9 mesi,approved_legend,AI,2022,false,Milano,1,1,0,0,7.2,6.4,,0.6,1.16,matched_auto_sku,update_existing_meta,1560,1591,TS02ISL09MA21,Maglietta a righe,1,1560:1591:Maglietta a righe,,
MAGAZZINO - PF AI22,19,TS02ISL12MA21,TS02ISL12MA21,T-shirt 02,,,MGL.C88.FW2022.RL,Verde salvia e aloe,12 m.,9-12 mesi,approved_legend,AI,2022,false,Milano,1,1,0,0,7.2,6.4,,0.6,1.16,matched_auto_sku,update_existing_meta,1560,1592,TS02ISL12MA21,Maglietta a righe,1,1560:1592:Maglietta a righe,,
MAGAZZINO - PF AI22,20,TS02ISL18MA21,TS02ISL18MA21,T-shirt 02,,,MGL.C88.FW2022.RL,Verde salvia e aloe,18 m.,1 anno,approved_legend,AI,2022,false,Milano,2,2,0,0,7.2,6.4,,0.6,1.16,matched_auto_sku,update_existing_meta,1560,1596,TS02ISL18MA21,Maglietta a righe,1,1560:1596:Maglietta a righe,,
MAGAZZINO - PF AI22,21,TS02ISL24MA21,TS02ISL24MA21,T-shirt 02,,,MGL.C88.FW2022.RL,Verde salvia e aloe,24 m.,2 anni,approved_legend,AI,2022,false,Milano,1,1,0,0,7.2,6.4,,0.6,1.16,matched_auto_sku,update_existing_meta,1560,1597,TS02ISL24MA21,Maglietta a righe,1,1560:1597:Maglietta a righe,,
MAGAZZINO - PF AI22,22,TS02IMW03MA21,TS02IMW03MA21,T-shirt 02,,,MGL.C88.FW2022.RR,Fucsia e rosa vivace,3 m.,0-3 mesi,approved_legend,AI,2022,false,Milano,2,2,0,0,7.2,6.4,,0.6,1.16,matched_auto_sku,update_existing_meta,1560,1598,TS02IMW03MA21,Maglietta a righe,1,1560:1598:Maglietta a righe,,
MAGAZZINO - PF AI22,23,TS02IMW06MA21,TS02IMW06MA21,T-shirt 02,,,MGL.C88.FW2022.RR,Fucsia e rosa vivace,6 m.,3-6 mesi,approved_legend,AI,2022,false,Milano,2,2,0,0,7.2,6.4,,0.6,1.16,matched_auto_sku,update_existing_meta,1560,1599,TS02IMW06MA21,Maglietta a righe,1,1560:1599:Maglietta a righe,,
MAGAZZINO - PF AI22,24,TS02IMW09MA21,TS02IMW09MA21,T-shirt 02,,,MGL.C88.FW2022.RR,Fucsia e rosa vivace,9 m.,6-9 mesi,approved_legend,AI,2022,false,Milano,2,2,0,0,7.2,6.4,,0.6,1.16,matched_auto_sku,update_existing_meta,1560,1600,TS02IMW09MA21,Maglietta a righe,1,1560:1600:Maglietta a righe,,
MAGAZZINO - PF AI22,25,TS02IMW12MA21,TS02IMW12MA21,T-shirt 02,,,MGL.C88.FW2022.RR,Fucsia e rosa vivace,12 m.,9-12 mesi,approved_legend,AI,2022,false,Milano,2,2,0,0,7.2,6.4,,0.6,1.16,matched_auto_sku,update_existing_meta,1560,1601,TS02IMW12MA21,Maglietta a righe,1,1560:1601:Maglietta a righe,,
MAGAZZINO - PF AI22,26,TS02IMW18MA21,TS02IMW18MA21,T-shirt 02,,,MGL.C88.FW2022.RR,Fucsia e rosa vivace,18 m.,1 anno,approved_legend,AI,2022,false,Milano,2,2,0,0,7.2,6.4,,0.6,1.16,matched_auto_sku,update_existing_meta,1560,1602,TS02IMW18MA21,Maglietta a righe,1,1560:1602:Maglietta a righe,,
MAGAZZINO - PF AI22,27,TS02IMW24MA21,TS02IMW24MA21,T-shirt 02,,,MGL.C88.FW2022.RR,Fucsia e rosa vivace,24 m.,2 anni,approved_legend,AI,2022,false,Milano,2,2,0,0,7.2,6.4,,0.6,1.16,matched_auto_sku,update_existing_meta,1560,1603,TS02IMW24MA21,Maglietta a righe,1,1560:1603:Maglietta a righe,,
MAGAZZINO - PF AI22,29,TS02SNT03MA21,TS02SNT03MA21,T-shirt 02,,,MGL.C88.FW2022.N,Panna e avorio,3 m.,0-3 mesi,approved_legend,AI,2022,false,Milano,0,0,0,0,7.2,6.4,,0.6,1.16,matched_auto_sku,update_existing_meta,1789,1832,TS02SNT03MA21,Maglia felpata,1,1789:1832:Maglia felpata,,
MAGAZZINO - PF AI22,30,TS02SNT06MA21,TS02SNT06MA21,T-shirt 02,,,MGL.C88.FW2022.N,Panna e avorio,6 m.,3-6 mesi,approved_legend,AI,2022,false,Milano,0,0,0,0,7.2,6.4,,0.6,1.16,matched_auto_sku,update_existing_meta,1789,1833,TS02SNT06MA21,Maglia felpata,1,1789:1833:Maglia felpata,,
MAGAZZINO - PF AI22,31,TS02SNT09MA21,TS02SNT09MA21,T-shirt 02,,,MGL.C88.FW2022.N,Panna e avorio,9 m.,6-9 mesi,approved_legend,AI,2022,false,Milano,2,2,0,0,7.2,6.4,,0.6,1.16,matched_auto_sku,update_existing_meta,1789,1834,TS02SNT09MA21,Maglia felpata,1,1789:1834:Maglia felpata,,
MAGAZZINO - PF AI22,32,TS02SNT12MA21,TS02SNT12MA21,T-shirt 02,,,MGL.C88.FW2022.N,Panna e avorio,12 m.,9-12 mesi,approved_legend,AI,2022,false,Milano,1,1,0,0,7.2,6.4,,0.6,1.16,matched_auto_sku,update_existing_meta,1789,1835,TS02SNT12MA21,Maglia felpata,1,1789:1835:Maglia felpata,,
MAGAZZINO - PF AI22,33,TS02SNT18MA21,TS02SNT18MA21,T-shirt 02,,,MGL.C88.FW2022.N,Panna e avorio,18 m.,1 anno,approved_legend,AI,2022,false,Milano,0,0,0,0,7.2,6.4,,0.6,1.16,matched_auto_sku,update_existing_meta,1789,1836,TS02SNT18MA21,Maglia felpata,1,1789:1836:Maglia felpata,,
MAGAZZINO - PF AI22,34,TS02SNT24MA21,TS02SNT24MA21,T-shirt 02,,,MGL.C88.FW2022.N,Panna e avorio,24 m.,2 anni,approved_legend,AI,2022,false,Milano,0,0,0,0,7.2,6.4,,0.6,1.16,matched_auto_sku,update_existing_meta,1789,1837,TS02SNT24MA21,Maglia felpata,1,1789:1837:Maglia felpata,,
MAGAZZINO - PF AI22,35,TS02SBS03MA21,TS02SBS03MA21,T-shirt 02,,,MGL.C88.FW2022.B,Bering sea,3 m.,0-3 mesi,approved_legend,AI,2022,false,Milano,2,2,0,0,7.2,6.4,,0.6,1.16,matched_auto_sku,update_existing_meta,1789,1838,TS02SBS03MA21,Maglia felpata,1,1789:1838:Maglia felpata,,
MAGAZZINO - PF AI22,36,TS02SBS06MA21,TS02SBS06MA21,T-shirt 02,,,MGL.C88.FW2022.B,Bering sea,6 m.,3-6 mesi,approved_legend,AI,2022,false,Milano,0,0,0,0,7.2,6.4,,0.6,1.16,matched_auto_sku,update_existing_meta,1789,1839,TS02SBS06MA21,Maglia felpata,1,1789:1839:Maglia felpata,,
MAGAZZINO - PF AI22,37,TS02SBS09MA21,TS02SBS09MA21,T-shirt 02,,,MGL.C88.FW2022.B,Bering sea,9 m.,6-9 mesi,approved_legend,AI,2022,false,Milano,2,2,0,0,7.2,6.4,,0.6,1.16,matched_auto_sku,update_existing_meta,1789,1840,TS02SBS09MA21,Maglia felpata,1,1789:1840:Maglia felpata,,
MAGAZZINO - PF AI22,38,TS02SBS12MA21,TS02SBS12MA21,T-shirt 02,,,MGL.C88.FW2022.B,Bering sea,12 m.,9-12 mesi,approved_legend,AI,2022,false,Milano,0,0,0,0,7.2,6.4,,0.6,1.16,matched_auto_sku,update_existing_meta,1789,1841,TS02SBS12MA21,Maglia felpata,1,1789:1841:Maglia felpata,,
MAGAZZINO - PF AI22,39,TS02SBS18MA21,TS02SBS18MA21,T-shirt 02,,,MGL.C88.FW2022.B,Bering sea,18 m.,1 anno,approved_legend,AI,2022,false,Milano,2,2,0,0,7.2,6.4,,0.6,1.16,matched_auto_sku,update_existing_meta,1789,1842,TS02SBS18MA21,Maglia felpata,1,1789:1842:Maglia felpata,,
MAGAZZINO - PF AI22,40,TS02SBS24MA21,TS02SBS24MA21,T-shirt 02,,,MGL.C88.FW2022.B,Bering sea,24 m.,2 anni,approved_legend,AI,2022,false,Milano,1,1,0,0,7.2,6.4,,0.6,1.16,matched_auto_sku,update_existing_meta,1789,1843,TS02SBS24MA21,Maglia felpata,1,1789:1843:Maglia felpata,,
MAGAZZINO - PF AI22,41,TS02SSG03MA21,TS02SSG03MA21,T-shirt 02,,,MGL.C88.FW2022.V,Verde salvia e aloe,3 m.,0-3 mesi,approved_legend,AI,2022,false,Milano,0,0,0,0,7.2,6.4,,0.6,1.16,review_multiple_candidates,review_required,,,,,19,4466:Fiocco Personaggi | 4449:Fiocco Fucsia | 4442:Fiocco Fantasia fiori | 4434:Fiocco elefantini | 4430:Fiocco Rapunzel | 4349:Cerchietto fantasia gatti | 1830:1849:Camicia Fantasia Gatti Boy | 1788:1817:Camicietta fantasia Gatti Girl,,
MAGAZZINO - PF AI22,42,TS02SSG06MA21,TS02SSG06MA21,T-shirt 02,,,MGL.C88.FW2022.V,Verde salvia e aloe,6 m.,3-6 mesi,approved_legend,AI,2022,false,Milano,2,2,0,0,7.2,6.4,,0.6,1.16,review_multiple_candidates,review_required,,,,,20,4466:Fiocco Personaggi | 4449:Fiocco Fucsia | 4442:Fiocco Fantasia fiori | 4434:Fiocco elefantini | 4430:Fiocco Rapunzel | 4349:Cerchietto fantasia gatti | 1830:1850:Camicia Fantasia Gatti Boy | 1788:1818:Camicietta fantasia Gatti Girl,,
MAGAZZINO - PF AI22,43,TS02SSG09MA21,TS02SSG09MA21,T-shirt 02,,,MGL.C88.FW2022.V,Verde salvia e aloe,9 m.,6-9 mesi,approved_legend,AI,2022,false,Milano,1,1,0,0,7.2,6.4,,0.6,1.16,review_multiple_candidates,review_required,,,,,20,4466:Fiocco Personaggi | 4449:Fiocco Fucsia | 4442:Fiocco Fantasia fiori | 4434:Fiocco elefantini | 4430:Fiocco Rapunzel | 4349:Cerchietto fantasia gatti | 1830:1851:Camicia Fantasia Gatti Boy | 1788:1819:Camicietta fantasia Gatti Girl,,
MAGAZZINO - PF AI22,44,TS02SSG12MA21,TS02SSG12MA21,T-shirt 02,,,MGL.C88.FW2022.V,Verde salvia e aloe,12 m.,9-12 mesi,approved_legend,AI,2022,false,Milano,1,1,0,0,7.2,6.4,,0.6,1.16,review_multiple_candidates,review_required,,,,,20,4466:Fiocco Personaggi | 4449:Fiocco Fucsia | 4442:Fiocco Fantasia fiori | 4434:Fiocco elefantini | 4430:Fiocco Rapunzel | 4349:Cerchietto fantasia gatti | 1830:1852:Camicia Fantasia Gatti Boy | 1788:1820:Camicietta fantasia Gatti Girl,,
MAGAZZINO - PF AI22,45,TS02SSG18MA21,TS02SSG18MA21,T-shirt 02,,,MGL.C88.FW2022.V,Verde salvia e aloe,18 m.,1 anno,approved_legend,AI,2022,false,Milano,2,2,0,0,7.2,6.4,,0.6,1.16,review_multiple_candidates,review_required,,,,,22,4466:Fiocco Personaggi | 4449:Fiocco Fucsia | 4442:Fiocco Fantasia fiori | 4434:Fiocco elefantini | 4430:Fiocco Rapunzel | 4349:Cerchietto fantasia gatti | 2038:2046:Top double-face fantasia marina | 1910:1918:Camicia Smanicata fantasia Zebra,,
MAGAZZINO - PF AI22,46,TS02SSG24MA21,TS02SSG24MA21,T-shirt 02,,,MGL.C88.FW2022.V,Verde salvia e aloe,24 m.,2 anni,approved_legend,AI,2022,false,Milano,1,1,0,0,7.2,6.4,,0.6,1.16,review_multiple_candidates,review_required,,,,,28,4466:Fiocco Personaggi | 4449:Fiocco Fucsia | 4442:Fiocco Fantasia fiori | 4434:Fiocco elefantini | 4430:Fiocco Rapunzel | 4349:Cerchietto fantasia gatti | 2038:2047:Top double-face fantasia marina | 2018:2034:Abito da cerimonia,,
MAGAZZINO - PF AI22,49,GN01NCG03MA21,GN01NCG03MA21,Gonna 01,,gonna,SAL.E38.FW2022.V,Verde bosco e scuri,3 m.,0-3 mesi,approved_legend,AI,2022,false,Milano,2,2,0,0,9,5.8,,0.5,1.16,matched_auto_sku,update_existing_meta,1642,1690,GN01NCG03MA21,Gonna Salopette in Velluto,1,1642:1690:Gonna Salopette in Velluto,,
MAGAZZINO - PF AI22,50,GN01NCG06MA21,GN01NCG06MA21,Gonna 01,,gonna,SAL.E38.FW2022.V,Verde bosco e scuri,6 m.,3-6 mesi,approved_legend,AI,2022,false,Milano,1,1,0,0,9,5.8,,0.5,1.16,matched_auto_sku,update_existing_meta,1642,1691,GN01NCG06MA21,Gonna Salopette in Velluto,1,1642:1691:Gonna Salopette in Velluto,,
MAGAZZINO - PF AI22,51,GN01NCG09MA21,GN01NCG09MA21,Gonna 01,,gonna,SAL.E38.FW2022.V,Verde bosco e scuri,9 m.,6-9 mesi,approved_legend,AI,2022,false,Milano,2,2,0,0,9,5.8,,0.5,1.16,matched_auto_sku,update_existing_meta,1642,1692,GN01NCG09MA21,Gonna Salopette in Velluto,1,1642:1692:Gonna Salopette in Velluto,,
MAGAZZINO - PF AI22,52,GN01NCG12MA21,GN01NCG12MA21,Gonna 01,,gonna,SAL.E38.FW2022.V,Verde bosco e scuri,12 m.,9-12 mesi,approved_legend,AI,2022,false,Milano,1,1,0,0,9,5.8,,0.5,1.16,matched_auto_sku,update_existing_meta,1642,1693,GN01NCG12MA21,Gonna Salopette in Velluto,1,1642:1693:Gonna Salopette in Velluto,,
MAGAZZINO - PF AI22,53,GN01NCG18MA21,GN01NCG18MA21,Gonna 01,,gonna,SAL.E38.FW2022.V,Verde bosco e scuri,18 m.,1 anno,approved_legend,AI,2022,false,Milano,0,0,0,0,9,5.8,,0.5,1.16,matched_auto_sku,update_existing_meta,1642,1694,GN01NCG18MA21,Gonna Salopette in Velluto,1,1642:1694:Gonna Salopette in Velluto,,
MAGAZZINO - PF AI22,54,GN01NCG24MA21,GN01NCG24MA21,Gonna 01,,gonna,SAL.E38.FW2022.V,Verde bosco e scuri,24 m.,2 anni,approved_legend,AI,2022,false,Milano,1,1,0,0,9,5.8,,0.5,1.16,matched_auto_sku,update_existing_meta,1642,1695,GN01NCG24MA21,Gonna Salopette in Velluto,1,1642:1695:Gonna Salopette in Velluto,,
MAGAZZINO - PF AI22,56,GN01NBB03MA21,GN01NBB03MA21,Gonna 01,,gonna,SAL.E38.FW2022.B,Bering sea,3 m.,0-3 mesi,approved_legend,AI,2022,false,Milano,1,1,0,0,9,5.8,,0.5,1.16,matched_auto_sku,update_existing_meta,1642,1702,GN01NBB03MA21,Gonna Salopette in Velluto,1,1642:1702:Gonna Salopette in Velluto,,
MAGAZZINO - PF AI22,57,GN01NBB06MA21,GN01NBB06MA21,Gonna 01,,gonna,SAL.E38.FW2022.B,Bering sea,6 m.,3-6 mesi,approved_legend,AI,2022,false,Milano,1,1,0,0,9,5.8,,0.5,1.16,matched_auto_sku,update_existing_meta,1642,1703,GN01NBB06MA21,Gonna Salopette in Velluto,1,1642:1703:Gonna Salopette in Velluto,,
MAGAZZINO - PF AI22,58,GN01NBB09MA21,GN01NBB09MA21,Gonna 01,,gonna,SAL.E38.FW2022.B,Bering sea,9 m.,6-9 mesi,approved_legend,AI,2022,false,Milano,1,1,0,0,9,5.8,,0.5,1.16,matched_auto_sku,update_existing_meta,1642,1704,GN01NBB09MA21,Gonna Salopette in Velluto,1,1642:1704:Gonna Salopette in Velluto,,
MAGAZZINO - PF AI22,59,GN01NBB12MA21,GN01NBB12MA21,Gonna 01,,gonna,SAL.E38.FW2022.B,Bering sea,12 m.,9-12 mesi,approved_legend,AI,2022,false,Milano,1,1,0,0,9,5.8,,0.5,1.16,matched_auto_sku,update_existing_meta,1642,1705,GN01NBB12MA21,Gonna Salopette in Velluto,1,1642:1705:Gonna Salopette in Velluto,,
MAGAZZINO - PF AI22,60,GN01NBB18MA21,GN01NBB18MA21,Gonna 01,,gonna,SAL.E38.FW2022.B,Bering sea,18 m.,1 anno,approved_legend,AI,2022,false,Milano,1,1,0,0,9,5.8,,0.5,1.16,matched_auto_sku,update_existing_meta,1642,1706,GN01NBB18MA21,Gonna Salopette in Velluto,1,1642:1706:Gonna Salopette in Velluto,,
MAGAZZINO - PF AI22,61,GN01NBB24MA21,GN01NBB24MA21,Gonna 01,,gonna,SAL.E38.FW2022.B,Bering sea,24 m.,2 anni,approved_legend,AI,2022,false,Milano,1,1,0,0,9,5.8,,0.5,1.16,matched_auto_sku,update_existing_meta,1642,1707,GN01NBB24MA21,Gonna Salopette in Velluto,1,1642:1707:Gonna Salopette in Velluto,,
MAGAZZINO - PF AI22,63,GN01RNH03MA21,GN01RNH03MA21,Gonna 01,,gonna,SAL.E38.FW2022.R,Bordeaux e mattone,3 m.,0-3 mesi,approved_legend,AI,2022,false,Milano,1,1,0,0,9,5.8,,0.5,1.16,matched_auto_sku,update_existing_meta,1642,1696,GN01RNH03MA21,Gonna Salopette in Velluto,1,1642:1696:Gonna Salopette in Velluto,,
MAGAZZINO - PF AI22,64,GN01RNH06MA21,GN01RNH06MA21-2,Gonna 01,,gonna,SAL.E38.FW2022.R,Bordeaux e mattone,3 m.,0-3 mesi,approved_legend,AI,2022,false,Milano,2,2,0,0,9,5.8,,0.5,1.16,review_sku_attribute_conflict,review_required,,,,,1,1642:1697:Gonna Salopette in Velluto,,
MAGAZZINO - PF AI22,65,GN01RNH09MA21,GN01RNH09MA21,Gonna 01,,gonna,SAL.E38.FW2022.R,Bordeaux e mattone,9 m.,6-9 mesi,approved_legend,AI,2022,false,Milano,2,2,0,0,9,5.8,,0.5,1.16,matched_auto_sku,update_existing_meta,1642,1698,GN01RNH09MA21,Gonna Salopette in Velluto,1,1642:1698:Gonna Salopette in Velluto,,
MAGAZZINO - PF AI22,66,GN01RNH12MA21,GN01RNH12MA21,Gonna 01,,gonna,SAL.E38.FW2022.R,Bordeaux e mattone,12 m.,9-12 mesi,approved_legend,AI,2022,false,Milano,2,2,0,0,9,5.8,,0.5,1.16,matched_auto_sku,update_existing_meta,1642,1699,GN01RNH12MA21,Gonna Salopette in Velluto,1,1642:1699:Gonna Salopette in Velluto,,
MAGAZZINO - PF AI22,67,GN01RNH18MA21,GN01RNH18MA21,Gonna 01,,gonna,SAL.E38.FW2022.R,Bordeaux e mattone,18 m.,1 anno,approved_legend,AI,2022,false,Milano,0,0,0,0,9,5.8,,0.5,1.16,matched_auto_sku,update_existing_meta,1642,1700,GN01RNH18MA21,Gonna Salopette in Velluto,1,1642:1700:Gonna Salopette in Velluto,,
MAGAZZINO - PF AI22,68,GN01RNH24MA21,GN01RNH24MA21,Gonna 01,,gonna,SAL.E38.FW2022.R,Bordeaux e mattone,24 m.,2 anni,approved_legend,AI,2022,false,Milano,2,2,0,0,9,5.8,,0.5,1.16,matched_auto_sku,update_existing_meta,1642,1701,GN01RNH24MA21,Gonna Salopette in Velluto,1,1642:1701:Gonna Salopette in Velluto,,
MAGAZZINO - PF AI22,71,PN01CNB03MA21,PN01CNB03MA21,Pant 01,,,SLP.444.FW2022.B,Blu navy e notte,3 m.,0-3 mesi,approved_legend,AI,2022,false,Milano,0,0,0,0,9,6,,0.5,1.16,matched_auto_sku,update_existing_meta,1709,1726,PN01CNB03MA21,Pantaloni Salopette Unisex,1,1709:1726:Pantaloni Salopette Unisex,,
MAGAZZINO - PF AI22,72,PN01CNB06MA21,PN01CNB06MA21,Pant 01,,,SLP.444.FW2022.B,Blu navy e notte,6 m.,3-6 mesi,approved_legend,AI,2022,false,Milano,2,2,0,0,9,6,,0.5,1.16,matched_auto_sku,update_existing_meta,1709,1727,PN01CNB06MA21,Pantaloni Salopette Unisex,1,1709:1727:Pantaloni Salopette Unisex,,
MAGAZZINO - PF AI22,73,PN01CNB09MA21,PN01CNB09MA21,Pant 01,,,SLP.444.FW2022.B,Blu navy e notte,9 m.,6-9 mesi,approved_legend,AI,2022,false,Milano,1,1,0,0,9,6,,0.5,1.16,matched_auto_sku,update_existing_meta,1709,1728,PN01CNB09MA21,Pantaloni Salopette Unisex,1,1709:1728:Pantaloni Salopette Unisex,,
MAGAZZINO - PF AI22,74,PN01CNB12MA21,PN01CNB12MA21,Pant 01,,,SLP.444.FW2022.B,Blu navy e notte,12 m.,9-12 mesi,approved_legend,AI,2022,false,Milano,1,1,0,0,9,6,,0.5,1.16,matched_auto_sku,update_existing_meta,1709,1729,PN01CNB12MA21,Pantaloni Salopette Unisex,1,1709:1729:Pantaloni Salopette Unisex,,
MAGAZZINO - PF AI22,75,PN01CNB18MA21,PN01CNB18MA21,Pant 01,,,SLP.444.FW2022.B,Blu navy e notte,18 m.,1 anno,approved_legend,AI,2022,false,Milano,1,1,0,0,9,6,,0.5,1.16,matched_auto_sku,update_existing_meta,1709,1730,PN01CNB18MA21,Pantaloni Salopette Unisex,1,1709:1730:Pantaloni Salopette Unisex,,
MAGAZZINO - PF AI22,76,PN01CNB24MA21,PN01CNB24MA21,Pant 01,,,SLP.444.FW2022.B,Blu navy e notte,24 m.,2 anni,approved_legend,AI,2022,false,Milano,1,1,0,0,9,6,,0.5,1.16,matched_auto_sku,update_existing_meta,1709,1731,PN01CNB24MA21,Pantaloni Salopette Unisex,1,1709:1731:Pantaloni Salopette Unisex,,
MAGAZZINO - PF AI22,78,PN01CIG03MA21,PN01CIG03MA21,Pant 01,,,SLP.444.FW2022.V,Verde khaki e militare,3 m.,0-3 mesi,approved_legend,AI,2022,false,Milano,2,2,0,0,9,6,,0.5,1.16,review_multiple_candidates,review_required,,,,,23,4466:Fiocco Personaggi | 4449:Fiocco Fucsia | 4442:Fiocco Fantasia fiori | 4434:Fiocco elefantini | 4430:Fiocco Rapunzel | 4409:Scrunchies sfilacciati - Verde khaki e militare | 4349:Cerchietto fantasia gatti | 1869:1886:Abito da cerimonia in velluto,,
MAGAZZINO - PF AI22,79,PN01CIG06MA21,PN01CIG06MA21,Pant 01,,,SLP.444.FW2022.V,Verde khaki e militare,6 m.,3-6 mesi,approved_legend,AI,2022,false,Milano,2,2,0,0,9,6,,0.5,1.16,review_multiple_candidates,review_required,,,,,24,4466:Fiocco Personaggi | 4449:Fiocco Fucsia | 4442:Fiocco Fantasia fiori | 4434:Fiocco elefantini | 4430:Fiocco Rapunzel | 4409:Scrunchies sfilacciati - Verde khaki e militare | 4349:Cerchietto fantasia gatti | 1869:1887:Abito da cerimonia in velluto,,
MAGAZZINO - PF AI22,80,PN01CIG09MA21,PN01CIG09MA21,Pant 01,,,SLP.444.FW2022.V,Verde khaki e militare,9 m.,6-9 mesi,approved_legend,AI,2022,false,Milano,1,1,0,0,9,6,,0.5,1.16,review_multiple_candidates,review_required,,,,,24,4466:Fiocco Personaggi | 4449:Fiocco Fucsia | 4442:Fiocco Fantasia fiori | 4434:Fiocco elefantini | 4430:Fiocco Rapunzel | 4409:Scrunchies sfilacciati - Verde khaki e militare | 4349:Cerchietto fantasia gatti | 1869:1888:Abito da cerimonia in velluto,,
MAGAZZINO - PF AI22,81,PN01CIG12MA21,PN01CIG12MA21,Pant 01,,,SLP.444.FW2022.V,Verde khaki e militare,12 m.,9-12 mesi,approved_legend,AI,2022,false,Milano,0,0,0,0,9,6,,0.5,1.16,review_multiple_candidates,review_required,,,,,24,4466:Fiocco Personaggi | 4449:Fiocco Fucsia | 4442:Fiocco Fantasia fiori | 4434:Fiocco elefantini | 4430:Fiocco Rapunzel | 4409:Scrunchies sfilacciati - Verde khaki e militare | 4349:Cerchietto fantasia gatti | 1869:1889:Abito da cerimonia in velluto,,
MAGAZZINO - PF AI22,82,PN01CIG18MA21,PN01CIG18MA21,Pant 01,,,SLP.444.FW2022.V,Verde khaki e militare,18 m.,1 anno,approved_legend,AI,2022,false,Milano,2,2,0,0,9,6,,0.5,1.16,review_multiple_candidates,review_required,,,,,28,4466:Fiocco Personaggi | 4449:Fiocco Fucsia | 4442:Fiocco Fantasia fiori | 4434:Fiocco elefantini | 4430:Fiocco Rapunzel | 4409:Scrunchies sfilacciati - Verde khaki e militare | 4349:Cerchietto fantasia gatti | 4109:4116:Camicia in lino manica corta,,
MAGAZZINO - PF AI22,83,PN01CIG24MA21,PN01CIG24MA21,Pant 01,,,SLP.444.FW2022.V,Verde khaki e militare,24 m.,2 anni,approved_legend,AI,2022,false,Milano,2,2,0,0,9,6,,0.5,1.16,review_multiple_candidates,review_required,,,,,42,4466:Fiocco Personaggi | 4449:Fiocco Fucsia | 4442:Fiocco Fantasia fiori | 4434:Fiocco elefantini | 4430:Fiocco Rapunzel | 4409:Scrunchies sfilacciati - Verde khaki e militare | 4349:Cerchietto fantasia gatti | 4109:4117:Camicia in lino manica corta,,
MAGAZZINO - PF AI22,85,PN01CCP03MA21,PN01CCP03MA21,Pant 01,,,SLP.444.FW2022.C,Marrone e mocha,3 m.,0-3 mesi,approved_legend,AI,2022,false,Milano,1,1,0,0,9,6,,0.5,1.16,matched_auto_sku,update_existing_meta,1709,1720,PN01CCP03MA21,Pantaloni Salopette Unisex,1,1709:1720:Pantaloni Salopette Unisex,,
MAGAZZINO - PF AI22,86,PN01CCP06MA21,PN01CCP06MA21,Pant 01,,,SLP.444.FW2022.C,Marrone e mocha,6 m.,3-6 mesi,approved_legend,AI,2022,false,Milano,1,1,0,0,9,6,,0.5,1.16,matched_auto_sku,update_existing_meta,1709,1721,PN01CCP06MA21,Pantaloni Salopette Unisex,1,1709:1721:Pantaloni Salopette Unisex,,
MAGAZZINO - PF AI22,87,PN01CCP09MA21,PN01CCP09MA21,Pant 01,,,SLP.444.FW2022.C,Marrone e mocha,9 m.,6-9 mesi,approved_legend,AI,2022,false,Milano,0,0,0,0,9,6,,0.5,1.16,matched_auto_sku,update_existing_meta,1709,1722,PN01CCP09MA21,Pantaloni Salopette Unisex,1,1709:1722:Pantaloni Salopette Unisex,,
MAGAZZINO - PF AI22,88,PN01CCP12MA21,PN01CCP12MA21,Pant 01,,,SLP.444.FW2022.C,Marrone e mocha,12 m.,9-12 mesi,approved_legend,AI,2022,false,Milano,0,0,0,0,9,6,,0.5,1.16,matched_auto_sku,update_existing_meta,1709,1723,PN01CCP12MA21,Pantaloni Salopette Unisex,1,1709:1723:Pantaloni Salopette Unisex,,
MAGAZZINO - PF AI22,89,PN01CCP18MA21,PN01CCP18MA21,Pant 01,,,SLP.444.FW2022.C,Marrone e mocha,18 m.,1 anno,approved_legend,AI,2022,false,Milano,0,0,0,0,9,6,,0.5,1.16,matched_auto_sku,update_existing_meta,1709,1724,PN01CCP18MA21,Pantaloni Salopette Unisex,1,1709:1724:Pantaloni Salopette Unisex,,
MAGAZZINO - PF AI22,90,PN01CCP24MA21,PN01CCP24MA21,Pant 01,,,SLP.444.FW2022.C,Marrone e mocha,24 m.,2 anni,approved_legend,AI,2022,false,Milano,1,1,0,0,9,6,,0.5,1.16,matched_auto_sku,update_existing_meta,1709,1725,PN01CCP24MA21,Pantaloni Salopette Unisex,1,1709:1725:Pantaloni Salopette Unisex,,
MAGAZZINO - PF AI22,93,AB01NCG03MA21,AB01NCG03MA21,AB01,,,VST.E38.FW2022.V,Verde khaki e militare,3 m.,0-3 mesi,approved_legend,AI,2022,false,Milano,2,2,0,0,9,5.8,,,1.16,matched_auto_sku,update_existing_meta,1869,1886,AB01NCG03MA21,Abito da cerimonia in velluto,1,1869:1886:Abito da cerimonia in velluto,,
MAGAZZINO - PF AI22,94,AB01NCG06MA21,AB01NCG06MA21,AB01,,,VST.E38.FW2022.V,Verde khaki e militare,6 m.,3-6 mesi,approved_legend,AI,2022,false,Milano,2,2,0,0,9,5.8,,,1.16,matched_auto_sku,update_existing_meta,1869,1887,AB01NCG06MA21,Abito da cerimonia in velluto,1,1869:1887:Abito da cerimonia in velluto,,
MAGAZZINO - PF AI22,95,AB01NCG09MA21,AB01NCG09MA21,AB01,,,VST.E38.FW2022.V,Verde khaki e militare,9 m.,6-9 mesi,approved_legend,AI,2022,false,Milano,2,2,0,0,9,5.8,,,1.16,matched_auto_sku,update_existing_meta,1869,1888,AB01NCG09MA21,Abito da cerimonia in velluto,1,1869:1888:Abito da cerimonia in velluto,,
MAGAZZINO - PF AI22,96,AB01NCG12MA21,AB01NCG12MA21,AB01,,,VST.E38.FW2022.V,Verde khaki e militare,12 m.,9-12 mesi,approved_legend,AI,2022,false,Milano,2,2,0,0,9,5.8,,,1.16,matched_auto_sku,update_existing_meta,1869,1889,AB01NCG12MA21,Abito da cerimonia in velluto,1,1869:1889:Abito da cerimonia in velluto,,
MAGAZZINO - PF AI22,97,AB01NCG18MA21,AB01NCG18MA21,AB01,,,VST.E38.FW2022.V,Verde khaki e militare,18 m.,1 anno,approved_legend,AI,2022,false,Milano,0,0,0,0,9,5.8,,,1.16,matched_auto_sku,update_existing_meta,1869,1890,AB01NCG18MA21,Abito da cerimonia in velluto,1,1869:1890:Abito da cerimonia in velluto,,
MAGAZZINO - PF AI22,98,AB01NCG24MA21,AB01NCG24MA21,AB01,,,VST.E38.FW2022.V,Verde khaki e militare,24 m.,2 anni,approved_legend,AI,2022,false,Milano,0,0,0,0,9,5.8,,,1.16,matched_auto_sku,update_existing_meta,1869,1891,AB01NCG24MA21,Abito da cerimonia in velluto,1,1869:1891:Abito da cerimonia in velluto,,
MAGAZZINO - PF AI22,100,AB01NBB03MA21,AB01NBB03MA21,AB01,,,VST.E38.FW2022.B,Azzurro polvere e denim,3 m.,0-3 mesi,approved_legend,AI,2022,false,Milano,1,1,0,0,9,5.8,,,1.16,matched_auto_sku,update_existing_meta,1869,1892,AB01NBB03MA21,Abito da cerimonia in velluto,1,1869:1892:Abito da cerimonia in velluto,,
MAGAZZINO - PF AI22,101,AB01NBB06MA21,AB01NBB06MA21,AB01,,,VST.E38.FW2022.B,Azzurro polvere e denim,6 m.,3-6 mesi,approved_legend,AI,2022,false,Milano,1,1,0,0,9,5.8,,,1.16,matched_auto_sku,update_existing_meta,1869,1893,AB01NBB06MA21,Abito da cerimonia in velluto,1,1869:1893:Abito da cerimonia in velluto,,
MAGAZZINO - PF AI22,102,AB01NBB09MA21,AB01NBB09MA21,AB01,,,VST.E38.FW2022.B,Azzurro polvere e denim,9 m.,6-9 mesi,approved_legend,AI,2022,false,Milano,1,1,0,0,9,5.8,,,1.16,matched_auto_sku,update_existing_meta,1869,1894,AB01NBB09MA21,Abito da cerimonia in velluto,1,1869:1894:Abito da cerimonia in velluto,,
MAGAZZINO - PF AI22,103,AB01NBB12MA21,AB01NBB12MA21,AB01,,,VST.E38.FW2022.B,Azzurro polvere e denim,12 m.,9-12 mesi,approved_legend,AI,2022,false,Milano,1,1,0,0,9,5.8,,,1.16,matched_auto_sku,update_existing_meta,1869,1895,AB01NBB12MA21,Abito da cerimonia in velluto,1,1869:1895:Abito da cerimonia in velluto,,
MAGAZZINO - PF AI22,104,AB01NBB18MA21,AB01NBB18MA21,AB01,,,VST.E38.FW2022.B,Azzurro polvere e denim,18 m.,1 anno,approved_legend,AI,2022,false,Milano,0,0,0,0,9,5.8,,,1.16,matched_auto_sku,update_existing_meta,1869,1896,AB01NBB18MA21,Abito da cerimonia in velluto,1,1869:1896:Abito da cerimonia in velluto,,
MAGAZZINO - PF AI22,105,AB01NBB24MA21,AB01NBB24MA21,AB01,,,VST.E38.FW2022.B,Azzurro polvere e denim,24 m.,2 anni,approved_legend,AI,2022,false,Milano,0,0,0,0,9,5.8,,,1.16,matched_auto_sku,update_existing_meta,1869,1897,AB01NBB24MA21,Abito da cerimonia in velluto,1,1869:1897:Abito da cerimonia in velluto,,
MAGAZZINO - PF AI22,107,AB01NRH03MA21,AB01NRH03MA21,AB01,,,VST.E38.FW2022.R,Bordeaux e mattone,3 m.,0-3 mesi,approved_legend,AI,2022,false,Milano,1,1,0,0,9,5.8,,,1.16,review_multiple_candidates,review_required,,,,,23,4466:Fiocco Personaggi | 4449:Fiocco Fucsia | 4442:Fiocco Fantasia fiori | 4434:Fiocco elefantini | 4430:Fiocco Rapunzel | 4349:Cerchietto fantasia gatti | 1869:1880:Abito da cerimonia in velluto | 1831:4494:Pantalone in felpa,,
MAGAZZINO - PF AI22,108,AB01NRH06MA21,AB01NRH06MA21,AB01,,,VST.E38.FW2022.R,Bordeaux e mattone,6 m.,3-6 mesi,approved_legend,AI,2022,false,Milano,2,2,0,0,9,5.8,,,1.16,matched_auto_sku,update_existing_meta,1869,1881,AB01NRH06MA21,Abito da cerimonia in velluto,1,1869:1881:Abito da cerimonia in velluto,,
MAGAZZINO - PF AI22,109,AB01NRH09MA21,AB01NRH09MA21,AB01,,,VST.E38.FW2022.R,Bordeaux e mattone,9 m.,6-9 mesi,approved_legend,AI,2022,false,Milano,1,1,0,0,9,5.8,,,1.16,matched_auto_sku,update_existing_meta,1869,1882,AB01NRH09MA21,Abito da cerimonia in velluto,1,1869:1882:Abito da cerimonia in velluto,,
MAGAZZINO - PF AI22,110,AB01NRH12MA21,AB01NRH12MA21,AB01,,,VST.E38.FW2022.R,Bordeaux e mattone,12 m.,9-12 mesi,approved_legend,AI,2022,false,Milano,1,1,0,0,9,5.8,,,1.16,matched_auto_sku,update_existing_meta,1869,1883,AB01NRH12MA21,Abito da cerimonia in velluto,1,1869:1883:Abito da cerimonia in velluto,,
MAGAZZINO - PF AI22,111,AB01NRH18MA21,AB01NRH18MA21,AB01,,,VST.E38.FW2022.R,Bordeaux e mattone,18 m.,1 anno,approved_legend,AI,2022,false,Milano,2,2,0,0,9,5.8,,,1.16,matched_auto_sku,update_existing_meta,1869,1884,AB01NRH18MA21,Abito da cerimonia in velluto,1,1869:1884:Abito da cerimonia in velluto,,
MAGAZZINO - PF AI22,112,AB01NRH24MA21,AB01NRH24MA21,AB01,,,VST.E38.FW2022.R,Bordeaux e mattone,24 m.,2 anni,approved_legend,AI,2022,false,Milano,1,1,0,0,9,5.8,,,1.16,matched_auto_sku,update_existing_meta,1869,1885,AB01NRH24MA21,Abito da cerimonia in velluto,1,1869:1885:Abito da cerimonia in velluto,,
MAGAZZINO - PF AI22,116,TT01NCG03MA21,TT01NCG03MA21,Tutina bimba (02),,,TTN.E38.FW2022.V,Verde bosco e scuri,3 m.,0-3 mesi,approved_legend,AI,2022,false,Milano,0,0,0,0,8.2,5.8,,,1.16,matched_auto_sku,update_existing_meta,1710,1740,TT01NCG03MA21,Tutina smanicata con fiocco,1,1710:1740:Tutina smanicata con fiocco,,
MAGAZZINO - PF AI22,117,TT01NCG06MA21,TT01NCG06MA21,Tutina bimba (02),,,TTN.E38.FW2022.V,Verde bosco e scuri,6 m.,3-6 mesi,approved_legend,AI,2022,false,Milano,1,1,0,0,8.2,5.8,,,1.16,matched_auto_sku,update_existing_meta,1710,1741,TT01NCG06MA21,Tutina smanicata con fiocco,1,1710:1741:Tutina smanicata con fiocco,,
MAGAZZINO - PF AI22,118,TT01NCG09MA21,TT01NCG09MA21,Tutina bimba (02),,,TTN.E38.FW2022.V,Verde bosco e scuri,9 m.,6-9 mesi,approved_legend,AI,2022,false,Milano,1,1,0,0,8.2,5.8,,,1.16,matched_auto_sku,update_existing_meta,1710,1742,TT01NCG09MA21,Tutina smanicata con fiocco,1,1710:1742:Tutina smanicata con fiocco,,
MAGAZZINO - PF AI22,119,TT01NCG12MA21,TT01NCG12MA21,Tutina bimba (02),,,TTN.E38.FW2022.V,Verde bosco e scuri,12 m.,9-12 mesi,approved_legend,AI,2022,false,Milano,1,1,0,0,8.2,5.8,,,1.16,matched_auto_sku,update_existing_meta,1710,1743,TT01NCG12MA21,Tutina smanicata con fiocco,1,1710:1743:Tutina smanicata con fiocco,,
MAGAZZINO - PF AI22,120,TT01NCG18MA21,TT01NCG18MA21,Tutina bimba (02),,,TTN.E38.FW2022.V,Verde bosco e scuri,18 m.,1 anno,approved_legend,AI,2022,false,Milano,2,2,0,0,8.2,5.8,,,1.16,matched_auto_sku,update_existing_meta,1710,1744,TT01NCG18MA21,Tutina smanicata con fiocco,1,1710:1744:Tutina smanicata con fiocco,,
MAGAZZINO - PF AI22,121,TT01NCG24MA21,TT01NCG24MA21,Tutina bimba (02),,,TTN.E38.FW2022.V,Verde bosco e scuri,24 m.,2 anni,approved_legend,AI,2022,false,Milano,2,2,0,0,8.2,5.8,,,1.16,matched_auto_sku,update_existing_meta,1710,1745,TT01NCG24MA21,Tutina smanicata con fiocco,1,1710:1745:Tutina smanicata con fiocco,,
MAGAZZINO - PF AI22,123,TT01NBB03MA21,TT01NBB03MA21,Tutina bimba (02),,,TTN.E38.FW2022.B,Blu navy e notte,3 m.,0-3 mesi,approved_legend,AI,2022,false,Milano,2,2,0,0,8.2,5.8,,,1.16,review_multiple_candidates,review_required,,,,,17,4466:Fiocco Personaggi | 4449:Fiocco Fucsia | 4442:Fiocco Fantasia fiori | 4434:Fiocco elefantini | 4430:Fiocco Rapunzel | 4349:Cerchietto fantasia gatti | 1830:1849:Camicia Fantasia Gatti Boy | 1788:1817:Camicietta fantasia Gatti Girl,,
MAGAZZINO - PF AI22,124,TT01NBB06MA21,TT01NBB06MA21,Tutina bimba (02),,,TTN.E38.FW2022.B,Blu navy e notte,6 m.,3-6 mesi,approved_legend,AI,2022,false,Milano,2,2,0,0,8.2,5.8,,,1.16,review_multiple_candidates,review_required,,,,,18,4466:Fiocco Personaggi | 4449:Fiocco Fucsia | 4442:Fiocco Fantasia fiori | 4434:Fiocco elefantini | 4430:Fiocco Rapunzel | 4349:Cerchietto fantasia gatti | 1830:1850:Camicia Fantasia Gatti Boy | 1788:1818:Camicietta fantasia Gatti Girl,,
MAGAZZINO - PF AI22,125,TT01NBB09MA21,TT01NBB09MA21,Tutina bimba (02),,,TTN.E38.FW2022.B,Blu navy e notte,9 m.,6-9 mesi,approved_legend,AI,2022,false,Milano,2,2,0,0,8.2,5.8,,,1.16,review_multiple_candidates,review_required,,,,,18,4466:Fiocco Personaggi | 4449:Fiocco Fucsia | 4442:Fiocco Fantasia fiori | 4434:Fiocco elefantini | 4430:Fiocco Rapunzel | 4349:Cerchietto fantasia gatti | 1830:1851:Camicia Fantasia Gatti Boy | 1788:1819:Camicietta fantasia Gatti Girl,,
MAGAZZINO - PF AI22,126,TT01NBB12MA21,TT01NBB12MA21,Tutina bimba (02),,,TTN.E38.FW2022.B,Blu navy e notte,12 m.,9-12 mesi,approved_legend,AI,2022,false,Milano,1,1,0,0,8.2,5.8,,,1.16,review_multiple_candidates,review_required,,,,,18,4466:Fiocco Personaggi | 4449:Fiocco Fucsia | 4442:Fiocco Fantasia fiori | 4434:Fiocco elefantini | 4430:Fiocco Rapunzel | 4349:Cerchietto fantasia gatti | 1830:1852:Camicia Fantasia Gatti Boy | 1788:1820:Camicietta fantasia Gatti Girl,,
MAGAZZINO - PF AI22,127,TT01NBB18MA21,TT01NBB18MA21,Tutina bimba (02),,,TTN.E38.FW2022.B,Blu navy e notte,18 m.,1 anno,approved_legend,AI,2022,false,Milano,1,1,0,0,8.2,5.8,,,1.16,review_multiple_candidates,review_required,,,,,20,4466:Fiocco Personaggi | 4449:Fiocco Fucsia | 4442:Fiocco Fantasia fiori | 4434:Fiocco elefantini | 4430:Fiocco Rapunzel | 4349:Cerchietto fantasia gatti | 2038:2046:Top double-face fantasia marina | 1910:1918:Camicia Smanicata fantasia Zebra,,
MAGAZZINO - PF AI22,128,TT01NBB24MA21,TT01NBB24MA21,Tutina bimba (02),,,TTN.E38.FW2022.B,Blu navy e notte,24 m.,2 anni,approved_legend,AI,2022,false,Milano,1,1,0,0,8.2,5.8,,,1.16,review_multiple_candidates,review_required,,,,,28,4466:Fiocco Personaggi | 4449:Fiocco Fucsia | 4442:Fiocco Fantasia fiori | 4434:Fiocco elefantini | 4430:Fiocco Rapunzel | 4349:Cerchietto fantasia gatti | 2038:2047:Top double-face fantasia marina | 2018:2034:Abito da cerimonia,,
MAGAZZINO - PF AI22,130,TT01NRH03MA21,TT01NRH03MA21,Tutina bimba (02),,,TTN.E38.FW2022.R,Bordeaux e mattone,3 m.,0-3 mesi,approved_legend,AI,2022,false,Milano,1,1,0,0,8.2,5.8,,,1.16,matched_auto_sku,update_existing_meta,1710,1747,TT01NRH03MA21,Tutina smanicata con fiocco,1,1710:1747:Tutina smanicata con fiocco,,
MAGAZZINO - PF AI22,131,TT01NRH06MA21,TT01NRH06MA21,Tutina bimba (02),,,TTN.E38.FW2022.R,Bordeaux e mattone,6 m.,3-6 mesi,approved_legend,AI,2022,false,Milano,2,2,0,0,8.2,5.8,,,1.16,matched_auto_sku,update_existing_meta,1710,1748,TT01NRH06MA21,Tutina smanicata con fiocco,1,1710:1748:Tutina smanicata con fiocco,,
MAGAZZINO - PF AI22,132,TT01NRH09MA21,TT01NRH09MA21,Tutina bimba (02),,,TTN.E38.FW2022.R,Bordeaux e mattone,9 m.,6-9 mesi,approved_legend,AI,2022,false,Milano,2,2,0,0,8.2,5.8,,,1.16,matched_auto_sku,update_existing_meta,1710,1749,TT01NRH09MA21,Tutina smanicata con fiocco,1,1710:1749:Tutina smanicata con fiocco,,
MAGAZZINO - PF AI22,133,TT01NRH12MA21,TT01NRH12MA21,Tutina bimba (02),,,TTN.E38.FW2022.R,Bordeaux e mattone,12 m.,9-12 mesi,approved_legend,AI,2022,false,Milano,0,0,0,0,8.2,5.8,,,1.16,matched_auto_sku,update_existing_meta,1710,1750,TT01NRH12MA21,Tutina smanicata con fiocco,1,1710:1750:Tutina smanicata con fiocco,,
MAGAZZINO - PF AI22,134,TT01NRH18MA21,TT01NRH18MA21,Tutina bimba (02),,,TTN.E38.FW2022.R,Bordeaux e mattone,18 m.,1 anno,approved_legend,AI,2022,false,Milano,1,1,0,0,8.2,5.8,,,1.16,matched_auto_sku,update_existing_meta,1710,1751,TT01NRH18MA21,Tutina smanicata con fiocco,1,1710:1751:Tutina smanicata con fiocco,,
MAGAZZINO - PF AI22,135,TT01NRH24MA21,TT01NRH24MA21,Tutina bimba (02),,,TTN.E38.FW2022.R,Bordeaux e mattone,24 m.,2 anni,approved_legend,AI,2022,false,Milano,1,1,0,0,8.2,5.8,,,1.16,matched_auto_sku,update_existing_meta,1710,1752,TT01NRH24MA21,Tutina smanicata con fiocco,1,1710:1752:Tutina smanicata con fiocco,,
MAGAZZINO - PF AI22,138,TT02RBS03MA21,TT02RBS03MA21,Tutina bimbo (01),,,TTN.C77.FW2022.B,Bering sea,3 m.,0-3 mesi,approved_legend,AI,2022,false,Milano,1,1,0,0,9,9.41,,0.5,1.16,matched_auto_sku,update_existing_meta,1746,1772,TT02RBS03MA21,Tutina Smanicata,1,1746:1772:Tutina Smanicata,,
MAGAZZINO - PF AI22,139,TT02RBS06MA21,TT02RBS06MA21,Tutina bimbo (01),,,TTN.C77.FW2022.B,Bering sea,6 m.,3-6 mesi,approved_legend,AI,2022,false,Milano,1,1,0,0,9,9.41,,0.5,1.16,matched_auto_sku,update_existing_meta,1746,1773,TT02RBS06MA21,Tutina Smanicata,1,1746:1773:Tutina Smanicata,,
MAGAZZINO - PF AI22,140,TT02RBS09MA21,TT02RBS09MA21,Tutina bimbo (01),,,TTN.C77.FW2022.B,Bering sea,9 m.,6-9 mesi,approved_legend,AI,2022,false,Milano,1,1,0,0,9,9.41,,0.5,1.16,matched_auto_sku,update_existing_meta,1746,1774,TT02RBS09MA21,Tutina Smanicata,1,1746:1774:Tutina Smanicata,,
MAGAZZINO - PF AI22,141,TT02RBS12MA21,TT02RBS12MA21,Tutina bimbo (01),,,TTN.C77.FW2022.B,Bering sea,12 m.,9-12 mesi,approved_legend,AI,2022,false,Milano,0,0,0,0,9,9.41,,0.5,1.16,matched_auto_sku,update_existing_meta,1746,1775,TT02RBS12MA21,Tutina Smanicata,1,1746:1775:Tutina Smanicata,,
MAGAZZINO - PF AI22,142,TT02RBS18MA21,TT02RBS18MA21,Tutina bimbo (01),,,TTN.C77.FW2022.B,Bering sea,18 m.,1 anno,approved_legend,AI,2022,false,Milano,1,1,0,0,9,9.41,,0.5,1.16,matched_auto_sku,update_existing_meta,1746,1776,TT02RBS18MA21,Tutina Smanicata,1,1746:1776:Tutina Smanicata,,
MAGAZZINO - PF AI22,143,TT02RBS24MA21,TT02RBS24MA21,Tutina bimbo (01),,,TTN.C77.FW2022.B,Bering sea,24 m.,2 anni,approved_legend,AI,2022,false,Milano,0,0,0,0,9,9.41,,0.5,1.16,matched_auto_sku,update_existing_meta,1746,1777,TT02RBS24MA21,Tutina Smanicata,1,1746:1777:Tutina Smanicata,,
MAGAZZINO - PF AI22,145,TT02SSG03MA21,TT02SSG03MA21,Tutina bimbo (01),,,TTN.C77.FW2022.S,Verde salvia e aloe,3 m.,0-3 mesi,approved_legend,AI,2022,false,Milano,1,1,0,0,9,9.41,,0.5,1.16,matched_auto_sku,update_existing_meta,1746,1784,TT02SSG03MA21,Tutina Smanicata,1,1746:1784:Tutina Smanicata,,
MAGAZZINO - PF AI22,146,TT02SSG06MA21,TT02SSG06MA21,Tutina bimbo (01),,,TTN.C77.FW2022.S,Verde salvia e aloe,6 m.,3-6 mesi,approved_legend,AI,2022,false,Milano,1,1,0,0,9,9.41,,0.5,1.16,matched_auto_sku,update_existing_meta,1746,1785,TT02SSG06MA21,Tutina Smanicata,1,1746:1785:Tutina Smanicata,,
MAGAZZINO - PF AI22,147,TT02SSG09MA21,TT02SSG09MA21,Tutina bimbo (01),,,TTN.C77.FW2022.S,Verde salvia e aloe,9 m.,6-9 mesi,approved_legend,AI,2022,false,Milano,1,1,0,0,9,9.41,,0.5,1.16,matched_auto_sku,update_existing_meta,1746,1786,TT02SSG09MA21,Tutina Smanicata,1,1746:1786:Tutina Smanicata,,
MAGAZZINO - PF AI22,148,TT02SSG12MA21,TT02SSG12MA21,Tutina bimbo (01),,,TTN.C77.FW2022.S,Verde salvia e aloe,12 m.,9-12 mesi,approved_legend,AI,2022,false,Milano,0,0,0,0,9,9.41,,0.5,1.16,matched_auto_sku,update_existing_meta,1746,1790,TT02SSG12MA21,Tutina Smanicata,1,1746:1790:Tutina Smanicata,,
MAGAZZINO - PF AI22,149,TT02SSG18MA21,TT02SSG18MA21,Tutina bimbo (01),,,TTN.C77.FW2022.S,Verde salvia e aloe,18 m.,1 anno,approved_legend,AI,2022,false,Milano,1,1,0,0,9,9.41,,0.5,1.16,matched_auto_sku,update_existing_meta,1746,1791,TT02SSG18MA21,Tutina Smanicata,1,1746:1791:Tutina Smanicata,,
MAGAZZINO - PF AI22,150,TT02SSG24MA21,TT02SSG24MA21,Tutina bimbo (01),,,TTN.C77.FW2022.S,Verde salvia e aloe,24 m.,2 anni,approved_legend,AI,2022,false,Milano,1,1,0,0,9,9.41,,0.6,1.16,matched_auto_sku,update_existing_meta,1746,1792,TT02SSG24MA21,Tutina Smanicata,1,1746:1792:Tutina Smanicata,,
MAGAZZINO - PF AI22,152,TT02SRB03MA21,TT02SRB03MA21,Tutina bimbo (01),,,TTN.C77.FW2022.A,Bordeaux e mattone,3 m.,0-3 mesi,approved_legend,AI,2022,false,Milano,2,2,0,0,9,4.23,,0.5,1.16,matched_auto_sku,update_existing_meta,1746,1778,TT02SRB03MA21,Tutina Smanicata,1,1746:1778:Tutina Smanicata,,
MAGAZZINO - PF AI22,153,TT02SRB06MA21,TT02SRB06MA21,Tutina bimbo (01),,,TTN.C77.FW2022.A,Bordeaux e mattone,6 m.,3-6 mesi,approved_legend,AI,2022,false,Milano,1,1,0,0,9,4.23,,0.5,1.16,matched_auto_sku,update_existing_meta,1746,1779,TT02SRB06MA21,Tutina Smanicata,1,1746:1779:Tutina Smanicata,,
MAGAZZINO - PF AI22,154,TT02SRB09MA21,TT02SRB09MA21,Tutina bimbo (01),,,TTN.C77.FW2022.A,Bordeaux e mattone,9 m.,6-9 mesi,approved_legend,AI,2022,false,Milano,2,2,0,0,9,4.23,,0.5,1.16,matched_auto_sku,update_existing_meta,1746,1780,TT02SRB09MA21,Tutina Smanicata,1,1746:1780:Tutina Smanicata,,
MAGAZZINO - PF AI22,155,TT02SRB12MA21,TT02SRB12MA21,Tutina bimbo (01),,,TTN.C77.FW2022.A,Bordeaux e mattone,12 m.,9-12 mesi,approved_legend,AI,2022,false,Milano,1,1,0,0,9,4.23,,0.5,1.16,matched_auto_sku,update_existing_meta,1746,1781,TT02SRB12MA21,Tutina Smanicata,1,1746:1781:Tutina Smanicata,,
MAGAZZINO - PF AI22,156,TT02SRB18MA21,TT02SRB18MA21,Tutina bimbo (01),,,TTN.C77.FW2022.A,Bordeaux e mattone,18 m.,1 anno,approved_legend,AI,2022,false,Milano,1,1,0,0,9,4.23,,0.5,1.16,matched_auto_sku,update_existing_meta,1746,1782,TT02SRB18MA21,Tutina Smanicata,1,1746:1782:Tutina Smanicata,,
MAGAZZINO - PF AI22,157,TT02SRB24MA21,TT02SRB24MA21,Tutina bimbo (01),,,TTN.C77.FW2022.A,Bordeaux e mattone,24 m.,2 anni,approved_legend,AI,2022,false,Milano,0,0,0,0,9,4.23,,0.6,1.16,matched_auto_sku,update_existing_meta,1746,1783,TT02SRB24MA21,Tutina Smanicata,1,1746:1783:Tutina Smanicata,,
MAGAZZINO - PF AI22,159,TT02SIG03MA21,TT02SIG03MA21,Tutina bimbo (01),,,TTN.C77.FW2022.V,Verde bosco e scuri,3 m.,0-3 mesi,approved_legend,AI,2022,false,Milano,2,2,0,0,9,4.23,,0.5,1.16,matched_auto_sku,update_existing_meta,1746,1766,TT02SIG03MA21,Tutina Smanicata,1,1746:1766:Tutina Smanicata,,
MAGAZZINO - PF AI22,160,TT02SIG06MA21,TT02SIG06MA21,Tutina bimbo (01),,,TTN.C77.FW2022.V,Verde bosco e scuri,6 m.,3-6 mesi,approved_legend,AI,2022,false,Milano,2,2,0,0,9,4.23,,0.5,1.16,matched_auto_sku,update_existing_meta,1746,1767,TT02SIG06MA21,Tutina Smanicata,1,1746:1767:Tutina Smanicata,,
MAGAZZINO - PF AI22,161,TT02SIG09MA21,TT02SIG09MA21,Tutina bimbo (01),,,TTN.C77.FW2022.V,Verde bosco e scuri,9 m.,6-9 mesi,approved_legend,AI,2022,false,Milano,2,2,0,0,9,4.23,,0.5,1.16,matched_auto_sku,update_existing_meta,1746,1768,TT02SIG09MA21,Tutina Smanicata,1,1746:1768:Tutina Smanicata,,
MAGAZZINO - PF AI22,162,TT02SIG12MA21,TT02SIG12MA21,Tutina bimbo (01),,,TTN.C77.FW2022.V,Verde bosco e scuri,12 m.,9-12 mesi,approved_legend,AI,2022,false,Milano,1,1,0,0,9,4.23,,0.5,1.16,matched_auto_sku,update_existing_meta,1746,1769,TT02SIG12MA21,Tutina Smanicata,1,1746:1769:Tutina Smanicata,,
MAGAZZINO - PF AI22,163,TT02SIG18MA21,TT02SIG18MA21,Tutina bimbo (01),,,TTN.C77.FW2022.V,Verde bosco e scuri,18 m.,1 anno,approved_legend,AI,2022,false,Milano,0,0,0,0,9,4.23,,0.5,1.16,matched_auto_sku,update_existing_meta,1746,1770,TT02SIG18MA21,Tutina Smanicata,1,1746:1770:Tutina Smanicata,,
MAGAZZINO - PF AI22,164,TT02SIG24MA21,TT02SIG24MA21,Tutina bimbo (01),,,TTN.C77.FW2022.V,Verde bosco e scuri,24 m.,2 anni,approved_legend,AI,2022,false,Milano,1,1,0,0,9,4.23,,0.6,1.16,matched_auto_sku,update_existing_meta,1746,1771,TT02SIG24MA21,Tutina Smanicata,1,1746:1771:Tutina Smanicata,,
MAGAZZINO - PF AI22,167,PT02SRB03MA21,PT02SRB03MA21,Pant02,,,PNT.C88.FW2022.A,Bordeaux e mattone,3 m.,0-3 mesi,approved_legend,AI,2022,false,Milano,0,0,0,0,6.8,4.23,,0.5,1.16,matched_auto_sku,update_existing_meta,1831,4494,PT02SRB03MA21,Pantalone in felpa,1,1831:4494:Pantalone in felpa,,
MAGAZZINO - PF AI22,168,PT02SRB06MA21,PT02SRB06MA21,Pant02,,,PNT.C88.FW2022.A,Bordeaux e mattone,6 m.,3-6 mesi,approved_legend,AI,2022,false,Milano,1,1,0,0,6.8,4.23,,0.5,1.16,matched_auto_sku,update_existing_meta,1831,4497,PT02SRB06MA21,Pantalone in felpa,1,1831:4497:Pantalone in felpa,,
MAGAZZINO - PF AI22,169,PT02SRB09MA21,PT02SRB09MA21,Pant02,,,PNT.C88.FW2022.A,Bordeaux e mattone,9 m.,6-9 mesi,approved_legend,AI,2022,false,Milano,2,2,0,0,6.8,4.23,,0.5,1.16,matched_auto_sku,update_existing_meta,1831,4498,PT02SRB09MA21,Pantalone in felpa,1,1831:4498:Pantalone in felpa,,
MAGAZZINO - PF AI22,170,PT02SRB12MA21,PT02SRB12MA21,Pant02,,,PNT.C88.FW2022.A,Bordeaux e mattone,12 m.,9-12 mesi,approved_legend,AI,2022,false,Milano,2,2,0,0,6.8,4.23,,0.5,1.16,matched_auto_sku,update_existing_meta,1831,4499,PT02SRB12MA21,Pantalone in felpa,1,1831:4499:Pantalone in felpa,,
MAGAZZINO - PF AI22,171,PT02SRB18MA21,PT02SRB18MA21,Pant02,,,PNT.C88.FW2022.A,Bordeaux e mattone,18 m.,1 anno,approved_legend,AI,2022,false,Milano,2,2,0,0,6.8,4.23,,0.5,1.16,matched_auto_sku,update_existing_meta,1831,4495,PT02SRB18MA21,Pantalone in felpa,1,1831:4495:Pantalone in felpa,,
MAGAZZINO - PF AI22,172,PT02SRB24MA21,PT02SRB24MA21,Pant02,,,PNT.C88.FW2022.A,Bordeaux e mattone,24 m.,2 anni,approved_legend,AI,2022,false,Milano,0,0,0,0,6.8,4.23,,0.5,1.16,matched_auto_sku,update_existing_meta,1831,4496,PT02SRB24MA21,Pantalone in felpa,1,1831:4496:Pantalone in felpa,,
MAGAZZINO - PF AI22,174,PT02SIG03MA21,PT02SIG03MA21,Pant02,,,PNT.C88.FW2022.V,Verde khaki e militare,3 m.,0-3 mesi,approved_legend,AI,2022,false,Milano,0,0,0,0,6.8,4.23,,0.5,1.16,matched_auto_sku,update_existing_meta,1831,1863,PT02SIG03MA21,Pantalone in felpa,1,1831:1863:Pantalone in felpa,,
MAGAZZINO - PF AI22,175,PT02SIG06MA21,PT02SIG06MA21,Pant02,,,PNT.C88.FW2022.V,Verde khaki e militare,6 m.,3-6 mesi,approved_legend,AI,2022,false,Milano,2,2,0,0,6.8,4.23,,0.5,1.16,matched_auto_sku,update_existing_meta,1831,1864,PT02SIG06MA21,Pantalone in felpa,1,1831:1864:Pantalone in felpa,,
MAGAZZINO - PF AI22,176,PT02SIG09MA21,PT02SIG09MA21,Pant02,,,PNT.C88.FW2022.V,Verde khaki e militare,9 m.,6-9 mesi,approved_legend,AI,2022,false,Milano,2,2,0,0,6.8,4.23,,0.5,1.16,matched_auto_sku,update_existing_meta,1831,1865,PT02SIG09MA21,Pantalone in felpa,1,1831:1865:Pantalone in felpa,,
MAGAZZINO - PF AI22,177,PT02SIG12MA21,PT02SIG12MA21,Pant02,,,PNT.C88.FW2022.V,Verde khaki e militare,12 m.,9-12 mesi,approved_legend,AI,2022,false,Milano,2,2,0,0,6.8,4.23,,0.5,1.16,matched_auto_sku,update_existing_meta,1831,1866,PT02SIG12MA21,Pantalone in felpa,1,1831:1866:Pantalone in felpa,,
MAGAZZINO - PF AI22,178,PT02SIG18MA21,PT02SIG18MA21,Pant02,,,PNT.C88.FW2022.V,Verde khaki e militare,18 m.,1 anno,approved_legend,AI,2022,false,Milano,2,2,0,0,6.8,4.23,,0.5,1.16,matched_auto_sku,update_existing_meta,1831,1867,PT02SIG18MA21,Pantalone in felpa,1,1831:1867:Pantalone in felpa,,
MAGAZZINO - PF AI22,179,PT02SIG24MA21,PT02SIG24MA21,Pant02,,,PNT.C88.FW2022.V,Verde khaki e militare,24 m.,2 anni,approved_legend,AI,2022,false,Milano,0,0,0,0,6.8,4.23,,0.5,1.16,matched_auto_sku,update_existing_meta,1831,1868,PT02SIG24MA21,Pantalone in felpa,1,1831:1868:Pantalone in felpa,,
MAGAZZINO - PF AI22,182,CM01NSA03MA21,CM01NSA03MA21,Cam01,,,CMC.C55.FW2022.G,Fantasie: animali,3 m.,0-3 mesi,approved_legend,AI,2022,false,Milano,1,1,0,0,8.7,3.83,,1,1.16,matched_auto_sku,update_existing_meta,1788,1817,CM01NSA03MA21,Camicietta fantasia Gatti Girl,1,1788:1817:Camicietta fantasia Gatti Girl,,
MAGAZZINO - PF AI22,183,CM01NSA06MA21,CM01NSA06MA21,Cam01,,,CMC.C55.FW2022.G,Fantasie: animali,6 m.,3-6 mesi,approved_legend,AI,2022,false,Milano,2,2,0,0,8.7,3.83,,1,1.16,matched_auto_sku,update_existing_meta,1788,1818,CM01NSA06MA21,Camicietta fantasia Gatti Girl,1,1788:1818:Camicietta fantasia Gatti Girl,,
MAGAZZINO - PF AI22,184,CM01NSA09MA21,CM01NSA09MA21,Cam01,,,CMC.C55.FW2022.G,Fantasie: animali,9 m.,6-9 mesi,approved_legend,AI,2022,false,Milano,2,2,0,0,8.7,3.83,,1,1.16,matched_auto_sku,update_existing_meta,1788,1819,CM01NSA09MA21,Camicietta fantasia Gatti Girl,1,1788:1819:Camicietta fantasia Gatti Girl,,
MAGAZZINO - PF AI22,185,CM01NSA12MA21,CM01NSA12MA21,Cam01,,,CMC.C55.FW2022.G,Fantasie: animali,12 m.,9-12 mesi,approved_legend,AI,2022,false,Milano,1,1,0,0,8.7,3.83,,1,1.16,matched_auto_sku,update_existing_meta,1788,1820,CM01NSA12MA21,Camicietta fantasia Gatti Girl,1,1788:1820:Camicietta fantasia Gatti Girl,,
MAGAZZINO - PF AI22,186,CM01NSA18MA21,CM01NSA18MA21,Cam01,,,CMC.C55.FW2022.G,Fantasie: animali,18 m.,1 anno,approved_legend,AI,2022,false,Milano,0,0,0,0,8.7,3.83,,1,1.16,matched_auto_sku,update_existing_meta,1788,1821,CM01NSA18MA21,Camicietta fantasia Gatti Girl,1,1788:1821:Camicietta fantasia Gatti Girl,,
MAGAZZINO - PF AI22,187,CM01NSA24MA21,CM01NSA24MA21,Cam01,,,CMC.C55.FW2022.G,Fantasie: animali,24 m.,2 anni,approved_legend,AI,2022,false,Milano,0,0,0,0,8.7,3.83,,1,1.16,matched_auto_sku,update_existing_meta,1788,1822,CM01NSA24MA21,Camicietta fantasia Gatti Girl,1,1788:1822:Camicietta fantasia Gatti Girl,,
MAGAZZINO - PF AI22,189,CM02NSA03MA21,CM02NSA03MA21,Cam01,,,CMC.C55.FW2022.B,Fantasie: animali,3 m.,0-3 mesi,approved_legend,AI,2022,false,Milano,2,2,0,0,8.7,3.83,,1,1.16,matched_auto_sku,update_existing_meta,1830,1849,CM02NSA03MA21,Camicia Fantasia Gatti Boy,1,1830:1849:Camicia Fantasia Gatti Boy,,
MAGAZZINO - PF AI22,190,CM02NSA06MA22,CM02NSA06MA22,Cam01,,,CMC.C55.FW2022.B,Fantasie: animali,6 m.,3-6 mesi,approved_legend,AI,2022,false,Milano,2,2,0,0,8.7,3.83,,1,1.16,review_multiple_candidates,review_required,,,,,17,4466:Fiocco Personaggi | 4449:Fiocco Fucsia | 4442:Fiocco Fantasia fiori | 4434:Fiocco elefantini | 4430:Fiocco Rapunzel | 4349:Cerchietto fantasia gatti | 1830:1850:Camicia Fantasia Gatti Boy | 1788:1818:Camicietta fantasia Gatti Girl,,
MAGAZZINO - PF AI22,191,CM02NSA09MA23,CM02NSA09MA23,Cam01,,,CMC.C55.FW2022.B,Fantasie: animali,9 m.,6-9 mesi,approved_legend,AI,2022,false,Milano,2,2,0,0,8.7,3.83,,1,1.16,review_multiple_candidates,review_required,,,,,17,4466:Fiocco Personaggi | 4449:Fiocco Fucsia | 4442:Fiocco Fantasia fiori | 4434:Fiocco elefantini | 4430:Fiocco Rapunzel | 4349:Cerchietto fantasia gatti | 1830:1851:Camicia Fantasia Gatti Boy | 1788:1819:Camicietta fantasia Gatti Girl,,
MAGAZZINO - PF AI22,192,CM02NSA12MA24,CM02NSA12MA24,Cam01,,,CMC.C55.FW2022.B,Fantasie: animali,12 m.,9-12 mesi,approved_legend,AI,2022,false,Milano,1,1,0,0,8.7,3.83,,1,1.16,review_multiple_candidates,review_required,,,,,17,4466:Fiocco Personaggi | 4449:Fiocco Fucsia | 4442:Fiocco Fantasia fiori | 4434:Fiocco elefantini | 4430:Fiocco Rapunzel | 4349:Cerchietto fantasia gatti | 1830:1852:Camicia Fantasia Gatti Boy | 1788:1820:Camicietta fantasia Gatti Girl,,
MAGAZZINO - PF AI22,193,CM02NSA18MA25,CM02NSA18MA25,Cam01,,,CMC.C55.FW2022.B,Fantasie: animali,18 m.,1 anno,approved_legend,AI,2022,false,Milano,0,0,0,0,8.7,3.83,,1,1.16,review_multiple_candidates,review_required,,,,,28,4604:4605:Camicia fantasia animali | 4591:4596:Abito Fantasia animali | 4466:Fiocco Personaggi | 4449:Fiocco Fucsia | 4442:Fiocco Fantasia fiori | 4434:Fiocco elefantini | 4430:Fiocco Rapunzel | 4349:Cerchietto fantasia gatti,,
MAGAZZINO - PF AI22,194,CM02NSA24MA26,CM02NSA24MA26,Cam01,,,CMC.C55.FW2022.B,Fantasie: animali,24 m.,2 anni,approved_legend,AI,2022,false,Milano,2,2,0,0,8.7,3.83,,1,1.16,review_multiple_candidates,review_required,,,,,33,4604:4606:Camicia fantasia animali | 4591:4597:Abito Fantasia animali | 4466:Fiocco Personaggi | 4449:Fiocco Fucsia | 4442:Fiocco Fantasia fiori | 4434:Fiocco elefantini | 4430:Fiocco Rapunzel | 4349:Cerchietto fantasia gatti,,
MAGAZZINO - PF SS25 ,4,AB04LAV01YPE25,AB04LAV01YPE25,AB04,,,SWEET LAVENDER (lil),Lilla e lavanda,1Y,1 anno,approved_legend,SS,2025,false,Milano,1,1,0,0,13,5.34,1.62,,0.155,review_multiple_candidates,review_required,,,,,24,4466:Fiocco Personaggi | 4449:Fiocco Fucsia | 4442:Fiocco Fantasia fiori | 4434:Fiocco elefantini | 4430:Fiocco Rapunzel | 4413:Scrunchies sfilacciati - Lilla e lavanda | 4349:Cerchietto fantasia gatti | 3568:3575:Camicia Masha manica corta a sbuffo,,
MAGAZZINO - PF SS25 ,5,AB04LAV02YPE25,AB04LAV02YPE25,AB04,,,SWEET LAVENDER,Lilla e lavanda,2Y,2 anni,approved_legend,SS,2025,false,Milano,1,1,0,0,13,5.34,1.62,,0.155,review_multiple_candidates,review_required,,,,,31,4466:Fiocco Personaggi | 4449:Fiocco Fucsia | 4442:Fiocco Fantasia fiori | 4434:Fiocco elefantini | 4430:Fiocco Rapunzel | 4413:Scrunchies sfilacciati - Lilla e lavanda | 4349:Cerchietto fantasia gatti | 3568:3576:Camicia Masha manica corta a sbuffo,,
MAGAZZINO - PF SS25 ,6,AB04LAV04YPE25,AB04LAV04YPE25,AB04,,,SWEET LAVENDER,Lilla e lavanda,4Y,3-4 anni,approved_legend,SS,2025,false,Milano,1,1,0,0,13,5.34,1.62,,0.155,matched_auto_sku,update_existing_meta,1506,1561,AB04LAV04YPE25,Abito Charlotte smanicato in mussola,1,1506:1561:Abito Charlotte smanicato in mussola,,
MAGAZZINO - PF SS25 ,7,AB04LAV06YPE25,AB04LAV06YPE25,AB04,,,SWEET LAVENDER,Lilla e lavanda,6Y,5-6 anni,approved_legend,SS,2025,false,Milano,1,1,0,0,13,5.34,1.62,,0.155,matched_auto_sku,update_existing_meta,1506,1562,AB04LAV06YPE25,Abito Charlotte smanicato in mussola,1,1506:1562:Abito Charlotte smanicato in mussola,,
MAGAZZINO - PF SS25 ,8,AB04LAV08YPE25,AB04LAV08YPE25,AB04,,,SWEET LAVENDER,Lilla e lavanda,8Y,7-8 anni,approved_legend,SS,2025,false,Milano,1,1,0,0,13,5.34,1.62,,0.155,matched_auto_sku,update_existing_meta,1506,1563,AB04LAV08YPE25,Abito Charlotte smanicato in mussola,1,1506:1563:Abito Charlotte smanicato in mussola,,
MAGAZZINO - PF SS25 ,9,AB04LAV10YPE25,AB04LAV10YPE25,AB04,,,SWEET LAVENDER,Lilla e lavanda,10Y,9-10 anni,approved_legend,SS,2025,false,Milano,0,0,0,0,,,,,,matched_auto_sku,update_existing_meta,1506,1564,AB04LAV10YPE25,Abito Charlotte smanicato in mussola,1,1506:1564:Abito Charlotte smanicato in mussola,,
MAGAZZINO - PF SS25 ,11,AB04CHD01YPE25,AB04CHD01YPE25,AB04,,,CHARDONNAY,Giallo e ocra,1Y,1 anno,approved_legend,SS,2025,false,Milano,1,1,0,0,13,8.2,1.94,,0.155,review_multiple_candidates,review_required,,,,,31,4715:4900:Fiocco Giraffe | 4615:4616:Camicia a scacchi | 4563:4576:Sopravveste in velluto | 4529:4542:Abito in velluto manica lunga | 4466:Fiocco Personaggi | 4449:Fiocco Fucsia | 4442:Fiocco Fantasia fiori | 4434:Fiocco elefantini,,
MAGAZZINO - PF SS25 ,12,AB04CHD02YPE25,AB04CHD02YPE25,AB04,,,CHARDONNAY,Giallo e ocra,2Y,2 anni,approved_legend,SS,2025,false,Doha,1,0,1,0,13,8.2,1.94,,0.155,review_multiple_candidates,review_required,,,,,37,4761:4779:Pantaloncino in velluto | 4715:4900:Fiocco Giraffe | 4615:4617:Camicia a scacchi | 4563:4578:Sopravveste in velluto | 4529:4543:Abito in velluto manica lunga | 4466:Fiocco Personaggi | 4449:Fiocco Fucsia | 4442:Fiocco Fantasia fiori,,
MAGAZZINO - PF SS25 ,13,AB04CHD04YPE25,AB04CHD04YPE25,AB04,,,CHARDONNAY,Giallo e ocra,4Y,3-4 anni,approved_legend,SS,2025,false,Doha,1,0,1,0,13,8.2,1.94,,0.155,matched_auto_sku,update_existing_meta,1506,1569,AB04CHD04YPE25,Abito Charlotte smanicato in mussola,1,1506:1569:Abito Charlotte smanicato in mussola,,
MAGAZZINO - PF SS25 ,14,AB04CHD06YPE25,AB04CHD06YPE25,AB04,,,CHARDONNAY,Giallo e ocra,6Y,5-6 anni,approved_legend,SS,2025,false,Doha,1,0,1,0,13,8.2,1.94,,0.155,matched_auto_sku,update_existing_meta,1506,1570,AB04CHD06YPE25,Abito Charlotte smanicato in mussola,1,1506:1570:Abito Charlotte smanicato in mussola,,
MAGAZZINO - PF SS25 ,15,AB04CHD08YPE25,AB04CHD08YPE25,AB04,,,CHARDONNAY,Giallo e ocra,8Y,7-8 anni,approved_legend,SS,2025,false,Doha,1,0,1,0,13,8.2,1.94,,0.155,matched_auto_sku,update_existing_meta,1506,1571,AB04CHD08YPE25,Abito Charlotte smanicato in mussola,1,1506:1571:Abito Charlotte smanicato in mussola,,
MAGAZZINO - PF SS25 ,16,AB04CHD10YPE25,AB04CHD10YPE25,AB04,,,CHARDONNAY,Giallo e ocra,10Y,9-10 anni,approved_legend,SS,2025,false,Doha,1,0,1,0,13,8.2,1.94,,0.155,matched_auto_sku,update_existing_meta,1506,1572,AB04CHD10YPE25,Abito Charlotte smanicato in mussola,1,1506:1572:Abito Charlotte smanicato in mussola,,
MAGAZZINO - PF SS25 ,18,ABO4KAK01YPE25,ABO4KAK01YPE25,AB04,,,LI-043 Kaki,Verde khaki e militare,1Y,1 anno,approved_legend,SS,2025,false,Milano,1,1,0,0,13,6.84,1.94,,0.155,review_multiple_candidates,review_required,,,,,28,4466:Fiocco Personaggi | 4449:Fiocco Fucsia | 4442:Fiocco Fantasia fiori | 4434:Fiocco elefantini | 4430:Fiocco Rapunzel | 4409:Scrunchies sfilacciati - Verde khaki e militare | 4349:Cerchietto fantasia gatti | 4109:4116:Camicia in lino manica corta,,
MAGAZZINO - PF SS25 ,19,ABO4KAK02YPE25,ABO4KAK02YPE25,AB04,,,LI-043 Kaki,Verde khaki e militare,2Y,2 anni,approved_legend,SS,2025,false,Doha,1,0,1,0,13,6.84,1.94,,0.155,review_multiple_candidates,review_required,,,,,42,4466:Fiocco Personaggi | 4449:Fiocco Fucsia | 4442:Fiocco Fantasia fiori | 4434:Fiocco elefantini | 4430:Fiocco Rapunzel | 4409:Scrunchies sfilacciati - Verde khaki e militare | 4349:Cerchietto fantasia gatti | 4109:4117:Camicia in lino manica corta,,
MAGAZZINO - PF SS25 ,20,ABO4KAK04YPE25,ABO4KAK04YPE25,AB04,,,LI-043 Kaki,Verde khaki e militare,4Y,3-4 anni,approved_legend,SS,2025,false,Doha,1,0,1,0,13,6.84,1.94,,0.155,review_multiple_candidates,review_required,,,,,49,4466:Fiocco Personaggi | 4449:Fiocco Fucsia | 4442:Fiocco Fantasia fiori | 4434:Fiocco elefantini | 4430:Fiocco Rapunzel | 4409:Scrunchies sfilacciati - Verde khaki e militare | 4349:Cerchietto fantasia gatti | 4109:4118:Camicia in lino manica corta,,
MAGAZZINO - PF SS25 ,21,ABO4KAK06YPE25,ABO4KAK06YPE25,AB04,,,LI-043 Kaki,Verde khaki e militare,6Y,5-6 anni,approved_legend,SS,2025,false,Doha,1,0,1,0,13,6.84,1.94,,0.155,review_multiple_candidates,review_required,,,,,29,4466:Fiocco Personaggi | 4449:Fiocco Fucsia | 4442:Fiocco Fantasia fiori | 4434:Fiocco elefantini | 4430:Fiocco Rapunzel | 4409:Scrunchies sfilacciati - Verde khaki e militare | 4349:Cerchietto fantasia gatti | 4109:4119:Camicia in lino manica corta,,
MAGAZZINO - PF SS25 ,22,ABO4KAK08YPE25,ABO4KAK08YPE25,AB04,,,LI-043 Kaki,Verde khaki e militare,8Y,7-8 anni,approved_legend,SS,2025,false,Doha,1,0,1,0,13,6.84,1.94,,0.155,review_multiple_candidates,review_required,,,,,28,4466:Fiocco Personaggi | 4449:Fiocco Fucsia | 4442:Fiocco Fantasia fiori | 4434:Fiocco elefantini | 4430:Fiocco Rapunzel | 4409:Scrunchies sfilacciati - Verde khaki e militare | 4349:Cerchietto fantasia gatti | 4109:4120:Camicia in lino manica corta,,
MAGAZZINO - PF SS25 ,23,ABO4KAK08YPE25,ABO4KAK08YPE25-2,AB04,,,LI-043 Kaki,Verde khaki e militare,10Y,9-10 anni,approved_legend,SS,2025,false,Doha,1,0,1,0,13,6.84,1.94,,0.155,review_multiple_candidates,review_required,,,,,27,4466:Fiocco Personaggi | 4449:Fiocco Fucsia | 4442:Fiocco Fantasia fiori | 4434:Fiocco elefantini | 4430:Fiocco Rapunzel | 4409:Scrunchies sfilacciati - Verde khaki e militare | 4349:Cerchietto fantasia gatti | 4109:4121:Camicia in lino manica corta,,
MAGAZZINO - PF SS25 ,25,AB04PKV01YPE25,AB04PKV01YPE25,AB04,,,55 PINK Voile,Rosa cipria e nude,1Y,1 anno,approved_legend,SS,2025,false,Doha,1,0,1,0,13,3.9,1.62,,0.155,review_multiple_candidates,review_required,,,,,25,4503:4510:Abito Anjeliy Smanicato in velluto | 4466:Fiocco Personaggi | 4449:Fiocco Fucsia | 4442:Fiocco Fantasia fiori | 4434:Fiocco elefantini | 4430:Fiocco Rapunzel | 4383:Scrunchies in velluto - Rosa cipria e nude | 4349:Cerchietto fantasia gatti,,
MAGAZZINO - PF SS25 ,26,AB04PKV02YPE25,AB04PKV02YPE25,AB04,,,55 PINK Voile,Rosa cipria e nude,2Y,2 anni,approved_legend,SS,2025,false,Doha,1,0,1,0,13,3.9,1.62,,0.155,review_multiple_candidates,review_required,,,,,34,4761:4765:Pantaloncino in velluto | 4503:4511:Abito Anjeliy Smanicato in velluto | 4466:Fiocco Personaggi | 4449:Fiocco Fucsia | 4442:Fiocco Fantasia fiori | 4434:Fiocco elefantini | 4430:Fiocco Rapunzel | 4383:Scrunchies in velluto - Rosa cipria e nude,,
MAGAZZINO - PF SS25 ,27,AB04PKV04YPE25,AB04PKV04YPE25,AB04,,,55 PINK Voile,Rosa cipria e nude,4Y,3-4 anni,approved_legend,SS,2025,false,Doha,1,0,1,0,13,3.9,1.62,,0.155,review_multiple_candidates,review_required,,,,,43,4761:4768:Pantaloncino in velluto | 4503:4512:Abito Anjeliy Smanicato in velluto | 4466:Fiocco Personaggi | 4449:Fiocco Fucsia | 4442:Fiocco Fantasia fiori | 4434:Fiocco elefantini | 4430:Fiocco Rapunzel | 4383:Scrunchies in velluto - Rosa cipria e nude,,
MAGAZZINO - PF SS25 ,28,AB04PKV06YPE25,AB04PKV06YPE25,AB04,,,55 PINK Voile,Rosa cipria e nude,6Y,5-6 anni,approved_legend,SS,2025,false,Doha,1,0,1,0,13,3.9,1.62,,0.155,review_multiple_candidates,review_required,,,,,26,4761:4771:Pantaloncino in velluto | 4503:4513:Abito Anjeliy Smanicato in velluto | 4466:Fiocco Personaggi | 4449:Fiocco Fucsia | 4442:Fiocco Fantasia fiori | 4434:Fiocco elefantini | 4430:Fiocco Rapunzel | 4383:Scrunchies in velluto - Rosa cipria e nude,,
MAGAZZINO - PF SS25 ,29,AB04PKV08YPE25,AB04PKV08YPE25,AB04,,,55 PINK Voile,Rosa cipria e nude,8Y,7-8 anni,approved_legend,SS,2025,false,Doha,1,0,1,0,13,3.9,1.62,,0.155,review_multiple_candidates,review_required,,,,,25,4761:4774:Pantaloncino in velluto | 4503:4514:Abito Anjeliy Smanicato in velluto | 4466:Fiocco Personaggi | 4449:Fiocco Fucsia | 4442:Fiocco Fantasia fiori | 4434:Fiocco elefantini | 4430:Fiocco Rapunzel | 4383:Scrunchies in velluto - Rosa cipria e nude,,
MAGAZZINO - PF SS25 ,30,AB04PKV10YPE25,AB04PKV10YPE25,AB04,,,55 PINK Voile,Rosa cipria e nude,10Y,9-10 anni,approved_legend,SS,2025,false,Doha,1,0,1,0,13,3.9,1.62,,0.155,review_multiple_candidates,review_required,,,,,24,4761:4777:Pantaloncino in velluto | 4503:4515:Abito Anjeliy Smanicato in velluto | 4466:Fiocco Personaggi | 4449:Fiocco Fucsia | 4442:Fiocco Fantasia fiori | 4434:Fiocco elefantini | 4430:Fiocco Rapunzel | 4383:Scrunchies in velluto - Rosa cipria e nude,,
MAGAZZINO - PF SS25 ,32,AB04BXV01YPE25,AB04BXV01YPE25,AB04,,,45 BORDEAUX VOILE,Bordeaux e mattone,1Y,1 anno,approved_legend,SS,2025,false,Milano,1,1,0,0,13,3.9,1.62,,0.155,review_multiple_candidates,review_required,,,,,26,4466:Fiocco Personaggi | 4449:Fiocco Fucsia | 4442:Fiocco Fantasia fiori | 4434:Fiocco elefantini | 4430:Fiocco Rapunzel | 4349:Cerchietto fantasia gatti | 2038:2046:Top double-face fantasia marina | 1910:1918:Camicia Smanicata fantasia Zebra,,
MAGAZZINO - PF SS25 ,33,AB04BXV02YPE25,AB04BXV02YPE25,AB04,,,45 BORDEAUX VOILE,Bordeaux e mattone,2Y,2 anni,approved_legend,SS,2025,false,Doha,1,0,1,0,13,3.9,1.62,,0.155,review_multiple_candidates,review_required,,,,,32,4466:Fiocco Personaggi | 4449:Fiocco Fucsia | 4442:Fiocco Fantasia fiori | 4434:Fiocco elefantini | 4430:Fiocco Rapunzel | 4349:Cerchietto fantasia gatti | 2038:2047:Top double-face fantasia marina | 2018:2034:Abito da cerimonia,,
MAGAZZINO - PF SS25 ,34,AB04BXV04YPE25,AB04BXV04YPE25,AB04,,,45 BORDEAUX VOILE,Bordeaux e mattone,4Y,3-4 anni,approved_legend,SS,2025,false,Doha,1,0,1,0,13,3.9,1.62,,0.155,review_multiple_candidates,review_required,,,,,32,4466:Fiocco Personaggi | 4449:Fiocco Fucsia | 4442:Fiocco Fantasia fiori | 4434:Fiocco elefantini | 4430:Fiocco Rapunzel | 4349:Cerchietto fantasia gatti | 2038:2049:Top double-face fantasia marina | 2038:2048:Top double-face fantasia marina,,
MAGAZZINO - PF SS25 ,35,AB04BXV06YPE25,AB04BXV06YPE25,AB04,,,45 BORDEAUX VOILE,Bordeaux e mattone,6Y,5-6 anni,approved_legend,SS,2025,false,Doha,1,0,1,0,13,3.9,1.62,,0.155,review_multiple_candidates,review_required,,,,,20,4466:Fiocco Personaggi | 4449:Fiocco Fucsia | 4442:Fiocco Fantasia fiori | 4434:Fiocco elefantini | 4430:Fiocco Rapunzel | 4349:Cerchietto fantasia gatti | 1972:1996:Pantalone Cropped in Gabardina | 1910:1922:Camicia Smanicata fantasia Zebra,,
MAGAZZINO - PF SS25 ,36,AB04BXV08YPE25,AB04BXV08YPE25,AB04,,,45 BORDEAUX VOILE,Bordeaux e mattone,8Y,7-8 anni,approved_legend,SS,2025,false,Doha,1,0,1,0,13,3.9,1.62,,0.155,review_multiple_candidates,review_required,,,,,19,4466:Fiocco Personaggi | 4449:Fiocco Fucsia | 4442:Fiocco Fantasia fiori | 4434:Fiocco elefantini | 4430:Fiocco Rapunzel | 4349:Cerchietto fantasia gatti | 1910:1923:Camicia Smanicata fantasia Zebra | 1385:3757:Camicia George in Mussola,,
MAGAZZINO - PF SS25 ,37,AB04BXV10YPE25,AB04BXV10YPE25,AB04,,,45 BORDEAUX VOILE,Bordeaux e mattone,10Y,9-10 anni,approved_legend,SS,2025,false,Doha,1,0,1,0,13,3.9,1.62,,0.155,review_multiple_candidates,review_required,,,,,18,4466:Fiocco Personaggi | 4449:Fiocco Fucsia | 4442:Fiocco Fantasia fiori | 4434:Fiocco elefantini | 4430:Fiocco Rapunzel | 4349:Cerchietto fantasia gatti | 1385:3758:Camicia George in Mussola | 1303:Giacca in Denim,,
MAGAZZINO - PF SS25 ,39,AB04LIC01YPE25,AB04LIC01YPE25,AB04,,,VOILE 94 LILLAC,Lilla e lavanda,1Y,1 anno,approved_legend,SS,2025,false,Milano,1,1,0,0,13,1.95,1.62,,0.155,review_multiple_candidates,review_required,,,,,24,4466:Fiocco Personaggi | 4449:Fiocco Fucsia | 4442:Fiocco Fantasia fiori | 4434:Fiocco elefantini | 4430:Fiocco Rapunzel | 4413:Scrunchies sfilacciati - Lilla e lavanda | 4349:Cerchietto fantasia gatti | 3568:3575:Camicia Masha manica corta a sbuffo,,
MAGAZZINO - PF SS25 ,40,AB04LIC02YPE25,AB04LIC02YPE25,AB04,,,VOILE 94 LILLAC,Lilla e lavanda,2Y,2 anni,approved_legend,SS,2025,false,Doha,1,0,1,0,13,1.95,1.62,,0.155,review_multiple_candidates,review_required,,,,,31,4466:Fiocco Personaggi | 4449:Fiocco Fucsia | 4442:Fiocco Fantasia fiori | 4434:Fiocco elefantini | 4430:Fiocco Rapunzel | 4413:Scrunchies sfilacciati - Lilla e lavanda | 4349:Cerchietto fantasia gatti | 3568:3576:Camicia Masha manica corta a sbuffo,,
MAGAZZINO - PF SS25 ,41,AB04LIC04YPE25,AB04LIC04YPE25,AB04,,,VOILE 94 LILLAC,Lilla e lavanda,4Y,3-4 anni,approved_legend,SS,2025,false,Doha,1,0,1,0,13,1.95,1.62,,0.155,review_multiple_candidates,review_required,,,,,37,4466:Fiocco Personaggi | 4449:Fiocco Fucsia | 4442:Fiocco Fantasia fiori | 4434:Fiocco elefantini | 4430:Fiocco Rapunzel | 4413:Scrunchies sfilacciati - Lilla e lavanda | 4349:Cerchietto fantasia gatti | 3568:4151:Camicia Masha manica corta a sbuffo,,
MAGAZZINO - PF SS25 ,42,AB04LIC06YPE25,AB04LIC06YPE25,AB04,,,VOILE 94 LILLAC,Lilla e lavanda,6Y,5-6 anni,approved_legend,SS,2025,false,Doha,1,0,1,0,13,1.95,1.62,,0.155,review_multiple_candidates,review_required,,,,,22,4466:Fiocco Personaggi | 4449:Fiocco Fucsia | 4442:Fiocco Fantasia fiori | 4434:Fiocco elefantini | 4430:Fiocco Rapunzel | 4413:Scrunchies sfilacciati - Lilla e lavanda | 4349:Cerchietto fantasia gatti | 3568:3578:Camicia Masha manica corta a sbuffo,,
MAGAZZINO - PF SS25 ,43,AB04LIC08YPE25,AB04LIC08YPE25,AB04,,,VOILE 94 LILLAC,Lilla e lavanda,8Y,7-8 anni,approved_legend,SS,2025,false,Doha,1,0,1,0,13,1.95,1.62,,0.155,review_multiple_candidates,review_required,,,,,21,4466:Fiocco Personaggi | 4449:Fiocco Fucsia | 4442:Fiocco Fantasia fiori | 4434:Fiocco elefantini | 4430:Fiocco Rapunzel | 4413:Scrunchies sfilacciati - Lilla e lavanda | 4349:Cerchietto fantasia gatti | 3568:3579:Camicia Masha manica corta a sbuffo,,
MAGAZZINO - PF SS25 ,44,AB04LIC10YPE25,AB04LIC10YPE25,AB04,,,VOILE 94 LILLAC,Lilla e lavanda,10Y,9-10 anni,approved_legend,SS,2025,false,Doha,1,0,1,0,13,1.95,1.62,,0.155,review_multiple_candidates,review_required,,,,,20,4466:Fiocco Personaggi | 4449:Fiocco Fucsia | 4442:Fiocco Fantasia fiori | 4434:Fiocco elefantini | 4430:Fiocco Rapunzel | 4413:Scrunchies sfilacciati - Lilla e lavanda | 4349:Cerchietto fantasia gatti | 3568:3580:Camicia Masha manica corta a sbuffo,,
MAGAZZINO - PF SS25 ,46,AB09RAP01YPE25,AB09RAP01YPE25,AB09,,,RAPUNZEL/ORANGE,Fantasie: personaggi,1Y,1 anno,approved_legend,SS,2025,false,Doha,1,0,1,0,15,9.97,3.3,,0.155,matched_auto_sku,update_existing_meta,1241,1272,AB09RAP01YPE25,Abito Masha smanicato bicolore Principesse,1,1241:1272:Abito Masha smanicato bicolore Principesse,,
MAGAZZINO - PF SS25 ,47,AB09RAP02YPE25,AB09RAP02YPE25,AB09,,,RAPUNZEL/ORANGE,Fantasie: personaggi,2Y,2 anni,approved_legend,SS,2025,false,Doha,1,0,1,0,15,9.97,3.3,,0.155,matched_auto_sku,update_existing_meta,1241,1273,AB09RAP02YPE25,Abito Masha smanicato bicolore Principesse,1,1241:1273:Abito Masha smanicato bicolore Principesse,,
MAGAZZINO - PF SS25 ,48,AB09RAP04YPE25,AB09RAP04YPE25,AB09,,,RAPUNZEL/ORANGE,Fantasie: personaggi,4Y,3-4 anni,approved_legend,SS,2025,false,Doha,1,0,1,0,15,9.97,3.3,,0.155,matched_auto_sku,update_existing_meta,1241,1275,AB09RAP04YPE25,Abito Masha smanicato bicolore Principesse,1,1241:1275:Abito Masha smanicato bicolore Principesse,,
MAGAZZINO - PF SS25 ,49,AB09RAP06YPE25,AB09RAP06YPE25,AB09,,,RAPUNZEL/ORANGE,Fantasie: personaggi,6Y,5-6 anni,approved_legend,SS,2025,false,Doha,1,0,1,0,15,9.97,3.3,,0.155,matched_auto_sku,update_existing_meta,1241,1276,AB09RAP06YPE25,Abito Masha smanicato bicolore Principesse,1,1241:1276:Abito Masha smanicato bicolore Principesse,,
MAGAZZINO - PF SS25 ,50,AB09RAP08YPE25,AB09RAP08YPE25,AB09,,,RAPUNZEL/ORANGE,Fantasie: personaggi,8Y,7-8 anni,approved_legend,SS,2025,false,Doha,1,0,1,0,15,9.97,3.3,,0.155,matched_auto_sku,update_existing_meta,1241,1277,AB09RAP08YPE25,Abito Masha smanicato bicolore Principesse,1,1241:1277:Abito Masha smanicato bicolore Principesse,,
MAGAZZINO - PF SS25 ,52,AB09RAL01YPE25,AB09RAL01YPE25,AB09,,,RAPUNZEL /GREEN,Fantasie: personaggi,1Y,1 anno,approved_legend,SS,2025,false,Milano,1,1,0,0,15,9.97,1.98,,0.155,review_multiple_candidates,review_required,,,,,25,4466:Fiocco Personaggi | 4449:Fiocco Fucsia | 4442:Fiocco Fantasia fiori | 4434:Fiocco elefantini | 4430:Fiocco Rapunzel | 4404:Scrunchies in cotone - Fantasie: personaggi | 4349:Cerchietto fantasia gatti | 2038:2046:Top double-face fantasia marina,,
MAGAZZINO - PF SS25 ,53,AB09RAL02YPE25,AB09RAL02YPE25,AB09,,,RAPUNZEL /GREEN,Fantasie: personaggi,2Y,2 anni,approved_legend,SS,2025,false,Doha,1,0,1,0,15,9.97,1.98,,0.155,review_multiple_candidates,review_required,,,,,31,4466:Fiocco Personaggi | 4449:Fiocco Fucsia | 4442:Fiocco Fantasia fiori | 4434:Fiocco elefantini | 4430:Fiocco Rapunzel | 4404:Scrunchies in cotone - Fantasie: personaggi | 4349:Cerchietto fantasia gatti | 2038:2047:Top double-face fantasia marina,,
MAGAZZINO - PF SS25 ,54,AB09RAL04YPE25,AB09RAL04YPE25,AB09,,,RAPUNZEL /GREEN,Fantasie: personaggi,4Y,3-4 anni,approved_legend,SS,2025,false,Doha,1,0,1,0,15,9.97,1.98,,0.155,review_multiple_candidates,review_required,,,,,38,4466:Fiocco Personaggi | 4449:Fiocco Fucsia | 4442:Fiocco Fantasia fiori | 4434:Fiocco elefantini | 4430:Fiocco Rapunzel | 4404:Scrunchies in cotone - Fantasie: personaggi | 4349:Cerchietto fantasia gatti | 2038:2049:Top double-face fantasia marina,,
MAGAZZINO - PF SS25 ,55,AB09RAL06YPE25,AB09RAL06YPE25,AB09,,,RAPUNZEL /GREEN,Fantasie: personaggi,6Y,5-6 anni,approved_legend,SS,2025,false,Doha,1,0,1,0,15,9.97,1.98,,0.155,review_multiple_candidates,review_required,,,,,21,4466:Fiocco Personaggi | 4449:Fiocco Fucsia | 4442:Fiocco Fantasia fiori | 4434:Fiocco elefantini | 4430:Fiocco Rapunzel | 4404:Scrunchies in cotone - Fantasie: personaggi | 4349:Cerchietto fantasia gatti | 1972:1996:Pantalone Cropped in Gabardina,,
MAGAZZINO - PF SS25 ,56,AB09RAL08YPE25,AB09RAL08YPE25,AB09,,,RAPUNZEL /GREEN,Fantasie: personaggi,8Y,7-8 anni,approved_legend,SS,2025,false,Doha,1,0,1,0,15,9.97,1.98,,0.155,review_multiple_candidates,review_required,,,,,20,4466:Fiocco Personaggi | 4449:Fiocco Fucsia | 4442:Fiocco Fantasia fiori | 4434:Fiocco elefantini | 4430:Fiocco Rapunzel | 4404:Scrunchies in cotone - Fantasie: personaggi | 4349:Cerchietto fantasia gatti | 1910:1923:Camicia Smanicata fantasia Zebra,,
MAGAZZINO - PF SS25 ,58,AB09ACP01YPE25,AB09ACP01YPE25,AB09,,,ACP ROSE,Rosa cipria e nude,1Y,1 anno,approved_legend,SS,2025,false,Doha,1,0,1,0,15,10.5,,,0.155,review_multiple_candidates,review_required,,,,,25,4503:4510:Abito Anjeliy Smanicato in velluto | 4466:Fiocco Personaggi | 4449:Fiocco Fucsia | 4442:Fiocco Fantasia fiori | 4434:Fiocco elefantini | 4430:Fiocco Rapunzel | 4383:Scrunchies in velluto - Rosa cipria e nude | 4349:Cerchietto fantasia gatti,,
MAGAZZINO - PF SS25 ,59,AB09ACP02YPE25,AB09ACP02YPE25,AB09,,,ACP ROSE,Rosa cipria e nude,2Y,2 anni,approved_legend,SS,2025,false,Doha,1,0,1,0,15,10.5,,,0.155,review_multiple_candidates,review_required,,,,,34,4761:4765:Pantaloncino in velluto | 4503:4511:Abito Anjeliy Smanicato in velluto | 4466:Fiocco Personaggi | 4449:Fiocco Fucsia | 4442:Fiocco Fantasia fiori | 4434:Fiocco elefantini | 4430:Fiocco Rapunzel | 4383:Scrunchies in velluto - Rosa cipria e nude,,
MAGAZZINO - PF SS25 ,60,AB09ACP04YPE25,AB09ACP04YPE25,AB09,,,ACP ROSE,Rosa cipria e nude,4Y,3-4 anni,approved_legend,SS,2025,false,Doha,1,0,1,0,15,10.5,,,0.155,review_multiple_candidates,review_required,,,,,43,4761:4768:Pantaloncino in velluto | 4503:4512:Abito Anjeliy Smanicato in velluto | 4466:Fiocco Personaggi | 4449:Fiocco Fucsia | 4442:Fiocco Fantasia fiori | 4434:Fiocco elefantini | 4430:Fiocco Rapunzel | 4383:Scrunchies in velluto - Rosa cipria e nude,,
MAGAZZINO - PF SS25 ,61,AB09ACP06YPE25,AB09ACP06YPE25,AB09,,,ACP ROSE,Rosa cipria e nude,6Y,5-6 anni,approved_legend,SS,2025,false,Doha,1,0,1,0,15,10.5,,,0.155,review_multiple_candidates,review_required,,,,,26,4761:4771:Pantaloncino in velluto | 4503:4513:Abito Anjeliy Smanicato in velluto | 4466:Fiocco Personaggi | 4449:Fiocco Fucsia | 4442:Fiocco Fantasia fiori | 4434:Fiocco elefantini | 4430:Fiocco Rapunzel | 4383:Scrunchies in velluto - Rosa cipria e nude,,
MAGAZZINO - PF SS25 ,62,AB09ACP08YPE25,AB09ACP08YPE25,AB09,,,ACP ROSE,Rosa cipria e nude,8Y,7-8 anni,approved_legend,SS,2025,false,Doha,1,0,1,0,15,10.5,,,0.155,review_multiple_candidates,review_required,,,,,25,4761:4774:Pantaloncino in velluto | 4503:4514:Abito Anjeliy Smanicato in velluto | 4466:Fiocco Personaggi | 4449:Fiocco Fucsia | 4442:Fiocco Fantasia fiori | 4434:Fiocco elefantini | 4430:Fiocco Rapunzel | 4383:Scrunchies in velluto - Rosa cipria e nude,,
MAGAZZINO - PF SS25 ,64,AB09GRT01YPE25,AB09GRT01YPE25,AB09,,,GIRAFFA TURCHESE + Voile,Fantasie: animali,1Y,1 anno,approved_legend,SS,2025,false,Doha,1,0,1,0,15,8.55,1.94,,0.155,matched_auto_sku,update_existing_meta,1242,1302,AB09GRT01YPE25,Abito Masha smanicato bicolore Giraffe,1,1242:1302:Abito Masha smanicato bicolore Giraffe,,
MAGAZZINO - PF SS25 ,65,AB09GRT02YPE25,AB09GRT02YPE25,AB09,,,GIRAFFA TURCHESE + Voile,Fantasie: animali,2Y,2 anni,approved_legend,SS,2025,false,Doha,1,0,1,0,15,8.55,1.94,,0.155,matched_auto_sku,update_existing_meta,1242,1306,AB09GRT02YPE25,Abito Masha smanicato bicolore Giraffe,1,1242:1306:Abito Masha smanicato bicolore Giraffe,,
MAGAZZINO - PF SS25 ,66,AB09GRT04YPE25,AB09GRT04YPE25,AB09,,,GIRAFFA TURCHESE + Voile,Fantasie: animali,4Y,3-4 anni,approved_legend,SS,2025,false,Doha,1,0,1,0,15,8.55,1.94,,0.155,matched_auto_sku,update_existing_meta,1242,1308,AB09GRT04YPE25,Abito Masha smanicato bicolore Giraffe,1,1242:1308:Abito Masha smanicato bicolore Giraffe,,
MAGAZZINO - PF SS25 ,67,AB09GRT06YPE25,AB09GRT06YPE25,AB09,,,GIRAFFA TURCHESE + Voile,Fantasie: animali,6Y,5-6 anni,approved_legend,SS,2025,false,Doha,1,0,1,0,15,8.55,1.94,,0.155,matched_auto_sku,update_existing_meta,1242,1309,AB09GRT06YPE25,Abito Masha smanicato bicolore Giraffe,1,1242:1309:Abito Masha smanicato bicolore Giraffe,,
MAGAZZINO - PF SS25 ,68,AB09GRT08YPE25,AB09GRT08YPE25,AB09,,,GIRAFFA TURCHESE + Voile,Fantasie: animali,8Y,7-8 anni,approved_legend,SS,2025,false,Doha,1,0,1,0,15,8.55,1.94,,0.155,matched_auto_sku,update_existing_meta,1242,1310,AB09GRT08YPE25,Abito Masha smanicato bicolore Giraffe,1,1242:1310:Abito Masha smanicato bicolore Giraffe,,
MAGAZZINO - PF SS25 ,70,MCA02,MCA02,MCA02,,,RED (ROSSO),Rosso e ciliegia,1Y,1 anno,approved_legend,SS,2025,false,Doha,1,0,1,0,13,3.28,1.94,0.2,0.155,review_multiple_candidates,review_required,,,,,30,4715:4901:Fiocco Giraffe | 4529:4548:Abito in velluto manica lunga | 4503:4516:Abito Anjeliy Smanicato in velluto | 4466:Fiocco Personaggi | 4449:Fiocco Fucsia | 4442:Fiocco Fantasia fiori | 4434:Fiocco elefantini | 4430:Fiocco Rapunzel,,
MAGAZZINO - PF SS25 ,71,MCA02,MCA02-2,MCA02,,,RED (ROSSO),Rosso e ciliegia,2Y,2 anni,approved_legend,SS,2025,false,Doha,1,0,1,0,13,3.28,1.94,0.2,0.155,review_multiple_candidates,review_required,,,,,37,4761:4766:Pantaloncino in velluto | 4715:4901:Fiocco Giraffe | 4529:4549:Abito in velluto manica lunga | 4503:4517:Abito Anjeliy Smanicato in velluto | 4466:Fiocco Personaggi | 4449:Fiocco Fucsia | 4442:Fiocco Fantasia fiori | 4434:Fiocco elefantini,,
MAGAZZINO - PF SS25 ,72,MCA02,MCA02-3,MCA02,,,RED (ROSSO),Rosso e ciliegia,4Y,3-4 anni,approved_legend,SS,2025,false,Doha,1,0,1,0,13,3.28,1.94,0.2,0.155,review_multiple_candidates,review_required,,,,,45,4761:4769:Pantaloncino in velluto | 4715:4901:Fiocco Giraffe | 4529:4550:Abito in velluto manica lunga | 4503:4518:Abito Anjeliy Smanicato in velluto | 4466:Fiocco Personaggi | 4449:Fiocco Fucsia | 4442:Fiocco Fantasia fiori | 4434:Fiocco elefantini,,
MAGAZZINO - PF SS25 ,73,MCA02,MCA02-4,MCA02,,,RED (ROSSO),Rosso e ciliegia,6Y,5-6 anni,approved_legend,SS,2025,false,Doha,1,0,1,0,13,3.28,1.94,0.2,0.155,review_multiple_candidates,review_required,,,,,29,4761:4772:Pantaloncino in velluto | 4715:4901:Fiocco Giraffe | 4529:4551:Abito in velluto manica lunga | 4503:4519:Abito Anjeliy Smanicato in velluto | 4466:Fiocco Personaggi | 4449:Fiocco Fucsia | 4442:Fiocco Fantasia fiori | 4434:Fiocco elefantini,,
MAGAZZINO - PF SS25 ,74,MCA02,MCA02-5,MCA02,,,RED (ROSSO),Rosso e ciliegia,8Y,7-8 anni,approved_legend,SS,2025,false,Doha,1,0,1,0,13,3.28,1.94,0.2,0.155,review_multiple_candidates,review_required,,,,,28,4761:4775:Pantaloncino in velluto | 4715:4901:Fiocco Giraffe | 4529:4552:Abito in velluto manica lunga | 4503:4520:Abito Anjeliy Smanicato in velluto | 4466:Fiocco Personaggi | 4449:Fiocco Fucsia | 4442:Fiocco Fantasia fiori | 4434:Fiocco elefantini,,
MAGAZZINO - PF SS25 ,76,MCA02PKV02YPE25,MCA02PKV02YPE25,MCA02,,,PINK,Rosa cipria e nude,1Y,1 anno,approved_legend,SS,2025,false,Doha,1,0,1,0,13,1.56,,0.2,0.155,review_multiple_candidates,review_required,,,,,25,4503:4510:Abito Anjeliy Smanicato in velluto | 4466:Fiocco Personaggi | 4449:Fiocco Fucsia | 4442:Fiocco Fantasia fiori | 4434:Fiocco elefantini | 4430:Fiocco Rapunzel | 4383:Scrunchies in velluto - Rosa cipria e nude | 4349:Cerchietto fantasia gatti,,
MAGAZZINO - PF SS25 ,77,MCA02PKV03YPE25,MCA02PKV03YPE25,MCA02,,,PINK,Rosa cipria e nude,2Y,2 anni,approved_legend,SS,2025,false,Doha,1,0,1,0,13,1.56,,0.2,0.155,review_multiple_candidates,review_required,,,,,34,4761:4765:Pantaloncino in velluto | 4503:4511:Abito Anjeliy Smanicato in velluto | 4466:Fiocco Personaggi | 4449:Fiocco Fucsia | 4442:Fiocco Fantasia fiori | 4434:Fiocco elefantini | 4430:Fiocco Rapunzel | 4383:Scrunchies in velluto - Rosa cipria e nude,,
MAGAZZINO - PF SS25 ,78,MCA02PKV04YPE25,MCA02PKV04YPE25,MCA02,,,PINK,Rosa cipria e nude,4Y,3-4 anni,approved_legend,SS,2025,false,Doha,1,0,1,0,13,1.56,,0.2,0.155,review_multiple_candidates,review_required,,,,,43,4761:4768:Pantaloncino in velluto | 4503:4512:Abito Anjeliy Smanicato in velluto | 4466:Fiocco Personaggi | 4449:Fiocco Fucsia | 4442:Fiocco Fantasia fiori | 4434:Fiocco elefantini | 4430:Fiocco Rapunzel | 4383:Scrunchies in velluto - Rosa cipria e nude,,
MAGAZZINO - PF SS25 ,79,MCA02PKV06YPE25,MCA02PKV06YPE25,MCA02,,,PINK,Rosa cipria e nude,6Y,5-6 anni,approved_legend,SS,2025,false,Doha,1,0,1,0,13,1.56,,0.2,0.155,review_multiple_candidates,review_required,,,,,26,4761:4771:Pantaloncino in velluto | 4503:4513:Abito Anjeliy Smanicato in velluto | 4466:Fiocco Personaggi | 4449:Fiocco Fucsia | 4442:Fiocco Fantasia fiori | 4434:Fiocco elefantini | 4430:Fiocco Rapunzel | 4383:Scrunchies in velluto - Rosa cipria e nude,,
MAGAZZINO - PF SS25 ,80,MCA02PKV08YPE25,MCA02PKV08YPE25,MCA02,,,PINK,Rosa cipria e nude,8Y,7-8 anni,approved_legend,SS,2025,false,Doha,1,0,1,0,13,1.56,,0.2,0.155,review_multiple_candidates,review_required,,,,,25,4761:4774:Pantaloncino in velluto | 4503:4514:Abito Anjeliy Smanicato in velluto | 4466:Fiocco Personaggi | 4449:Fiocco Fucsia | 4442:Fiocco Fantasia fiori | 4434:Fiocco elefantini | 4430:Fiocco Rapunzel | 4383:Scrunchies in velluto - Rosa cipria e nude,,
MAGAZZINO - PF SS25 ,83,FCM01PKV01YPE25,FCM01PKV01YPE25,FCM01,,,PINK,Rosa cipria e nude,1Y,1 anno,approved_legend,SS,2025,false,Doha,1,0,1,0,13,1.56,,0.2,0.155,review_multiple_candidates,review_required,,,,,25,4503:4510:Abito Anjeliy Smanicato in velluto | 4466:Fiocco Personaggi | 4449:Fiocco Fucsia | 4442:Fiocco Fantasia fiori | 4434:Fiocco elefantini | 4430:Fiocco Rapunzel | 4383:Scrunchies in velluto - Rosa cipria e nude | 4349:Cerchietto fantasia gatti,,
MAGAZZINO - PF SS25 ,84,FCM01PKV02YPE25,FCM01PKV02YPE25,FCM01,,,PINK,Rosa cipria e nude,2Y,2 anni,approved_legend,SS,2025,false,Doha,1,0,1,0,13,1.56,,0.2,0.155,review_multiple_candidates,review_required,,,,,34,4761:4765:Pantaloncino in velluto | 4503:4511:Abito Anjeliy Smanicato in velluto | 4466:Fiocco Personaggi | 4449:Fiocco Fucsia | 4442:Fiocco Fantasia fiori | 4434:Fiocco elefantini | 4430:Fiocco Rapunzel | 4383:Scrunchies in velluto - Rosa cipria e nude,,
MAGAZZINO - PF SS25 ,85,FCM01PKV04YPE25,FCM01PKV04YPE25,FCM01,,,PINK,Rosa cipria e nude,4Y,3-4 anni,approved_legend,SS,2025,false,Doha,1,0,1,0,13,1.56,,0.2,0.155,review_multiple_candidates,review_required,,,,,43,4761:4768:Pantaloncino in velluto | 4503:4512:Abito Anjeliy Smanicato in velluto | 4466:Fiocco Personaggi | 4449:Fiocco Fucsia | 4442:Fiocco Fantasia fiori | 4434:Fiocco elefantini | 4430:Fiocco Rapunzel | 4383:Scrunchies in velluto - Rosa cipria e nude,,
MAGAZZINO - PF SS25 ,86,FCM01PKV06YPE25,FCM01PKV06YPE25,FCM01,,,PINK,Rosa cipria e nude,6Y,5-6 anni,approved_legend,SS,2025,false,Doha,1,0,1,0,13,1.56,,0.2,0.155,review_multiple_candidates,review_required,,,,,26,4761:4771:Pantaloncino in velluto | 4503:4513:Abito Anjeliy Smanicato in velluto | 4466:Fiocco Personaggi | 4449:Fiocco Fucsia | 4442:Fiocco Fantasia fiori | 4434:Fiocco elefantini | 4430:Fiocco Rapunzel | 4383:Scrunchies in velluto - Rosa cipria e nude,,
MAGAZZINO - PF SS25 ,87,FCM01PKV08YPE25,FCM01PKV08YPE25,FCM01,,,PINK,Rosa cipria e nude,8Y,7-8 anni,approved_legend,SS,2025,false,Doha,1,0,1,0,13,1.56,,0.2,0.155,review_multiple_candidates,review_required,,,,,25,4761:4774:Pantaloncino in velluto | 4503:4514:Abito Anjeliy Smanicato in velluto | 4466:Fiocco Personaggi | 4449:Fiocco Fucsia | 4442:Fiocco Fantasia fiori | 4434:Fiocco elefantini | 4430:Fiocco Rapunzel | 4383:Scrunchies in velluto - Rosa cipria e nude,,
MAGAZZINO - PF SS25 ,89,FCM01TLS01YPE25,FCM01TLS01YPE25,FCM01,,,52 LIGHT SAND,Beige e sabbia,1Y,1 anno,approved_legend,SS,2025,false,Doha,1,0,1,0,13,1.62,,0.2,0.155,review_multiple_candidates,review_required,,,,,19,4466:Fiocco Personaggi | 4449:Fiocco Fucsia | 4442:Fiocco Fantasia fiori | 4434:Fiocco elefantini | 4430:Fiocco Rapunzel | 4349:Cerchietto fantasia gatti | 2038:2046:Top double-face fantasia marina | 1910:1918:Camicia Smanicata fantasia Zebra,,
MAGAZZINO - PF SS25 ,90,FCM01TLS02YPE25,FCM01TLS02YPE25,FCM01,,,52 LIGHT SAND,Beige e sabbia,2Y,2 anni,approved_legend,SS,2025,false,Doha,1,0,1,0,13,1.62,,0.2,0.155,review_multiple_candidates,review_required,,,,,24,4466:Fiocco Personaggi | 4449:Fiocco Fucsia | 4442:Fiocco Fantasia fiori | 4434:Fiocco elefantini | 4430:Fiocco Rapunzel | 4349:Cerchietto fantasia gatti | 2038:2047:Top double-face fantasia marina | 2018:2034:Abito da cerimonia,,
MAGAZZINO - PF SS25 ,91,FCM01TLS04YPE25,FCM01TLS04YPE25,FCM01,,,52 LIGHT SAND,Beige e sabbia,4Y,3-4 anni,approved_legend,SS,2025,false,Doha,1,0,1,0,13,1.62,,0.2,0.155,review_multiple_candidates,review_required,,,,,28,4466:Fiocco Personaggi | 4449:Fiocco Fucsia | 4442:Fiocco Fantasia fiori | 4434:Fiocco elefantini | 4430:Fiocco Rapunzel | 4349:Cerchietto fantasia gatti | 2038:2049:Top double-face fantasia marina | 2038:2048:Top double-face fantasia marina,,
MAGAZZINO - PF SS25 ,92,FCM01TLS06YPE25,FCM01TLS06YPE25,FCM01,,,52 LIGHT SAND,Beige e sabbia,6Y,5-6 anni,approved_legend,SS,2025,false,Milano,0,0,0,0,13,,,0.2,0.155,review_multiple_candidates,review_required,,,,,17,4466:Fiocco Personaggi | 4449:Fiocco Fucsia | 4442:Fiocco Fantasia fiori | 4434:Fiocco elefantini | 4430:Fiocco Rapunzel | 4349:Cerchietto fantasia gatti | 1972:1996:Pantalone Cropped in Gabardina | 1910:1922:Camicia Smanicata fantasia Zebra,,
MAGAZZINO - PF SS25 ,93,FCM01TLS08YPE25,FCM01TLS08YPE25,FCM01,,,52 LIGHT SAND,Beige e sabbia,8Y,7-8 anni,approved_legend,SS,2025,false,Milano,0,0,0,0,13,,,0.2,0.155,review_multiple_candidates,review_required,,,,,16,4466:Fiocco Personaggi | 4449:Fiocco Fucsia | 4442:Fiocco Fantasia fiori | 4434:Fiocco elefantini | 4430:Fiocco Rapunzel | 4349:Cerchietto fantasia gatti | 1910:1923:Camicia Smanicata fantasia Zebra | 1303:Giacca in Denim,,
MAGAZZINO - PF SS25 ,95,FCM01TLS01YPE25,FCM01TLS01YPE25-2,FCM01,,,MUSSOLINA,MUSSOLINA,1Y,1 anno,approved_legend,SS,2025,false,Doha,1,0,1,0,13,,,0.2,0.155,review_multiple_candidates,review_required,,,,,19,4466:Fiocco Personaggi | 4449:Fiocco Fucsia | 4442:Fiocco Fantasia fiori | 4434:Fiocco elefantini | 4430:Fiocco Rapunzel | 4349:Cerchietto fantasia gatti | 2038:2046:Top double-face fantasia marina | 1910:1918:Camicia Smanicata fantasia Zebra,,color_mapping_requires_review
MAGAZZINO - PF SS25 ,96,FCM01TLS02YPE25,FCM01TLS02YPE25-2,FCM01,,,MUSSOLINA,MUSSOLINA,2Y,2 anni,approved_legend,SS,2025,false,Doha,1,0,1,0,13,,,0.2,0.155,review_multiple_candidates,review_required,,,,,24,4466:Fiocco Personaggi | 4449:Fiocco Fucsia | 4442:Fiocco Fantasia fiori | 4434:Fiocco elefantini | 4430:Fiocco Rapunzel | 4349:Cerchietto fantasia gatti | 2038:2047:Top double-face fantasia marina | 2018:2034:Abito da cerimonia,,color_mapping_requires_review
MAGAZZINO - PF SS25 ,97,FCM01TLS04YPE25,FCM01TLS04YPE25-2,FCM01,,,MUSSOLINA,MUSSOLINA,4Y,3-4 anni,approved_legend,SS,2025,false,Doha,1,0,1,0,13,,,0.2,0.155,review_multiple_candidates,review_required,,,,,28,4466:Fiocco Personaggi | 4449:Fiocco Fucsia | 4442:Fiocco Fantasia fiori | 4434:Fiocco elefantini | 4430:Fiocco Rapunzel | 4349:Cerchietto fantasia gatti | 2038:2049:Top double-face fantasia marina | 2038:2048:Top double-face fantasia marina,,color_mapping_requires_review
MAGAZZINO - PF SS25 ,98,FCM01TLS06YPE25,FCM01TLS06YPE25-2,FCM01,,,MUSSOLINA,MUSSOLINA,6Y,5-6 anni,approved_legend,SS,2025,false,Doha,1,0,1,0,13,,,0.2,0.155,review_multiple_candidates,review_required,,,,,16,4466:Fiocco Personaggi | 4449:Fiocco Fucsia | 4442:Fiocco Fantasia fiori | 4434:Fiocco elefantini | 4430:Fiocco Rapunzel | 4349:Cerchietto fantasia gatti | 1972:1996:Pantalone Cropped in Gabardina | 1910:1922:Camicia Smanicata fantasia Zebra,,color_mapping_requires_review
MAGAZZINO - PF SS25 ,99,FCM01TLS08YPE25,FCM01TLS08YPE25-2,FCM01,,,MUSSOLINA,MUSSOLINA,8Y,7-8 anni,approved_legend,SS,2025,false,Doha,1,0,1,0,13,,,0.2,0.155,review_multiple_candidates,review_required,,,,,15,4466:Fiocco Personaggi | 4449:Fiocco Fucsia | 4442:Fiocco Fantasia fiori | 4434:Fiocco elefantini | 4430:Fiocco Rapunzel | 4349:Cerchietto fantasia gatti | 1910:1923:Camicia Smanicata fantasia Zebra | 1303:Giacca in Denim,,color_mapping_requires_review
MAGAZZINO - PF SS25 ,101,CAM06GRT01YPE25,CAM06GRT01YPE25,CAM06,,,GIRAFFA TURCHESE + Voile,Fantasie: animali,1Y,1 anno,approved_legend,SS,2025,false,Doha,1,0,1,0,13,9.2,,0.2,0.155,review_multiple_candidates,review_required,,,,,28,4604:4605:Camicia fantasia animali | 4591:4596:Abito Fantasia animali | 4466:Fiocco Personaggi | 4449:Fiocco Fucsia | 4442:Fiocco Fantasia fiori | 4434:Fiocco elefantini | 4430:Fiocco Rapunzel | 4349:Cerchietto fantasia gatti,,
MAGAZZINO - PF SS25 ,102,CAM06GRT02YPE25,CAM06GRT02YPE25,CAM06,,,GIRAFFA TURCHESE + Voile,Fantasie: animali,2Y,2 anni,approved_legend,SS,2025,false,Doha,1,0,1,0,13,9.2,,0.2,0.155,review_multiple_candidates,review_required,,,,,33,4604:4606:Camicia fantasia animali | 4591:4597:Abito Fantasia animali | 4466:Fiocco Personaggi | 4449:Fiocco Fucsia | 4442:Fiocco Fantasia fiori | 4434:Fiocco elefantini | 4430:Fiocco Rapunzel | 4349:Cerchietto fantasia gatti,,
MAGAZZINO - PF SS25 ,103,CAM06GRT04YPE25,CAM06GRT04YPE25,CAM06,,,GIRAFFA TURCHESE + Voile,Fantasie: animali,4Y,3-4 anni,approved_legend,SS,2025,false,Doha,1,0,1,0,13,9.2,,0.2,0.155,review_multiple_candidates,review_required,,,,,42,4604:4607:Camicia fantasia animali | 4591:4598:Abito Fantasia animali | 4466:Fiocco Personaggi | 4449:Fiocco Fucsia | 4442:Fiocco Fantasia fiori | 4434:Fiocco elefantini | 4430:Fiocco Rapunzel | 4349:Cerchietto fantasia gatti,,
MAGAZZINO - PF SS25 ,104,CAM06GRT06YPE25,CAM06GRT06YPE25,CAM06,,,GIRAFFA TURCHESE + Voile,Fantasie: animali,6Y,5-6 anni,approved_legend,SS,2025,false,Doha,1,0,1,0,13,9.2,,0.2,0.155,review_multiple_candidates,review_required,,,,,25,4604:4608:Camicia fantasia animali | 4591:4599:Abito Fantasia animali | 4466:Fiocco Personaggi | 4449:Fiocco Fucsia | 4442:Fiocco Fantasia fiori | 4434:Fiocco elefantini | 4430:Fiocco Rapunzel | 4349:Cerchietto fantasia gatti,,
MAGAZZINO - PF SS25 ,105,CAM06GRT08YPE25,CAM06GRT08YPE25,CAM06,,,GIRAFFA TURCHESE + Voile,Fantasie: animali,8Y,7-8 anni,approved_legend,SS,2025,false,Doha,1,0,1,0,13,9.2,,0.2,0.155,review_multiple_candidates,review_required,,,,,24,4604:4609:Camicia fantasia animali | 4591:4600:Abito Fantasia animali | 4466:Fiocco Personaggi | 4449:Fiocco Fucsia | 4442:Fiocco Fantasia fiori | 4434:Fiocco elefantini | 4430:Fiocco Rapunzel | 4349:Cerchietto fantasia gatti,,
MAGAZZINO - PF SS25 ,106,CAM06GRT10YPE25,CAM06GRT10YPE25,CAM06,,,GIRAFFA TURCHESE + Voile,Fantasie: animali,10Y,9-10 anni,approved_legend,SS,2025,false,Doha,1,0,1,0,13,9.2,,0.2,0.155,review_multiple_candidates,review_required,,,,,18,4604:4610:Camicia fantasia animali | 4591:4601:Abito Fantasia animali | 4466:Fiocco Personaggi | 4449:Fiocco Fucsia | 4442:Fiocco Fantasia fiori | 4434:Fiocco elefantini | 4430:Fiocco Rapunzel | 4349:Cerchietto fantasia gatti,,
MAGAZZINO - PF SS25 ,108,CAM06MAR01YPE25,CAM06MAR01YPE25,CAM06,,,MARINA,Fantasia marina,1Y,1 anno,approved_legend,SS,2025,false,Milano,1,1,0,0,13,8.2,,0.2,0.155,review_multiple_candidates,review_required,,,,,19,4466:Fiocco Personaggi | 4449:Fiocco Fucsia | 4442:Fiocco Fantasia fiori | 4434:Fiocco elefantini | 4430:Fiocco Rapunzel | 4349:Cerchietto fantasia gatti | 2038:2046:Top double-face fantasia marina | 1910:1918:Camicia Smanicata fantasia Zebra,,
MAGAZZINO - PF SS25 ,109,CAM06MAR02YPE25,CAM06MAR02YPE25,CAM06,,,MARINA,Fantasia marina,2Y,2 anni,approved_legend,SS,2025,false,Doha,1,0,1,0,13,8.2,,0.2,0.155,review_multiple_candidates,review_required,,,,,27,4466:Fiocco Personaggi | 4449:Fiocco Fucsia | 4442:Fiocco Fantasia fiori | 4434:Fiocco elefantini | 4430:Fiocco Rapunzel | 4349:Cerchietto fantasia gatti | 2038:2047:Top double-face fantasia marina | 2018:2034:Abito da cerimonia,,
MAGAZZINO - PF SS25 ,110,CAM06MAR04YPE25,CAM06MAR04YPE25,CAM06,,,MARINA,Fantasia marina,4Y,3-4 anni,approved_legend,SS,2025,false,Doha,1,0,1,0,13,8.2,,0.2,0.155,review_multiple_candidates,review_required,,,,,34,4466:Fiocco Personaggi | 4449:Fiocco Fucsia | 4442:Fiocco Fantasia fiori | 4434:Fiocco elefantini | 4430:Fiocco Rapunzel | 4349:Cerchietto fantasia gatti | 2038:2049:Top double-face fantasia marina | 2038:2048:Top double-face fantasia marina,,
MAGAZZINO - PF SS25 ,111,CAM06MAR06YPE25,CAM06MAR06YPE25,CAM06,,,MARINA,Fantasia marina,6Y,5-6 anni,approved_legend,SS,2025,false,Doha,1,0,1,0,13,8.2,,0.2,0.155,review_multiple_candidates,review_required,,,,,17,4466:Fiocco Personaggi | 4449:Fiocco Fucsia | 4442:Fiocco Fantasia fiori | 4434:Fiocco elefantini | 4430:Fiocco Rapunzel | 4349:Cerchietto fantasia gatti | 1972:1996:Pantalone Cropped in Gabardina | 1968:1979:Abito smanicato Fantasia,,
MAGAZZINO - PF SS25 ,112,CAM06MAR08YPE25,CAM06MAR08YPE25,CAM06,,,MARINA,Fantasia marina,8Y,7-8 anni,approved_legend,SS,2025,false,Doha,1,0,1,0,13,8.2,,0.2,0.155,review_multiple_candidates,review_required,,,,,16,4466:Fiocco Personaggi | 4449:Fiocco Fucsia | 4442:Fiocco Fantasia fiori | 4434:Fiocco elefantini | 4430:Fiocco Rapunzel | 4349:Cerchietto fantasia gatti | 1968:1980:Abito smanicato Fantasia | 1910:1923:Camicia Smanicata fantasia Zebra,,
MAGAZZINO - PF SS25 ,113,CAM06MAR10YPE25,CAM06MAR10YPE25,CAM06,,,MARINA,Fantasia marina,10Y,9-10 anni,approved_legend,SS,2025,false,Doha,1,0,1,0,13,8.2,,0.2,0.155,review_multiple_candidates,review_required,,,,,15,4466:Fiocco Personaggi | 4449:Fiocco Fucsia | 4442:Fiocco Fantasia fiori | 4434:Fiocco elefantini | 4430:Fiocco Rapunzel | 4349:Cerchietto fantasia gatti | 1968:1981:Abito smanicato Fantasia | 1303:Giacca in Denim,,
MAGAZZINO - PF SS25 ,115,CAM06KAK01YPE25,CAM06KAK01YPE25,CAM06,,,KAKI,Verde khaki e militare,1Y,1 anno,approved_legend,SS,2025,false,Milano,1,1,0,0,13,4.27,,0.2,0.155,review_multiple_candidates,review_required,,,,,28,4466:Fiocco Personaggi | 4449:Fiocco Fucsia | 4442:Fiocco Fantasia fiori | 4434:Fiocco elefantini | 4430:Fiocco Rapunzel | 4409:Scrunchies sfilacciati - Verde khaki e militare | 4349:Cerchietto fantasia gatti | 4109:4116:Camicia in lino manica corta,,
MAGAZZINO - PF SS25 ,116,CAM06KAK02YPE25,CAM06KAK02YPE25,CAM06,,,KAKI,Verde khaki e militare,2Y,2 anni,approved_legend,SS,2025,false,Doha,1,0,1,0,13,4.27,,0.2,0.155,matched_auto_sku,update_existing_meta,1305,1386,CAM06KAK02YPE25,Camicia alla Coreana in Lino,1,1305:1386:Camicia alla Coreana in Lino,,
MAGAZZINO - PF SS25 ,117,CAM06KAK04YPE25,CAM06KAK04YPE25,CAM06,,,KAKI,Verde khaki e militare,4Y,3-4 anni,approved_legend,SS,2025,false,Doha,1,0,1,0,13,4.27,,0.2,0.155,matched_auto_sku,update_existing_meta,1305,1388,CAM06KAK04YPE25,Camicia alla Coreana in Lino,1,1305:1388:Camicia alla Coreana in Lino,,
MAGAZZINO - PF SS25 ,118,CAM06KAK06YPE25,CAM06KAK06YPE25,CAM06,,,KAKI,Verde khaki e militare,6Y,5-6 anni,approved_legend,SS,2025,false,Doha,1,0,1,0,13,4.27,,0.2,0.155,matched_auto_sku,update_existing_meta,1305,1389,CAM06KAK06YPE25,Camicia alla Coreana in Lino,1,1305:1389:Camicia alla Coreana in Lino,,
MAGAZZINO - PF SS25 ,119,CAM06KAK08YPE25,CAM06KAK08YPE25,CAM06,,,KAKI,Verde khaki e militare,8Y,7-8 anni,approved_legend,SS,2025,false,Doha,1,0,1,0,13,4.27,,0.2,0.155,matched_auto_sku,update_existing_meta,1305,1390,CAM06KAK08YPE25,Camicia alla Coreana in Lino,1,1305:1390:Camicia alla Coreana in Lino,,
MAGAZZINO - PF SS25 ,120,CAM06KAK10YPE25,CAM06KAK10YPE25,CAM06,,,KAKI,Verde khaki e militare,10Y,9-10 anni,approved_legend,SS,2025,false,Doha,1,0,1,0,13,4.27,,0.2,0.155,matched_auto_sku,update_existing_meta,1305,1391,CAM06KAK10YPE25,Camicia alla Coreana in Lino,1,1305:1391:Camicia alla Coreana in Lino,,
MAGAZZINO - PF SS25 ,122,CAM06TLP01YPE25,CAM06TLP01YPE25,CAM06,,,LI- PS,Ecru e lino naturale,1Y,1 anno,approved_legend,SS,2025,false,Doha,1,0,1,0,13,2.76,,0.2,0.155,review_multiple_candidates,review_required,,,,,20,4466:Fiocco Personaggi | 4449:Fiocco Fucsia | 4442:Fiocco Fantasia fiori | 4434:Fiocco elefantini | 4430:Fiocco Rapunzel | 4349:Cerchietto fantasia gatti | 2038:2046:Top double-face fantasia marina | 1910:1918:Camicia Smanicata fantasia Zebra,,
MAGAZZINO - PF SS25 ,123,CAM06TLP02YPE25,CAM06TLP02YPE25,CAM06,,,LI- PS,Ecru e lino naturale,2Y,2 anni,approved_legend,SS,2025,false,Doha,1,0,1,0,13,2.76,,0.2,0.155,matched_auto_sku,update_existing_meta,1305,1392,CAM06TLP02YPE25,Camicia alla Coreana in Lino,1,1305:1392:Camicia alla Coreana in Lino,,
MAGAZZINO - PF SS25 ,124,CAM06TLP04YPE25,CAM06TLP04YPE25,CAM06,,,LI- PS,Ecru e lino naturale,4Y,3-4 anni,approved_legend,SS,2025,false,Doha,1,0,1,0,13,2.76,,0.2,0.155,matched_auto_sku,update_existing_meta,1305,1394,CAM06TLP04YPE25,Camicia alla Coreana in Lino,1,1305:1394:Camicia alla Coreana in Lino,,
MAGAZZINO - PF SS25 ,125,CAM06TLP06YPE25,CAM06TLP06YPE25,CAM06,,,LI- PS,Ecru e lino naturale,6Y,5-6 anni,approved_legend,SS,2025,false,Doha,1,0,1,0,13,2.76,,0.2,0.155,matched_auto_sku,update_existing_meta,1305,1395,CAM06TLP06YPE25,Camicia alla Coreana in Lino,1,1305:1395:Camicia alla Coreana in Lino,,
MAGAZZINO - PF SS25 ,126,CAM06TLP08YPE25,CAM06TLP08YPE25,CAM06,,,LI- PS,Ecru e lino naturale,8Y,7-8 anni,approved_legend,SS,2025,false,Doha,1,0,1,0,13,2.76,,0.2,0.155,matched_auto_sku,update_existing_meta,1305,1396,CAM06TLP08YPE25,Camicia alla Coreana in Lino,1,1305:1396:Camicia alla Coreana in Lino,,
MAGAZZINO - PF SS25 ,127,CAM06TLP10YPE25,CAM06TLP10YPE25,CAM06,,,LI- PS,Ecru e lino naturale,10Y,9-10 anni,approved_legend,SS,2025,false,Doha,1,0,1,0,13,2.76,,0.2,0.155,matched_auto_sku,update_existing_meta,1305,1397,CAM06TLP10YPE25,Camicia alla Coreana in Lino,1,1305:1397:Camicia alla Coreana in Lino,,
MAGAZZINO - PF SS25 ,129,CAM06AZF01YPE25,CAM06AZF01YPE25,CAM06,,,AZAFATA,Azzurro polvere e denim,1Y,1 anno,approved_legend,SS,2025,false,Doha,1,0,1,0,13,2.49,,0.2,0.155,review_multiple_candidates,review_required,,,,,31,4503:4504:Abito Anjeliy Smanicato in velluto | 4466:Fiocco Personaggi | 4449:Fiocco Fucsia | 4442:Fiocco Fantasia fiori | 4434:Fiocco elefantini | 4430:Fiocco Rapunzel | 4415:Scrunchies sfilacciati - Azzurro polvere e denim | 4349:Cerchietto fantasia gatti,,
MAGAZZINO - PF SS25 ,130,CAM06AZF02YPE25,CAM06AZF02YPE25,CAM06,,,AZAFATA,Azzurro polvere e denim,2Y,2 anni,approved_legend,SS,2025,false,Doha,1,0,1,0,13,2.49,,0.2,0.155,matched_auto_sku,update_existing_meta,1305,1372,CAM06AZF02YPE25,Camicia alla Coreana in Lino,1,1305:1372:Camicia alla Coreana in Lino,,
MAGAZZINO - PF SS25 ,131,CAM06AZF04YPE25,CAM06AZF04YPE25,CAM06,,,AZAFATA,Azzurro polvere e denim,4Y,3-4 anni,approved_legend,SS,2025,false,Doha,1,0,1,0,13,2.49,,0.2,0.155,matched_auto_sku,update_existing_meta,1305,1374,CAM06AZF04YPE25,Camicia alla Coreana in Lino,1,1305:1374:Camicia alla Coreana in Lino,,
MAGAZZINO - PF SS25 ,132,CAM06AZF06YPE25,CAM06AZF06YPE25,CAM06,,,AZAFATA,Azzurro polvere e denim,6Y,5-6 anni,approved_legend,SS,2025,false,Doha,1,0,1,0,13,2.49,,0.2,0.155,matched_auto_sku,update_existing_meta,1305,1375,CAM06AZF06YPE25,Camicia alla Coreana in Lino,1,1305:1375:Camicia alla Coreana in Lino,,
MAGAZZINO - PF SS25 ,133,CAM06AZF08YPE25,CAM06AZF08YPE25,CAM06,,,AZAFATA,Azzurro polvere e denim,8Y,7-8 anni,approved_legend,SS,2025,false,Doha,1,0,1,0,13,2.49,,0.2,0.155,matched_auto_sku,update_existing_meta,1305,1376,CAM06AZF08YPE25,Camicia alla Coreana in Lino,1,1305:1376:Camicia alla Coreana in Lino,,
MAGAZZINO - PF SS25 ,134,CAM06AZF10YPE25,CAM06AZF10YPE25,CAM06,,,AZAFATA,Azzurro polvere e denim,10Y,9-10 anni,approved_legend,SS,2025,false,Doha,1,0,1,0,13,2.49,,0.2,0.155,matched_auto_sku,update_existing_meta,1305,1377,CAM06AZF10YPE25,Camicia alla Coreana in Lino,1,1305:1377:Camicia alla Coreana in Lino,,
MAGAZZINO - PF SS25 ,136,CAM08CHD01YPE25,CAM08CHD01YPE25,CAM08,,,CHARDONNAY,Giallo e ocra,1Y,1 anno,approved_legend,SS,2025,false,Doha,1,0,1,0,13,6.56,,0.2,0.155,review_multiple_candidates,review_required,,,,,31,4715:4900:Fiocco Giraffe | 4615:4616:Camicia a scacchi | 4563:4576:Sopravveste in velluto | 4529:4542:Abito in velluto manica lunga | 4466:Fiocco Personaggi | 4449:Fiocco Fucsia | 4442:Fiocco Fantasia fiori | 4434:Fiocco elefantini,,
MAGAZZINO - PF SS25 ,137,CAM08CHD02YPE25,CAM08CHD02YPE25,CAM08,,,CHARDONNAY,Giallo e ocra,2Y,2 anni,approved_legend,SS,2025,false,Doha,1,0,1,0,13,6.56,,0.2,0.155,matched_auto_sku,update_existing_meta,1385,1424,CAM08CHD02YPE25,Camicia George in Mussola,1,1385:1424:Camicia George in Mussola,,
MAGAZZINO - PF SS25 ,138,CAM08CHD04YPE25,CAM08CHD04YPE25,CAM08,,,CHARDONNAY,Giallo e ocra,4Y,3-4 anni,approved_legend,SS,2025,false,Doha,1,0,1,0,13,6.56,,0.2,0.155,matched_auto_sku,update_existing_meta,1385,1426,CAM08CHD04YPE25,Camicia George in Mussola,1,1385:1426:Camicia George in Mussola,,
MAGAZZINO - PF SS25 ,139,CAM08CHD06YPE25,CAM08CHD06YPE25,CAM08,,,CHARDONNAY,Giallo e ocra,6Y,5-6 anni,approved_legend,SS,2025,false,Doha,1,0,1,0,13,6.56,,0.2,0.155,matched_auto_sku,update_existing_meta,1385,1427,CAM08CHD06YPE25,Camicia George in Mussola,1,1385:1427:Camicia George in Mussola,,
MAGAZZINO - PF SS25 ,140,CAM08CHD08YPE25,CAM08CHD08YPE25,CAM08,,,CHARDONNAY,Giallo e ocra,8Y,7-8 anni,approved_legend,SS,2025,false,Milano,0,0,0,0,13,6.56,,0.2,0.155,matched_auto_sku,update_existing_meta,1385,1428,CAM08CHD08YPE25,Camicia George in Mussola,1,1385:1428:Camicia George in Mussola,,
MAGAZZINO - PF SS25 ,142,CAM08MAR01YPE25,CAM08MAR01YPE25,CAM08,,,MARINA/BLUE SHADOW,Blu e azzurro intenso,1Y,1 anno,approved_legend,SS,2025,false,Doha,1,0,1,0,13,5.27,,0.2,0.155,review_multiple_candidates,review_required,,,,,24,4466:Fiocco Personaggi | 4449:Fiocco Fucsia | 4442:Fiocco Fantasia fiori | 4434:Fiocco elefantini | 4430:Fiocco Rapunzel | 4385:Scrunchies in velluto - Blu e azzurro intenso | 4349:Cerchietto fantasia gatti | 3801:3802:Pantaloncino a palloncino mussolina,,
MAGAZZINO - PF SS25 ,143,CAM08MAR02YPE25,CAM08MAR02YPE25,CAM08,,,MARINA/BLUE SHADOW,Blu e azzurro intenso,2Y,2 anni,approved_legend,SS,2025,false,Doha,1,0,1,0,13,5.27,,0.2,0.155,matched_auto_sku,update_existing_meta,1385,1430,CAM08MAR02YPE25,Camicia George in Mussola,1,1385:1430:Camicia George in Mussola,,
MAGAZZINO - PF SS25 ,144,CAM08MAR04YPE25,CAM08MAR04YPE25,CAM08,,,MARINA/BLUE SHADOW,Blu e azzurro intenso,4Y,3-4 anni,approved_legend,SS,2025,false,Doha,1,0,1,0,13,5.27,,0.2,0.155,matched_auto_sku,update_existing_meta,1385,1432,CAM08MAR04YPE25,Camicia George in Mussola,1,1385:1432:Camicia George in Mussola,,
MAGAZZINO - PF SS25 ,145,CAM08MAR06YPE25,CAM08MAR06YPE25,CAM08,,,MARINA/BLUE SHADOW,Blu e azzurro intenso,6Y,5-6 anni,approved_legend,SS,2025,false,Doha,1,0,1,0,13,5.27,,0.2,0.155,matched_auto_sku,update_existing_meta,1385,1433,CAM08MAR06YPE25,Camicia George in Mussola,1,1385:1433:Camicia George in Mussola,,
MAGAZZINO - PF SS25 ,146,CAM08MAR08YPE25,CAM08MAR08YPE25,CAM08,,,MARINA/BLUE SHADOW,Blu e azzurro intenso,8Y,7-8 anni,approved_legend,SS,2025,false,Doha,1,0,1,0,13,5.27,,0.2,0.155,matched_auto_sku,update_existing_meta,1385,1434,CAM08MAR08YPE25,Camicia George in Mussola,1,1385:1434:Camicia George in Mussola,,
MAGAZZINO - PF SS25 ,147,CAM08MAR10YPE25,CAM08MAR10YPE25,CAM08,,,MARINA/BLUE SHADOW,Blu e azzurro intenso,10Y,9-10 anni,approved_legend,SS,2025,false,Doha,1,0,1,0,13,5.27,,0.2,0.155,matched_auto_sku,update_existing_meta,1385,1435,CAM08MAR10YPE25,Camicia George in Mussola,1,1385:1435:Camicia George in Mussola,,
MAGAZZINO - PF SS25 ,149,CAM08AMB01YPE25,CAM08AMB01YPE25,CAM08,,,AMB (ROSSO),Rosso e ciliegia,1Y,1 anno,approved_legend,SS,2025,false,Doha,1,0,1,0,13,6.15,,0.2,0.155,review_multiple_candidates,review_required,,,,,30,4715:4901:Fiocco Giraffe | 4529:4548:Abito in velluto manica lunga | 4503:4516:Abito Anjeliy Smanicato in velluto | 4466:Fiocco Personaggi | 4449:Fiocco Fucsia | 4442:Fiocco Fantasia fiori | 4434:Fiocco elefantini | 4430:Fiocco Rapunzel,,
MAGAZZINO - PF SS25 ,150,CAM08AMB02YPE25,CAM08AMB02YPE25,CAM08,,,AMB (ROSSO),Rosso e ciliegia,2Y,2 anni,approved_legend,SS,2025,false,Doha,1,0,1,0,13,6.15,,0.2,0.155,review_multiple_candidates,review_required,,,,,37,4761:4766:Pantaloncino in velluto | 4715:4901:Fiocco Giraffe | 4529:4549:Abito in velluto manica lunga | 4503:4517:Abito Anjeliy Smanicato in velluto | 4466:Fiocco Personaggi | 4449:Fiocco Fucsia | 4442:Fiocco Fantasia fiori | 4434:Fiocco elefantini,,
MAGAZZINO - PF SS25 ,151,CAM08AMB04YPE25,CAM08AMB04YPE25,CAM08,,,AMB,Rosso e ciliegia,4Y,3-4 anni,approved_legend,SS,2025,false,Doha,1,0,1,0,13,6.15,,0.2,0.155,review_multiple_candidates,review_required,,,,,45,4761:4769:Pantaloncino in velluto | 4715:4901:Fiocco Giraffe | 4529:4550:Abito in velluto manica lunga | 4503:4518:Abito Anjeliy Smanicato in velluto | 4466:Fiocco Personaggi | 4449:Fiocco Fucsia | 4442:Fiocco Fantasia fiori | 4434:Fiocco elefantini,,
MAGAZZINO - PF SS25 ,152,CAM08AMB06YPE25,CAM08AMB06YPE25,CAM08,,,AMB,Rosso e ciliegia,6Y,5-6 anni,approved_legend,SS,2025,false,Doha,1,0,1,0,13,6.15,,0.2,0.155,review_multiple_candidates,review_required,,,,,29,4761:4772:Pantaloncino in velluto | 4715:4901:Fiocco Giraffe | 4529:4551:Abito in velluto manica lunga | 4503:4519:Abito Anjeliy Smanicato in velluto | 4466:Fiocco Personaggi | 4449:Fiocco Fucsia | 4442:Fiocco Fantasia fiori | 4434:Fiocco elefantini,,
MAGAZZINO - PF SS25 ,153,CAM08AMB08YPE25,CAM08AMB08YPE25,CAM08,,,AMB,Rosso e ciliegia,8Y,7-8 anni,approved_legend,SS,2025,false,Milano,0,0,0,0,13,6.15,,0.2,0.155,matched_auto_sku,update_existing_meta,1385,3757,CAM08AMB08YPE25,Camicia George in Mussola,1,1385:3757:Camicia George in Mussola,,
MAGAZZINO - PF SS25 ,156,CAM13TLP01YPE25,CAM13TLP01YPE25,CAM13,,,LI- PS,Ecru e lino naturale,1Y,1 anno,approved_legend,SS,2025,false,Milano,1,1,0,0,13,2.76,,0.2,0.155,review_multiple_candidates,review_required,,,,,20,4466:Fiocco Personaggi | 4449:Fiocco Fucsia | 4442:Fiocco Fantasia fiori | 4434:Fiocco elefantini | 4430:Fiocco Rapunzel | 4349:Cerchietto fantasia gatti | 2038:2046:Top double-face fantasia marina | 1910:1918:Camicia Smanicata fantasia Zebra,,
MAGAZZINO - PF SS25 ,157,CAM13TLP02YPE25,CAM13TLP02YPE25,CAM13,,,LI- PS,Ecru e lino naturale,2Y,2 anni,approved_legend,SS,2025,false,Doha,1,0,1,0,13,2.76,,0.2,0.155,review_multiple_candidates,review_required,,,,,30,4466:Fiocco Personaggi | 4449:Fiocco Fucsia | 4442:Fiocco Fantasia fiori | 4434:Fiocco elefantini | 4430:Fiocco Rapunzel | 4349:Cerchietto fantasia gatti | 2038:2047:Top double-face fantasia marina | 2018:2034:Abito da cerimonia,,
MAGAZZINO - PF SS25 ,158,CAM13TLP04YPE25,CAM13TLP04YPE25,CAM13,,,LI- PS,Ecru e lino naturale,4Y,3-4 anni,approved_legend,SS,2025,false,Doha,1,0,1,0,13,2.76,,0.2,0.155,review_multiple_candidates,review_required,,,,,39,4466:Fiocco Personaggi | 4449:Fiocco Fucsia | 4442:Fiocco Fantasia fiori | 4434:Fiocco elefantini | 4430:Fiocco Rapunzel | 4349:Cerchietto fantasia gatti | 2038:2049:Top double-face fantasia marina | 2038:2048:Top double-face fantasia marina,,
MAGAZZINO - PF SS25 ,159,CAM13TLP06YPE25,CAM13TLP06YPE25,CAM13,,,LI- PS,Ecru e lino naturale,6Y,5-6 anni,approved_legend,SS,2025,false,Doha,1,0,1,0,13,2.76,,0.2,0.155,review_multiple_candidates,review_required,,,,,22,4466:Fiocco Personaggi | 4449:Fiocco Fucsia | 4442:Fiocco Fantasia fiori | 4434:Fiocco elefantini | 4430:Fiocco Rapunzel | 4349:Cerchietto fantasia gatti | 1972:1996:Pantalone Cropped in Gabardina | 1910:1922:Camicia Smanicata fantasia Zebra,,
MAGAZZINO - PF SS25 ,160,CAM13TLP08YPE25,CAM13TLP08YPE25,CAM13,,,LI- PS,Ecru e lino naturale,8Y,7-8 anni,approved_legend,SS,2025,false,Doha,1,0,1,0,13,2.76,,0.2,0.155,review_multiple_candidates,review_required,,,,,21,4466:Fiocco Personaggi | 4449:Fiocco Fucsia | 4442:Fiocco Fantasia fiori | 4434:Fiocco elefantini | 4430:Fiocco Rapunzel | 4349:Cerchietto fantasia gatti | 1910:1923:Camicia Smanicata fantasia Zebra | 1384:3454:Camicia Capri manica corta,,
MAGAZZINO - PF SS25 ,162,CAM13NUD02YPE25,CAM13NUD02YPE25,CAM13,,,NUDE,Rosa cipria e nude,1Y,1 anno,approved_legend,SS,2025,false,Milano,1,1,0,0,13,8.36,,0.2,0.155,review_multiple_candidates,review_required,,,,,25,4503:4510:Abito Anjeliy Smanicato in velluto | 4466:Fiocco Personaggi | 4449:Fiocco Fucsia | 4442:Fiocco Fantasia fiori | 4434:Fiocco elefantini | 4430:Fiocco Rapunzel | 4383:Scrunchies in velluto - Rosa cipria e nude | 4349:Cerchietto fantasia gatti,,
MAGAZZINO - PF SS25 ,163,CAM13NUD02YPE25,CAM13NUD02YPE25-2,CAM13,,,NUDE,Rosa cipria e nude,2Y,2 anni,approved_legend,SS,2025,false,Doha,1,0,1,0,13,8.36,,0.2,0.155,review_multiple_candidates,review_required,,,,,34,4761:4765:Pantaloncino in velluto | 4503:4511:Abito Anjeliy Smanicato in velluto | 4466:Fiocco Personaggi | 4449:Fiocco Fucsia | 4442:Fiocco Fantasia fiori | 4434:Fiocco elefantini | 4430:Fiocco Rapunzel | 4383:Scrunchies in velluto - Rosa cipria e nude,,
MAGAZZINO - PF SS25 ,164,CAM13NUD04YPE25,CAM13NUD04YPE25,CAM13,,,NUDE,Rosa cipria e nude,4Y,3-4 anni,approved_legend,SS,2025,false,Doha,1,0,1,0,13,8.36,,0.2,0.155,review_multiple_candidates,review_required,,,,,43,4761:4768:Pantaloncino in velluto | 4503:4512:Abito Anjeliy Smanicato in velluto | 4466:Fiocco Personaggi | 4449:Fiocco Fucsia | 4442:Fiocco Fantasia fiori | 4434:Fiocco elefantini | 4430:Fiocco Rapunzel | 4383:Scrunchies in velluto - Rosa cipria e nude,,
MAGAZZINO - PF SS25 ,165,CAM13NUD06YPE25,CAM13NUD06YPE25,CAM13,,,NUDE,Rosa cipria e nude,6Y,5-6 anni,approved_legend,SS,2025,false,Doha,1,0,1,0,13,8.36,,0.2,0.155,review_multiple_candidates,review_required,,,,,26,4761:4771:Pantaloncino in velluto | 4503:4513:Abito Anjeliy Smanicato in velluto | 4466:Fiocco Personaggi | 4449:Fiocco Fucsia | 4442:Fiocco Fantasia fiori | 4434:Fiocco elefantini | 4430:Fiocco Rapunzel | 4383:Scrunchies in velluto - Rosa cipria e nude,,
MAGAZZINO - PF SS25 ,166,CAM13NUD08YPE25,CAM13NUD08YPE25,CAM13,,,NUDE,Rosa cipria e nude,8Y,7-8 anni,approved_legend,SS,2025,false,Doha,1,0,1,0,13,8.36,,0.2,0.155,review_multiple_candidates,review_required,,,,,25,4761:4774:Pantaloncino in velluto | 4503:4514:Abito Anjeliy Smanicato in velluto | 4466:Fiocco Personaggi | 4449:Fiocco Fucsia | 4442:Fiocco Fantasia fiori | 4434:Fiocco elefantini | 4430:Fiocco Rapunzel | 4383:Scrunchies in velluto - Rosa cipria e nude,,
MAGAZZINO - PF SS25 ,168,CAM13KAK01YPE25,CAM13KAK01YPE25,CAM13,,,KAKI,Verde khaki e militare,1Y,1 anno,approved_legend,SS,2025,false,Milano,1,1,0,0,13,4.27,,0.2,0.155,review_multiple_candidates,review_required,,,,,28,4466:Fiocco Personaggi | 4449:Fiocco Fucsia | 4442:Fiocco Fantasia fiori | 4434:Fiocco elefantini | 4430:Fiocco Rapunzel | 4409:Scrunchies sfilacciati - Verde khaki e militare | 4349:Cerchietto fantasia gatti | 4109:4116:Camicia in lino manica corta,,
MAGAZZINO - PF SS25 ,169,CAM13KAK02YPE25,CAM13KAK02YPE25,CAM13,,,KAKI,Verde khaki e militare,2Y,2 anni,approved_legend,SS,2025,false,Doha,1,0,1,0,13,4.27,,0.2,0.155,matched_auto_sku,update_existing_meta,1593,1619,CAM13KAK02YPE25,Camicia Capri manica lunga,1,1593:1619:Camicia Capri manica lunga,,
MAGAZZINO - PF SS25 ,170,CAM13KAK04YPE25,CAM13KAK04YPE25,CAM13,,,KAKI,Verde khaki e militare,4Y,3-4 anni,approved_legend,SS,2025,false,Milano,1,1,0,0,13,4.27,,0.2,0.155,matched_auto_sku,update_existing_meta,1593,1621,CAM13KAK04YPE25,Camicia Capri manica lunga,1,1593:1621:Camicia Capri manica lunga,,
MAGAZZINO - PF SS25 ,171,CAM13KAK06YPE25,CAM13KAK06YPE25,CAM13,,,KAKI,Verde khaki e militare,6Y,5-6 anni,approved_legend,SS,2025,false,Doha,1,0,1,0,13,4.27,,0.2,0.155,matched_auto_sku,update_existing_meta,1593,1622,CAM13KAK06YPE25,Camicia Capri manica lunga,1,1593:1622:Camicia Capri manica lunga,,
MAGAZZINO - PF SS25 ,172,CAM13KAK08YPE25,CAM13KAK08YPE25,CAM13,,,KAKI,Verde khaki e militare,8Y,7-8 anni,approved_legend,SS,2025,false,Doha,1,0,1,0,13,4.27,,0.2,0.155,matched_auto_sku,update_existing_meta,1593,1623,CAM13KAK08YPE25,Camicia Capri manica lunga,1,1593:1623:Camicia Capri manica lunga,,
MAGAZZINO - PF SS25 ,174,CAM13AZF02YPE25,CAM13AZF02YPE25,CAM13,,,AZAFATA,Azzurro polvere e denim,1Y,1 anno,approved_legend,SS,2025,false,Milano,1,1,0,0,13,2.49,,0.2,0.155,review_multiple_candidates,review_required,,,,,31,4503:4504:Abito Anjeliy Smanicato in velluto | 4466:Fiocco Personaggi | 4449:Fiocco Fucsia | 4442:Fiocco Fantasia fiori | 4434:Fiocco elefantini | 4430:Fiocco Rapunzel | 4415:Scrunchies sfilacciati - Azzurro polvere e denim | 4349:Cerchietto fantasia gatti,,
MAGAZZINO - PF SS25 ,175,CAM13AZF02YPE25,CAM13AZF02YPE25-2,CAM13,,,AZAFATA,Azzurro polvere e denim,2Y,2 anni,approved_legend,SS,2025,false,Doha,1,0,1,0,13,2.49,,0.2,0.155,review_multiple_candidates,review_required,,,,,41,4645:4646:Pantalone denim | 4503:4505:Abito Anjeliy Smanicato in velluto | 4466:Fiocco Personaggi | 4449:Fiocco Fucsia | 4442:Fiocco Fantasia fiori | 4434:Fiocco elefantini | 4430:Fiocco Rapunzel | 4415:Scrunchies sfilacciati - Azzurro polvere e denim,,
MAGAZZINO - PF SS25 ,176,CAM13AZF04YPE25,CAM13AZF04YPE25,CAM13,,,AZAFATA,Azzurro polvere e denim,4Y,3-4 anni,approved_legend,SS,2025,false,Milano,1,1,0,0,13,2.49,,0.2,0.155,review_multiple_candidates,review_required,,,,,47,4645:4647:Pantalone denim | 4503:4506:Abito Anjeliy Smanicato in velluto | 4466:Fiocco Personaggi | 4449:Fiocco Fucsia | 4442:Fiocco Fantasia fiori | 4434:Fiocco elefantini | 4430:Fiocco Rapunzel | 4415:Scrunchies sfilacciati - Azzurro polvere e denim,,
MAGAZZINO - PF SS25 ,177,CAM13AZF06YPE25,CAM13AZF06YPE25,CAM13,,,AZAFATA,Azzurro polvere e denim,6Y,5-6 anni,approved_legend,SS,2025,false,Doha,1,0,1,0,13,2.49,,0.2,0.155,review_multiple_candidates,review_required,,,,,28,4645:4648:Pantalone denim | 4503:4507:Abito Anjeliy Smanicato in velluto | 4466:Fiocco Personaggi | 4449:Fiocco Fucsia | 4442:Fiocco Fantasia fiori | 4434:Fiocco elefantini | 4430:Fiocco Rapunzel | 4415:Scrunchies sfilacciati - Azzurro polvere e denim,,
MAGAZZINO - PF SS25 ,178,CAM13AZF08YPE25,CAM13AZF08YPE25,CAM13,,,AZAFATA,Azzurro polvere e denim,8Y,7-8 anni,approved_legend,SS,2025,false,Doha,1,0,1,0,13,2.49,,0.2,0.155,review_multiple_candidates,review_required,,,,,27,4645:4649:Pantalone denim | 4503:4508:Abito Anjeliy Smanicato in velluto | 4466:Fiocco Personaggi | 4449:Fiocco Fucsia | 4442:Fiocco Fantasia fiori | 4434:Fiocco elefantini | 4430:Fiocco Rapunzel | 4415:Scrunchies sfilacciati - Azzurro polvere e denim,,
MAGAZZINO - PF SS25 ,179,CAM13AZF10YPE25,CAM13AZF10YPE25,CAM13,,,AZAFATA,Azzurro polvere e denim,10Y,9-10 anni,approved_legend,SS,2025,false,Milano,1,1,0,0,13,2.49,,0.2,0.155,review_multiple_candidates,review_required,,,,,25,4503:4509:Abito Anjeliy Smanicato in velluto | 4466:Fiocco Personaggi | 4449:Fiocco Fucsia | 4442:Fiocco Fantasia fiori | 4434:Fiocco elefantini | 4430:Fiocco Rapunzel | 4415:Scrunchies sfilacciati - Azzurro polvere e denim | 4349:Cerchietto fantasia gatti,,
MAGAZZINO - PF SS25 ,181,CAM13NCHO2YPE25,CAM13NCHO2YPE25,CAM13,,,NOCHE,Blu navy e notte,1Y,1 anno,approved_legend,SS,2025,false,Milano,1,1,0,0,13,6.38,,0.2,0.155,review_multiple_candidates,review_required,,,,,20,4466:Fiocco Personaggi | 4449:Fiocco Fucsia | 4442:Fiocco Fantasia fiori | 4434:Fiocco elefantini | 4430:Fiocco Rapunzel | 4349:Cerchietto fantasia gatti | 2038:2046:Top double-face fantasia marina | 1910:1918:Camicia Smanicata fantasia Zebra,,
MAGAZZINO - PF SS25 ,182,CAM13NCHO2YPE25,CAM13NCHO2YPE25-2,CAM13,,,NOCHE,Blu navy e notte,2Y,2 anni,approved_legend,SS,2025,false,Doha,1,0,1,0,13,6.38,,0.2,0.155,review_multiple_candidates,review_required,,,,,28,4466:Fiocco Personaggi | 4449:Fiocco Fucsia | 4442:Fiocco Fantasia fiori | 4434:Fiocco elefantini | 4430:Fiocco Rapunzel | 4349:Cerchietto fantasia gatti | 2038:2047:Top double-face fantasia marina | 2018:2034:Abito da cerimonia,,
MAGAZZINO - PF SS25 ,183,CAM13NCHO4YPE25,CAM13NCHO4YPE25,CAM13,,,NOCHE,Blu navy e notte,4Y,3-4 anni,approved_legend,SS,2025,false,Doha,1,0,1,0,13,6.38,,0.2,0.155,review_multiple_candidates,review_required,,,,,35,4466:Fiocco Personaggi | 4449:Fiocco Fucsia | 4442:Fiocco Fantasia fiori | 4434:Fiocco elefantini | 4430:Fiocco Rapunzel | 4349:Cerchietto fantasia gatti | 2038:2049:Top double-face fantasia marina | 2038:2048:Top double-face fantasia marina,,
MAGAZZINO - PF SS25 ,184,CAM13NCHO6YPE25,CAM13NCHO6YPE25,CAM13,,,NOCHE,Blu navy e notte,6Y,5-6 anni,approved_legend,SS,2025,false,Doha,1,0,1,0,13,6.38,,0.2,0.155,review_multiple_candidates,review_required,,,,,21,4466:Fiocco Personaggi | 4449:Fiocco Fucsia | 4442:Fiocco Fantasia fiori | 4434:Fiocco elefantini | 4430:Fiocco Rapunzel | 4349:Cerchietto fantasia gatti | 1972:1996:Pantalone Cropped in Gabardina | 1910:1922:Camicia Smanicata fantasia Zebra,,
MAGAZZINO - PF SS25 ,185,CAM13NCHO8YPE25,CAM13NCHO8YPE25,CAM13,,,NOCHE,Blu navy e notte,8Y,7-8 anni,approved_legend,SS,2025,false,Doha,1,0,1,0,13,6.38,,0.2,0.155,review_multiple_candidates,review_required,,,,,20,4466:Fiocco Personaggi | 4449:Fiocco Fucsia | 4442:Fiocco Fantasia fiori | 4434:Fiocco elefantini | 4430:Fiocco Rapunzel | 4349:Cerchietto fantasia gatti | 1910:1923:Camicia Smanicata fantasia Zebra | 1385:1434:Camicia George in Mussola,,
MAGAZZINO - PF SS25 ,187,CAM11ECR01YPE25,CAM11ECR01YPE25,CAM11,,,LI- PS,Ecru e lino naturale,1Y,1 anno,approved_legend,SS,2025,false,Doha,1,0,1,0,13,2.1,,0.2,0.155,review_multiple_candidates,review_required,,,,,20,4466:Fiocco Personaggi | 4449:Fiocco Fucsia | 4442:Fiocco Fantasia fiori | 4434:Fiocco elefantini | 4430:Fiocco Rapunzel | 4349:Cerchietto fantasia gatti | 2038:2046:Top double-face fantasia marina | 1910:1918:Camicia Smanicata fantasia Zebra,,
MAGAZZINO - PF SS25 ,188,CAM11ECR02YPE25,CAM11ECR02YPE25,CAM11,,,LI- PS,Ecru e lino naturale,2Y,2 anni,approved_legend,SS,2025,false,Doha,1,0,1,0,13,2.1,,0.2,0.155,matched_auto_sku,update_existing_meta,1384,3451,CAM11ECR02YPE25,Camicia Capri manica corta,1,1384:3451:Camicia Capri manica corta,,
MAGAZZINO - PF SS25 ,189,CAM11ECR04YPE25,CAM11ECR04YPE25,CAM11,,,LI- PS,Ecru e lino naturale,4Y,3-4 anni,approved_legend,SS,2025,false,Doha,1,0,1,0,13,2.1,,0.2,0.155,matched_auto_sku,update_existing_meta,1384,3456,CAM11ECR04YPE25,Camicia Capri manica corta,1,1384:3456:Camicia Capri manica corta,,
MAGAZZINO - PF SS25 ,190,CAM11ECR06YPE25,CAM11ECR06YPE25,CAM11,,,LI- PS,Ecru e lino naturale,6Y,5-6 anni,approved_legend,SS,2025,false,Doha,1,0,1,0,13,2.1,,0.2,0.155,matched_auto_sku,update_existing_meta,1384,3453,CAM11ECR06YPE25,Camicia Capri manica corta,1,1384:3453:Camicia Capri manica corta,,
MAGAZZINO - PF SS25 ,191,CAM11ECR08YPE25,CAM11ECR08YPE25,CAM11,,,LI- PS,Ecru e lino naturale,8Y,7-8 anni,approved_legend,SS,2025,false,Doha,1,0,1,0,13,2.1,,0.2,0.155,matched_auto_sku,update_existing_meta,1384,3454,CAM11ECR08YPE25,Camicia Capri manica corta,1,1384:3454:Camicia Capri manica corta,,
MAGAZZINO - PF SS25 ,193,CAM11KAK01YPE25,CAM11KAK01YPE25,CAM11,,,KAKI,Verde khaki e militare,1Y,1 anno,approved_legend,SS,2025,false,Milano,1,1,0,0,13,4.27,,0.2,0.155,review_multiple_candidates,review_required,,,,,28,4466:Fiocco Personaggi | 4449:Fiocco Fucsia | 4442:Fiocco Fantasia fiori | 4434:Fiocco elefantini | 4430:Fiocco Rapunzel | 4409:Scrunchies sfilacciati - Verde khaki e militare | 4349:Cerchietto fantasia gatti | 4109:4116:Camicia in lino manica corta,,
MAGAZZINO - PF SS25 ,194,CAM11KAK02YPE25,CAM11KAK02YPE25,CAM11,,,KAKI,Verde khaki e militare,2Y,2 anni,approved_legend,SS,2025,false,Doha,1,0,1,0,13,4.27,,0.2,0.155,review_multiple_candidates,review_required,,,,,42,4466:Fiocco Personaggi | 4449:Fiocco Fucsia | 4442:Fiocco Fantasia fiori | 4434:Fiocco elefantini | 4430:Fiocco Rapunzel | 4409:Scrunchies sfilacciati - Verde khaki e militare | 4349:Cerchietto fantasia gatti | 4109:4117:Camicia in lino manica corta,,
MAGAZZINO - PF SS25 ,195,CAM11KAK04YPE25,CAM11KAK04YPE25,CAM11,,,KAKI,Verde khaki e militare,4Y,3-4 anni,approved_legend,SS,2025,false,Doha,1,0,1,0,13,4.27,,0.2,0.155,review_multiple_candidates,review_required,,,,,49,4466:Fiocco Personaggi | 4449:Fiocco Fucsia | 4442:Fiocco Fantasia fiori | 4434:Fiocco elefantini | 4430:Fiocco Rapunzel | 4409:Scrunchies sfilacciati - Verde khaki e militare | 4349:Cerchietto fantasia gatti | 4109:4118:Camicia in lino manica corta,,
MAGAZZINO - PF SS25 ,196,CAM11KAK06YPE25,CAM11KAK06YPE25,CAM11,,,KAKI,Verde khaki e militare,6Y,5-6 anni,approved_legend,SS,2025,false,Doha,1,0,1,0,13,4.27,,0.2,0.155,review_multiple_candidates,review_required,,,,,29,4466:Fiocco Personaggi | 4449:Fiocco Fucsia | 4442:Fiocco Fantasia fiori | 4434:Fiocco elefantini | 4430:Fiocco Rapunzel | 4409:Scrunchies sfilacciati - Verde khaki e militare | 4349:Cerchietto fantasia gatti | 4109:4119:Camicia in lino manica corta,,
MAGAZZINO - PF SS25 ,197,CAM11KAK08YPE25,CAM11KAK08YPE25,CAM11,,,KAKI,Verde khaki e militare,8Y,7-8 anni,approved_legend,SS,2025,false,Doha,1,0,1,0,13,4.27,,0.2,0.155,review_multiple_candidates,review_required,,,,,28,4466:Fiocco Personaggi | 4449:Fiocco Fucsia | 4442:Fiocco Fantasia fiori | 4434:Fiocco elefantini | 4430:Fiocco Rapunzel | 4409:Scrunchies sfilacciati - Verde khaki e militare | 4349:Cerchietto fantasia gatti | 4109:4120:Camicia in lino manica corta,,
MAGAZZINO - PF SS25 ,199,CAM11LQU01YPE25,CAM11LQU01YPE25,CAM11,,,LIQUEN,Celeste lino e polvere,1Y,1 anno,approved_legend,SS,2025,false,Doha,1,0,1,0,13,4.27,,0.2,0.155,review_multiple_candidates,review_required,,,,,19,4466:Fiocco Personaggi | 4449:Fiocco Fucsia | 4442:Fiocco Fantasia fiori | 4434:Fiocco elefantini | 4430:Fiocco Rapunzel | 4349:Cerchietto fantasia gatti | 2038:2046:Top double-face fantasia marina | 1910:1918:Camicia Smanicata fantasia Zebra,,
MAGAZZINO - PF SS25 ,200,CAM11LQU02YPE25,CAM11LQU02YPE25,CAM11,,,LIQUEN,Celeste lino e polvere,2Y,2 anni,approved_legend,SS,2025,false,Doha,1,0,1,0,13,4.27,,0.2,0.155,review_multiple_candidates,review_required,,,,,26,4466:Fiocco Personaggi | 4449:Fiocco Fucsia | 4442:Fiocco Fantasia fiori | 4434:Fiocco elefantini | 4430:Fiocco Rapunzel | 4349:Cerchietto fantasia gatti | 2038:2047:Top double-face fantasia marina | 2018:2034:Abito da cerimonia,,
MAGAZZINO - PF SS25 ,201,CAM11LQU04YPE25,CAM11LQU04YPE25,CAM11,,,LIQUEN,Celeste lino e polvere,4Y,3-4 anni,approved_legend,SS,2025,false,Milano,0,0,0,0,13,4.27,,0.2,0.155,review_multiple_candidates,review_required,,,,,32,4466:Fiocco Personaggi | 4449:Fiocco Fucsia | 4442:Fiocco Fantasia fiori | 4434:Fiocco elefantini | 4430:Fiocco Rapunzel | 4349:Cerchietto fantasia gatti | 2038:2049:Top double-face fantasia marina | 2038:2048:Top double-face fantasia marina,,
MAGAZZINO - PF SS25 ,202,CAM11LQU06YPE25,CAM11LQU06YPE25,CAM11,,,LIQUEN,Celeste lino e polvere,6Y,5-6 anni,approved_legend,SS,2025,false,Doha,1,0,1,0,13,4.27,,0.2,0.155,review_multiple_candidates,review_required,,,,,18,4466:Fiocco Personaggi | 4449:Fiocco Fucsia | 4442:Fiocco Fantasia fiori | 4434:Fiocco elefantini | 4430:Fiocco Rapunzel | 4349:Cerchietto fantasia gatti | 1972:1996:Pantalone Cropped in Gabardina | 1910:1922:Camicia Smanicata fantasia Zebra,,
MAGAZZINO - PF SS25 ,203,CAM11LQU08YPE25,CAM11LQU08YPE25,CAM11,,,LIQUEN,Celeste lino e polvere,8Y,7-8 anni,approved_legend,SS,2025,false,Doha,1,0,1,0,13,4.27,,0.2,0.155,review_multiple_candidates,review_required,,,,,17,4466:Fiocco Personaggi | 4449:Fiocco Fucsia | 4442:Fiocco Fantasia fiori | 4434:Fiocco elefantini | 4430:Fiocco Rapunzel | 4349:Cerchietto fantasia gatti | 1910:1923:Camicia Smanicata fantasia Zebra | 1305:1382:Camicia alla Coreana in Lino,,
MAGAZZINO - PF SS25 ,204,CAM11LQU10YPE25,CAM11LQU10YPE25,CAM11,,,LIQUEN,Celeste lino e polvere,10Y,9-10 anni,approved_legend,SS,2025,false,Doha,1,0,1,0,13,4.27,,0.2,0.155,review_multiple_candidates,review_required,,,,,16,4466:Fiocco Personaggi | 4449:Fiocco Fucsia | 4442:Fiocco Fantasia fiori | 4434:Fiocco elefantini | 4430:Fiocco Rapunzel | 4349:Cerchietto fantasia gatti | 1305:1383:Camicia alla Coreana in Lino | 1303:Giacca in Denim,,
MAGAZZINO - PF SS25 ,207,PAN04CIN01YPE25,PAN04CIN01YPE25,PAN04,,,CINDER B3805-2001,Antracite e grigio scuro,1Y,1 anno,approved_legend,SS,2025,false,Milano,1,1,0,0,12,12,,,0.155,review_multiple_candidates,review_required,,,,,19,4466:Fiocco Personaggi | 4449:Fiocco Fucsia | 4442:Fiocco Fantasia fiori | 4434:Fiocco elefantini | 4430:Fiocco Rapunzel | 4349:Cerchietto fantasia gatti | 2038:2046:Top double-face fantasia marina | 1910:1918:Camicia Smanicata fantasia Zebra,,
MAGAZZINO - PF SS25 ,208,PAN04CIN02YPE25,PAN04CIN02YPE25,PAN04,,,CINDER B3805-2001,Antracite e grigio scuro,2Y,2 anni,approved_legend,SS,2025,false,Doha,1,0,1,0,12,12,,,0.155,review_multiple_candidates,review_required,,,,,24,4466:Fiocco Personaggi | 4449:Fiocco Fucsia | 4442:Fiocco Fantasia fiori | 4434:Fiocco elefantini | 4430:Fiocco Rapunzel | 4349:Cerchietto fantasia gatti | 2038:2047:Top double-face fantasia marina | 2018:2034:Abito da cerimonia,,
MAGAZZINO - PF SS25 ,209,PAN04CIN04YPE25,PAN04CIN04YPE25,PAN04,,,CINDER B3805-2001,Antracite e grigio scuro,4Y,3-4 anni,approved_legend,SS,2025,false,Doha,1,0,1,0,12,12,,,0.155,review_multiple_candidates,review_required,,,,,28,4466:Fiocco Personaggi | 4449:Fiocco Fucsia | 4442:Fiocco Fantasia fiori | 4434:Fiocco elefantini | 4430:Fiocco Rapunzel | 4349:Cerchietto fantasia gatti | 2038:2049:Top double-face fantasia marina | 2038:2048:Top double-face fantasia marina,,
MAGAZZINO - PF SS25 ,210,PAN04CIN06YPE25,PAN04CIN06YPE25,PAN04,,,CINDER B3805-2001,Antracite e grigio scuro,6Y,5-6 anni,approved_legend,SS,2025,false,Doha,1,0,1,0,12,12,,,0.155,review_multiple_candidates,review_required,,,,,16,4466:Fiocco Personaggi | 4449:Fiocco Fucsia | 4442:Fiocco Fantasia fiori | 4434:Fiocco elefantini | 4430:Fiocco Rapunzel | 4349:Cerchietto fantasia gatti | 1972:1996:Pantalone Cropped in Gabardina | 1910:1922:Camicia Smanicata fantasia Zebra,,
MAGAZZINO - PF SS25 ,211,PAN04CIN08YPE25,PAN04CIN08YPE25,PAN04,,,CINDER B3805-2001,Antracite e grigio scuro,8Y,7-8 anni,approved_legend,SS,2025,false,Milano,1,0,0,1,12,12,,,0.155,review_multiple_candidates,review_required,,,,,15,4466:Fiocco Personaggi | 4449:Fiocco Fucsia | 4442:Fiocco Fantasia fiori | 4434:Fiocco elefantini | 4430:Fiocco Rapunzel | 4349:Cerchietto fantasia gatti | 1910:1923:Camicia Smanicata fantasia Zebra | 1303:Giacca in Denim,,
MAGAZZINO - PF SS25 ,212,PAN04CIN10YPE25,PAN04CIN10YPE25,PAN04,,,CINDER B3805-2001,Antracite e grigio scuro,10Y,9-10 anni,approved_legend,SS,2025,false,Doha,1,0,1,0,12,12,,,0.155,review_multiple_candidates,review_required,,,,,14,4466:Fiocco Personaggi | 4449:Fiocco Fucsia | 4442:Fiocco Fantasia fiori | 4434:Fiocco elefantini | 4430:Fiocco Rapunzel | 4349:Cerchietto fantasia gatti | 1303:Giacca in Denim | 849:Fiocco Rosa,,
MAGAZZINO - PF SS25 ,214,PTC16ECR01YPE25,PTC16ECR01YPE25,PTC16,,,ECRU',Ecru e lino naturale,1Y,1 anno,approved_legend,SS,2025,false,Doha,1,0,1,0,12,3.74,,,0.155,review_multiple_candidates,review_required,,,,,20,4466:Fiocco Personaggi | 4449:Fiocco Fucsia | 4442:Fiocco Fantasia fiori | 4434:Fiocco elefantini | 4430:Fiocco Rapunzel | 4349:Cerchietto fantasia gatti | 2038:2046:Top double-face fantasia marina | 1910:1918:Camicia Smanicata fantasia Zebra,,
MAGAZZINO - PF SS25 ,215,PTC16ECR02YPE25,PTC16ECR02YPE25,PTC16,,,ECRU',Ecru e lino naturale,2Y,2 anni,approved_legend,SS,2025,false,Doha,1,0,1,0,12,3.74,,,0.155,review_multiple_candidates,review_required,,,,,30,4466:Fiocco Personaggi | 4449:Fiocco Fucsia | 4442:Fiocco Fantasia fiori | 4434:Fiocco elefantini | 4430:Fiocco Rapunzel | 4349:Cerchietto fantasia gatti | 2038:2047:Top double-face fantasia marina | 2018:2034:Abito da cerimonia,,
MAGAZZINO - PF SS25 ,216,PTC16ECR04YPE25,PTC16ECR04YPE25,PTC16,,,ECRU',Ecru e lino naturale,4Y,3-4 anni,approved_legend,SS,2025,false,Doha,1,0,1,0,12,3.74,,,0.155,review_multiple_candidates,review_required,,,,,39,4466:Fiocco Personaggi | 4449:Fiocco Fucsia | 4442:Fiocco Fantasia fiori | 4434:Fiocco elefantini | 4430:Fiocco Rapunzel | 4349:Cerchietto fantasia gatti | 2038:2049:Top double-face fantasia marina | 2038:2048:Top double-face fantasia marina,,
MAGAZZINO - PF SS25 ,217,PTC16ECR06YPE25,PTC16ECR06YPE25,PTC16,,,ECRU',Ecru e lino naturale,6Y,5-6 anni,approved_legend,SS,2025,false,Doha,1,0,1,0,12,3.74,,,0.155,review_multiple_candidates,review_required,,,,,22,4466:Fiocco Personaggi | 4449:Fiocco Fucsia | 4442:Fiocco Fantasia fiori | 4434:Fiocco elefantini | 4430:Fiocco Rapunzel | 4349:Cerchietto fantasia gatti | 1972:1996:Pantalone Cropped in Gabardina | 1910:1922:Camicia Smanicata fantasia Zebra,,
MAGAZZINO - PF SS25 ,218,PTC16ECR08YPE25,PTC16ECR08YPE25,PTC16,,,ECRU',Ecru e lino naturale,8Y,7-8 anni,approved_legend,SS,2025,false,Milano,1,0,0,1,12,3.74,,,0.155,review_multiple_candidates,review_required,,,,,21,4466:Fiocco Personaggi | 4449:Fiocco Fucsia | 4442:Fiocco Fantasia fiori | 4434:Fiocco elefantini | 4430:Fiocco Rapunzel | 4349:Cerchietto fantasia gatti | 1910:1923:Camicia Smanicata fantasia Zebra | 1384:3454:Camicia Capri manica corta,,
MAGAZZINO - PF SS25 ,219,PTC16ECR10YPE25,PTC16ECR10YPE25,PTC16,,,ECRU',Ecru e lino naturale,10Y,9-10 anni,approved_legend,SS,2025,false,Doha,1,0,1,0,12,3.74,,,0.155,review_multiple_candidates,review_required,,,,,20,4466:Fiocco Personaggi | 4449:Fiocco Fucsia | 4442:Fiocco Fantasia fiori | 4434:Fiocco elefantini | 4430:Fiocco Rapunzel | 4349:Cerchietto fantasia gatti | 1384:3455:Camicia Capri manica corta | 1305:1371:Camicia alla Coreana in Lino,,
MAGAZZINO - PF SS25 ,221,PTC16KAK01YPE25,PTC16KAK01YPE25,PTC16,,,KAKI,Verde khaki e militare,1Y,1 anno,approved_legend,SS,2025,false,Milano,1,1,0,0,12,4.76,,,0.155,review_multiple_candidates,review_required,,,,,28,4466:Fiocco Personaggi | 4449:Fiocco Fucsia | 4442:Fiocco Fantasia fiori | 4434:Fiocco elefantini | 4430:Fiocco Rapunzel | 4409:Scrunchies sfilacciati - Verde khaki e militare | 4349:Cerchietto fantasia gatti | 4109:4116:Camicia in lino manica corta,,
MAGAZZINO - PF SS25 ,222,PTC16KAK02YPE25,PTC16KAK02YPE25,PTC16,,,KAKI,Verde khaki e militare,2Y,2 anni,approved_legend,SS,2025,false,Doha,1,0,1,0,12,4.76,,,0.155,matched_auto_sku,update_existing_meta,1035,1100,PTC16KAK02YPE25,Pantalone Capri,1,1035:1100:Pantalone Capri,,
MAGAZZINO - PF SS25 ,223,PTC16KAK04YPE25,PTC16KAK04YPE25,PTC16,,,KAKI,Verde khaki e militare,4Y,3-4 anni,approved_legend,SS,2025,false,Doha,1,0,1,0,12,4.76,,,0.155,matched_auto_sku,update_existing_meta,1035,1102,PTC16KAK04YPE25,Pantalone Capri,1,1035:1102:Pantalone Capri,,
MAGAZZINO - PF SS25 ,224,PTC16KAK06YPE25,PTC16KAK06YPE25,PTC16,,,KAKI,Verde khaki e militare,6Y,5-6 anni,approved_legend,SS,2025,false,Doha,1,0,1,0,12,4.76,,,0.155,matched_auto_sku,update_existing_meta,1035,1103,PTC16KAK06YPE25,Pantalone Capri,1,1035:1103:Pantalone Capri,,
MAGAZZINO - PF SS25 ,225,PTC16KAK08YPE25,PTC16KAK08YPE25,PTC16,,,KAKI,Verde khaki e militare,8Y,7-8 anni,approved_legend,SS,2025,false,Milano,1,0,0,1,12,4.76,,,0.155,matched_auto_sku,update_existing_meta,1035,1104,PTC16KAK08YPE25,Pantalone Capri,1,1035:1104:Pantalone Capri,,
MAGAZZINO - PF SS25 ,226,PTC16KAK10YPE25,PTC16KAK10YPE25,PTC16,,,KAKI,Verde khaki e militare,10Y,9-10 anni,approved_legend,SS,2025,false,Doha,1,0,1,0,12,4.76,,,0.155,matched_auto_sku,update_existing_meta,1035,1105,PTC16KAK10YPE25,Pantalone Capri,1,1035:1105:Pantalone Capri,,
MAGAZZINO - PF SS25 ,228,PTC16NUD01YPE25,PTC16NUD01YPE25,PTC16,,,NUDE,Rosa cipria e nude,1Y,1 anno,approved_legend,SS,2025,false,Milano,1,1,0,0,12,4.1,,,0.155,review_multiple_candidates,review_required,,,,,25,4503:4510:Abito Anjeliy Smanicato in velluto | 4466:Fiocco Personaggi | 4449:Fiocco Fucsia | 4442:Fiocco Fantasia fiori | 4434:Fiocco elefantini | 4430:Fiocco Rapunzel | 4383:Scrunchies in velluto - Rosa cipria e nude | 4349:Cerchietto fantasia gatti,,
MAGAZZINO - PF SS25 ,229,PTC16NUD02YPE25,PTC16NUD02YPE25,PTC16,,,NUDE,Rosa cipria e nude,2Y,2 anni,approved_legend,SS,2025,false,Doha,1,0,1,0,12,4.1,,,0.155,matched_auto_sku,update_existing_meta,1035,1112,PTC16NUD02YPE25,Pantalone Capri,1,1035:1112:Pantalone Capri,,
MAGAZZINO - PF SS25 ,230,PTC16NUD04YPE25,PTC16NUD04YPE25,PTC16,,,NUDE,Rosa cipria e nude,4Y,3-4 anni,approved_legend,SS,2025,false,Doha,1,0,1,0,12,4.1,,,0.155,matched_auto_sku,update_existing_meta,1035,1114,PTC16NUD04YPE25,Pantalone Capri,1,1035:1114:Pantalone Capri,,
MAGAZZINO - PF SS25 ,231,PTC16NUD06YPE25,PTC16NUD06YPE25,PTC16,,,NUDE,Rosa cipria e nude,6Y,5-6 anni,approved_legend,SS,2025,false,Doha,1,0,1,0,12,4.1,,,0.155,matched_auto_sku,update_existing_meta,1035,1115,PTC16NUD06YPE25,Pantalone Capri,1,1035:1115:Pantalone Capri,,
MAGAZZINO - PF SS25 ,232,PTC16NUD08YPE25,PTC16NUD08YPE25,PTC16,,,NUDE,Rosa cipria e nude,8Y,7-8 anni,approved_legend,SS,2025,false,Doha,1,0,1,0,12,4.1,,,0.155,matched_auto_sku,update_existing_meta,1035,1116,PTC16NUD08YPE25,Pantalone Capri,1,1035:1116:Pantalone Capri,,
MAGAZZINO - PF SS25 ,233,PTC16NUD10YPE25,PTC16NUD10YPE25,PTC16,,,NUDE,Rosa cipria e nude,10Y,9-10 anni,approved_legend,SS,2025,false,Doha,1,0,1,0,12,4.1,,,0.155,matched_auto_sku,update_existing_meta,1035,1117,PTC16NUD10YPE25,Pantalone Capri,1,1035:1117:Pantalone Capri,,
MAGAZZINO - PF SS25 ,235,PTC14TLP1YPE25,PTC14TLP1YPE25,PTC14,,,LI- PS,Ecru e lino naturale,1Y,1 anno,approved_legend,SS,2025,false,Milano,1,1,0,0,9,1.97,,,0.155,review_multiple_candidates,review_required,,,,,20,4466:Fiocco Personaggi | 4449:Fiocco Fucsia | 4442:Fiocco Fantasia fiori | 4434:Fiocco elefantini | 4430:Fiocco Rapunzel | 4349:Cerchietto fantasia gatti | 2038:2046:Top double-face fantasia marina | 1910:1918:Camicia Smanicata fantasia Zebra,,
MAGAZZINO - PF SS25 ,236,PTC14TLP2YPE25,PTC14TLP2YPE25,PTC14,,,LI- PS,Ecru e lino naturale,2Y,2 anni,approved_legend,SS,2025,false,Doha,1,0,1,0,9,1.97,,,0.155,review_multiple_candidates,review_required,,,,,30,4466:Fiocco Personaggi | 4449:Fiocco Fucsia | 4442:Fiocco Fantasia fiori | 4434:Fiocco elefantini | 4430:Fiocco Rapunzel | 4349:Cerchietto fantasia gatti | 2038:2047:Top double-face fantasia marina | 2018:2034:Abito da cerimonia,,
MAGAZZINO - PF SS25 ,237,PTC14TLP4YPE25,PTC14TLP4YPE25,PTC14,,,LI- PS,Ecru e lino naturale,4Y,3-4 anni,approved_legend,SS,2025,false,Doha,1,0,1,0,9,1.97,,,0.155,review_multiple_candidates,review_required,,,,,39,4466:Fiocco Personaggi | 4449:Fiocco Fucsia | 4442:Fiocco Fantasia fiori | 4434:Fiocco elefantini | 4430:Fiocco Rapunzel | 4349:Cerchietto fantasia gatti | 2038:2049:Top double-face fantasia marina | 2038:2048:Top double-face fantasia marina,,
MAGAZZINO - PF SS25 ,238,PTC14TLP6YPE25,PTC14TLP6YPE25,PTC14,,,LI- PS,Ecru e lino naturale,6Y,5-6 anni,approved_legend,SS,2025,false,Doha,1,0,1,0,9,1.97,,,0.155,review_multiple_candidates,review_required,,,,,22,4466:Fiocco Personaggi | 4449:Fiocco Fucsia | 4442:Fiocco Fantasia fiori | 4434:Fiocco elefantini | 4430:Fiocco Rapunzel | 4349:Cerchietto fantasia gatti | 1972:1996:Pantalone Cropped in Gabardina | 1910:1922:Camicia Smanicata fantasia Zebra,,
MAGAZZINO - PF SS25 ,239,PTC14TLP8YPE25,PTC14TLP8YPE25,PTC14,,,LI- PS,Ecru e lino naturale,8Y,7-8 anni,approved_legend,SS,2025,false,Doha,1,0,1,0,9,1.97,,,0.155,review_multiple_candidates,review_required,,,,,21,4466:Fiocco Personaggi | 4449:Fiocco Fucsia | 4442:Fiocco Fantasia fiori | 4434:Fiocco elefantini | 4430:Fiocco Rapunzel | 4349:Cerchietto fantasia gatti | 1910:1923:Camicia Smanicata fantasia Zebra | 1384:3454:Camicia Capri manica corta,,
MAGAZZINO - PF SS25 ,240,PTC14TLP10YPE25,PTC14TLP10YPE25,PTC14,,,LI- PS,Ecru e lino naturale,10Y,9-10 anni,approved_legend,SS,2025,false,Doha,1,0,1,0,9,1.97,,,0.155,matched_auto_sku,update_existing_meta,1099,1145,PTC14TLP10YPE25,Pantaloncino Capri,1,1099:1145:Pantaloncino Capri,,
MAGAZZINO - PF SS25 ,242,PTC14LQU01YPE25M,PTC14LQU01YPE25M,PTC14,,,LIQUEN,Celeste lino e polvere,2Y,2 anni,approved_legend,SS,2025,false,Milano,1,1,0,0,9,3.4,,,0.155,review_multiple_candidates,review_required,,,,,26,4466:Fiocco Personaggi | 4449:Fiocco Fucsia | 4442:Fiocco Fantasia fiori | 4434:Fiocco elefantini | 4430:Fiocco Rapunzel | 4349:Cerchietto fantasia gatti | 2038:2047:Top double-face fantasia marina | 2018:2034:Abito da cerimonia,,
MAGAZZINO - PF SS25 ,243,PTC14LQU02YPE25M,PTC14LQU02YPE25M,PTC14,,,LIQUEN,Celeste lino e polvere,3Y,3-4 anni,approved_legend,SS,2025,false,Doha,1,0,1,0,9,3.4,,,0.155,review_multiple_candidates,review_required,,,,,32,4466:Fiocco Personaggi | 4449:Fiocco Fucsia | 4442:Fiocco Fantasia fiori | 4434:Fiocco elefantini | 4430:Fiocco Rapunzel | 4349:Cerchietto fantasia gatti | 2038:2049:Top double-face fantasia marina | 2038:2048:Top double-face fantasia marina,,
MAGAZZINO - PF SS25 ,244,PTC14LQU04YPE25M,PTC14LQU04YPE25M,PTC14,,,LIQUEN,Celeste lino e polvere,4Y,3-4 anni,approved_legend,SS,2025,false,Doha,1,0,1,0,9,3.4,,,0.155,matched_auto_sku,update_existing_meta,1099,3464,PTC14LQU04YPE25M,Pantaloncino Capri,1,1099:3464:Pantaloncino Capri,,
MAGAZZINO - PF SS25 ,245,PTC14LQU06YPE25M,PTC14LQU06YPE25M,PTC14,,,LIQUEN,Celeste lino e polvere,6Y,5-6 anni,approved_legend,SS,2025,false,Doha,1,0,1,0,9,3.4,,,0.155,matched_auto_sku,update_existing_meta,1099,3461,PTC14LQU06YPE25M,Pantaloncino Capri,1,1099:3461:Pantaloncino Capri,,
MAGAZZINO - PF SS25 ,246,PTC14LQU08YPE25M,PTC14LQU08YPE25M,PTC14,,,LIQUEN,Celeste lino e polvere,8Y,7-8 anni,approved_legend,SS,2025,false,Doha,1,0,1,0,9,3.4,,,0.155,matched_auto_sku,update_existing_meta,1099,3462,PTC14LQU08YPE25M,Pantaloncino Capri,1,1099:3462:Pantaloncino Capri,,
MAGAZZINO - PF SS25 ,247,PTC14LQU10YPE25M,PTC14LQU10YPE25M,PTC14,,,LIQUEN,Celeste lino e polvere,10Y,9-10 anni,approved_legend,SS,2025,false,Doha,1,0,1,0,9,3.4,,,0.155,matched_auto_sku,update_existing_meta,1099,3463,PTC14LQU10YPE25M,Pantaloncino Capri,1,1099:3463:Pantaloncino Capri,,
MAGAZZINO - PF SS25 ,249,PTC14NCH01YPE25,PTC14NCH01YPE25,PTC14,,,NOCHE,Blu navy e notte,1y,1 anno,approved_legend,SS,2025,false,Milano,1,1,0,0,9,3.21,,,0.155,review_multiple_candidates,review_required,,,,,20,4466:Fiocco Personaggi | 4449:Fiocco Fucsia | 4442:Fiocco Fantasia fiori | 4434:Fiocco elefantini | 4430:Fiocco Rapunzel | 4349:Cerchietto fantasia gatti | 2038:2046:Top double-face fantasia marina | 1910:1918:Camicia Smanicata fantasia Zebra,,
MAGAZZINO - PF SS25 ,250,PTC14NCH02YPE25,PTC14NCH02YPE25,PTC14,,,NOCHE,Blu navy e notte,2Y,2 anni,approved_legend,SS,2025,false,Doha,1,0,1,0,9,3.21,,,0.155,matched_auto_sku,update_existing_meta,1099,1152,PTC14NCH02YPE25,Pantaloncino Capri,1,1099:1152:Pantaloncino Capri,,
MAGAZZINO - PF SS25 ,251,PTC14NCH04YPE25,PTC14NCH04YPE25,PTC14,,,NOCHE,Blu navy e notte,4Y,3-4 anni,approved_legend,SS,2025,false,Doha,1,0,1,0,9,3.21,,,0.155,matched_auto_sku,update_existing_meta,1099,1154,PTC14NCH04YPE25,Pantaloncino Capri,1,1099:1154:Pantaloncino Capri,,
MAGAZZINO - PF SS25 ,252,PTC14NCH06YPE25,PTC14NCH06YPE25,PTC14,,,NOCHE,Blu navy e notte,6Y,5-6 anni,approved_legend,SS,2025,false,Doha,1,0,1,0,9,3.21,,,0.155,matched_auto_sku,update_existing_meta,1099,1155,PTC14NCH06YPE25,Pantaloncino Capri,1,1099:1155:Pantaloncino Capri,,
MAGAZZINO - PF SS25 ,253,PTC14NCH08YPE25,PTC14NCH08YPE25,PTC14,,,NOCHE,Blu navy e notte,8Y,7-8 anni,approved_legend,SS,2025,false,Doha,1,0,1,0,9,3.21,,,0.155,matched_auto_sku,update_existing_meta,1099,1156,PTC14NCH08YPE25,Pantaloncino Capri,1,1099:1156:Pantaloncino Capri,,
MAGAZZINO - PF SS25 ,254,PTC14NCH10YPE25,PTC14NCH10YPE25,PTC14,,,NOCHE,Blu navy e notte,10Y,9-10 anni,approved_legend,SS,2025,false,Milano,0,0,0,0,9,3.21,,,0.155,matched_auto_sku,update_existing_meta,1099,1157,PTC14NCH10YPE25,Pantaloncino Capri,1,1099:1157:Pantaloncino Capri,,
MAGAZZINO - PF SS25 ,265,FAT 16/24 DEL 17/12/2024,FAT-16-24-DEL-17-12-2024,MODELLI,,,mere prodotta,mere prodotta,DOHA,DOHA,source,SS,2025,false,Milano,0,0,0,0,,,,,,review_multiple_candidates,review_required,,,,,14,4466:Fiocco Personaggi | 4449:Fiocco Fucsia | 4442:Fiocco Fantasia fiori | 4434:Fiocco elefantini | 4430:Fiocco Rapunzel | 4349:Cerchietto fantasia gatti | 1303:Giacca in Denim | 849:Fiocco Rosa,,color_mapping_requires_review
MAGAZZINO - PF SS25 ,266,,FW-2025-SS-PRODOTTO-19-X-266,AB09,,,19,19,19,,unsupported_size,SS,2025,false,Milano,0,0,0,0,,,,,,review_unmapped_size,review_required,,,,,83,4466:Fiocco Personaggi | 4449:Fiocco Fucsia | 4442:Fiocco Fantasia fiori | 4434:Fiocco elefantini | 4430:Fiocco Rapunzel | 4367:4369:Yes Bag - Fucsia e rosa vivace | 4367:4368:Yes Bag - Fucsia e rosa vivace | 4364:4366:Yes Bag - Giallo e ocra,,missing_size|size_not_available_in_current_site|color_mapping_requires_review
MAGAZZINO - PF SS25 ,267,IN FT  FPR 16/24 DEL 17/12/2024 RISULTANO 36 PZ,IN-FT-FPR-16-24-DEL-17-12-2024-RISULTANO-36-PZ,AB04,,,26,26,26,,unsupported_size,SS,2025,false,Milano,0,0,0,0,,,,,,review_unmapped_size,review_required,,,,,83,4466:Fiocco Personaggi | 4449:Fiocco Fucsia | 4442:Fiocco Fantasia fiori | 4434:Fiocco elefantini | 4430:Fiocco Rapunzel | 4367:4369:Yes Bag - Fucsia e rosa vivace | 4367:4368:Yes Bag - Fucsia e rosa vivace | 4364:4366:Yes Bag - Giallo e ocra,,missing_size|size_not_available_in_current_site|color_mapping_requires_review
MAGAZZINO - PF SS25 ,268,,FW-2025-SS-PRODOTTO-5-5-6-ANNI-268,CAM12,,,5,5,5,5-6 anni,approved_legend,SS,2025,false,Milano,0,0,0,0,,,,,,review_multiple_candidates,review_required,,,,,16,4466:Fiocco Personaggi | 4449:Fiocco Fucsia | 4442:Fiocco Fantasia fiori | 4434:Fiocco elefantini | 4430:Fiocco Rapunzel | 4349:Cerchietto fantasia gatti | 1972:1996:Pantalone Cropped in Gabardina | 1910:1922:Camicia Smanicata fantasia Zebra,,color_mapping_requires_review
MAGAZZINO - PF SS25 ,269,,FW-2025-SS-PRODOTTO-5-5-6-ANNI-269,MCA02,,,5,5,5,5-6 anni,approved_legend,SS,2025,false,Milano,0,0,0,0,,,,,,review_multiple_candidates,review_required,,,,,16,4466:Fiocco Personaggi | 4449:Fiocco Fucsia | 4442:Fiocco Fantasia fiori | 4434:Fiocco elefantini | 4430:Fiocco Rapunzel | 4349:Cerchietto fantasia gatti | 1972:1996:Pantalone Cropped in Gabardina | 1910:1922:Camicia Smanicata fantasia Zebra,,color_mapping_requires_review
MAGAZZINO - PF SS25 ,270,,FW-2025-SS-PRODOTTO-13-X-270,FCM01,,,13,13,13,,pending_legend,SS,2025,false,Milano,0,0,0,0,,,,,,review_unmapped_size,review_required,,,,,83,4466:Fiocco Personaggi | 4449:Fiocco Fucsia | 4442:Fiocco Fantasia fiori | 4434:Fiocco elefantini | 4430:Fiocco Rapunzel | 4367:4369:Yes Bag - Fucsia e rosa vivace | 4367:4368:Yes Bag - Fucsia e rosa vivace | 4364:4366:Yes Bag - Giallo e ocra,,missing_size|size_not_available_in_current_site|color_mapping_requires_review
MAGAZZINO - PF SS25 ,271,,FW-2025-SS-PRODOTTO-28-X-271,CAM06,,,28,28,28,,unsupported_size,SS,2025,false,Milano,0,0,0,0,,,,,,review_unmapped_size,review_required,,,,,83,4466:Fiocco Personaggi | 4449:Fiocco Fucsia | 4442:Fiocco Fantasia fiori | 4434:Fiocco elefantini | 4430:Fiocco Rapunzel | 4367:4369:Yes Bag - Fucsia e rosa vivace | 4367:4368:Yes Bag - Fucsia e rosa vivace | 4364:4366:Yes Bag - Giallo e ocra,,missing_size|size_not_available_in_current_site|color_mapping_requires_review
MAGAZZINO - PF SS25 ,272,,FW-2025-SS-PRODOTTO-14-X-272,CAM08,,,14,14,14,,pending_legend,SS,2025,false,Milano,0,0,0,0,,,,,,review_unmapped_size,review_required,,,,,83,4466:Fiocco Personaggi | 4449:Fiocco Fucsia | 4442:Fiocco Fantasia fiori | 4434:Fiocco elefantini | 4430:Fiocco Rapunzel | 4367:4369:Yes Bag - Fucsia e rosa vivace | 4367:4368:Yes Bag - Fucsia e rosa vivace | 4364:4366:Yes Bag - Giallo e ocra,,missing_size|size_not_available_in_current_site|color_mapping_requires_review
MAGAZZINO - PF SS25 ,273,,FW-2025-SS-PRODOTTO-20-X-273,CAM13,,,20,20,20,,unsupported_size,SS,2025,false,Milano,0,0,0,0,,,,,,review_unmapped_size,review_required,,,,,83,4466:Fiocco Personaggi | 4449:Fiocco Fucsia | 4442:Fiocco Fantasia fiori | 4434:Fiocco elefantini | 4430:Fiocco Rapunzel | 4367:4369:Yes Bag - Fucsia e rosa vivace | 4367:4368:Yes Bag - Fucsia e rosa vivace | 4364:4366:Yes Bag - Giallo e ocra,,missing_size|size_not_available_in_current_site|color_mapping_requires_review
MAGAZZINO - PF SS25 ,274,,FW-2025-SS-PRODOTTO-14-X-274,CAM11,,,14,14,14,,pending_legend,SS,2025,false,Milano,0,0,0,0,,,,,,review_unmapped_size,review_required,,,,,83,4466:Fiocco Personaggi | 4449:Fiocco Fucsia | 4442:Fiocco Fantasia fiori | 4434:Fiocco elefantini | 4430:Fiocco Rapunzel | 4367:4369:Yes Bag - Fucsia e rosa vivace | 4367:4368:Yes Bag - Fucsia e rosa vivace | 4364:4366:Yes Bag - Giallo e ocra,,missing_size|size_not_available_in_current_site|color_mapping_requires_review
MAGAZZINO - PF SS25 ,275,,FW-2025-SS-PRODOTTO-4-3-4-ANNI-275,PAN04,,,4,4,4,3-4 anni,approved_legend,SS,2025,false,Milano,0,0,0,0,,,,,,review_multiple_candidates,review_required,,,,,28,4466:Fiocco Personaggi | 4449:Fiocco Fucsia | 4442:Fiocco Fantasia fiori | 4434:Fiocco elefantini | 4430:Fiocco Rapunzel | 4349:Cerchietto fantasia gatti | 2038:2049:Top double-face fantasia marina | 2038:2048:Top double-face fantasia marina,,color_mapping_requires_review
MAGAZZINO - PF SS25 ,276,IN FT RISULTANO 23 PZ da sistemare nelle prossime fatture,IN-FT-RISULTANO-23-PZ-DA-SISTEMARE-NELLE-PROSSIME-FATTURE,PTC16,,,14,14,14,,pending_legend,SS,2025,false,Milano,0,0,0,0,,,,,,review_unmapped_size,review_required,,,,,83,4466:Fiocco Personaggi | 4449:Fiocco Fucsia | 4442:Fiocco Fantasia fiori | 4434:Fiocco elefantini | 4430:Fiocco Rapunzel | 4367:4369:Yes Bag - Fucsia e rosa vivace | 4367:4368:Yes Bag - Fucsia e rosa vivace | 4364:4366:Yes Bag - Giallo e ocra,,missing_size|size_not_available_in_current_site|color_mapping_requires_review
MAGAZZINO - PF SS25 ,277,,FW-2025-SS-PRODOTTO-14-X-277,PTC14,,,14,14,14,,pending_legend,SS,2025,false,Milano,0,0,0,0,,,,,,review_unmapped_size,review_required,,,,,83,4466:Fiocco Personaggi | 4449:Fiocco Fucsia | 4442:Fiocco Fantasia fiori | 4434:Fiocco elefantini | 4430:Fiocco Rapunzel | 4367:4369:Yes Bag - Fucsia e rosa vivace | 4367:4368:Yes Bag - Fucsia e rosa vivace | 4364:4366:Yes Bag - Giallo e ocra,,missing_size|size_not_available_in_current_site|color_mapping_requires_review
MAGAZZINO - PF SS25 ,278,,FW-2025-SS-PRODOTTO-176-176-278,TOTALE,,,176,176,176,176,source,SS,2025,false,Milano,0,0,0,0,,,,,,review_multiple_candidates,review_required,,,,,14,4466:Fiocco Personaggi | 4449:Fiocco Fucsia | 4442:Fiocco Fantasia fiori | 4434:Fiocco elefantini | 4430:Fiocco Rapunzel | 4349:Cerchietto fantasia gatti | 1303:Giacca in Denim | 849:Fiocco Rosa,,color_mapping_requires_review
MAGAZZINO - PF SS25 ,285,CAM08AMB10YPE25,CAM08AMB10YPE25,10y,,,Ft Sadia,Ft Sadia,Vendita,Vendita,source,SS,2025,false,Milano,0,0,0,0,,,,,,review_multiple_candidates,review_required,,,,,14,4466:Fiocco Personaggi | 4449:Fiocco Fucsia | 4442:Fiocco Fantasia fiori | 4434:Fiocco elefantini | 4430:Fiocco Rapunzel | 4349:Cerchietto fantasia gatti | 1303:Giacca in Denim | 849:Fiocco Rosa,,color_mapping_requires_review
MAGAZZINO - PF SS25 ,286,CAM08NCH10YPE25,CAM08NCH10YPE25,10Y,,,Ft Sadia,Ft Sadia,Vendita,Vendita,source,SS,2025,false,Milano,0,0,0,0,,,,,,review_multiple_candidates,review_required,,,,,14,4466:Fiocco Personaggi | 4449:Fiocco Fucsia | 4442:Fiocco Fantasia fiori | 4434:Fiocco elefantini | 4430:Fiocco Rapunzel | 4349:Cerchietto fantasia gatti | 1303:Giacca in Denim | 849:Fiocco Rosa,,color_mapping_requires_review
MAGAZZINO - PF Campionat SS25,4,AB04C AB04RAE06YPE25,AB04C-AB04RAE06YPE25,ABITO SMANICATO,,abito,RASPHODY MUSSOLINA FODERA JUMBO,Lilla e lavanda,6Y,5-6 anni,approved_legend,SS,2025,true,Milano,3,2,0,1,13,2,,,0.155,review_multiple_candidates,review_required,,,,,5,4413:Scrunchies sfilacciati - Lilla e lavanda | 1506:1562:Abito Charlotte smanicato in mussola | 1303:Giacca in Denim | 780:Fermaglio Flower | 775:Fermaglio Écru,,
MAGAZZINO - PF Campionat SS25,5,AB04C,AB04C,ABITO SMANICATO,,abito,ROSA MUSSOLINA ZEPHER,Rosa cipria e nude,6Y,5-6 anni,approved_legend,SS,2025,true,Milano,3,3,0,0,13,3,,,0.155,review_multiple_candidates,review_required,,,,,8,4503:4513:Abito Anjeliy Smanicato in velluto | 4383:Scrunchies in velluto - Rosa cipria e nude | 1506:1578:Abito Charlotte smanicato in mussola | 1487:1511:Abito Charlotte smanicato in voile | 1303:Giacca in Denim | 780:Fermaglio Flower | 775:Fermaglio Écru | 286:875:T-shirt Bimbi,,
MAGAZZINO - PF Campionat SS25,6,AB04C,AB04C-2,ABITO SMANICATO,,abito,KAKI LINO,Verde khaki e militare,6Y,5-6 anni,approved_legend,SS,2025,true,Milano,3,2,0,1,13,3,,,0.155,review_multiple_candidates,review_required,,,,,8,4409:Scrunchies sfilacciati - Verde khaki e militare | 3098:3103:Abito Ariel | 1488:1534:Abito Charlotte smanicato in lino | 1304:1332:Giacca in Lino | 1303:Giacca in Denim | 780:Fermaglio Flower | 775:Fermaglio Écru | 709:4345:Cerchietti in velluto,,
MAGAZZINO - PF Campionat SS25,7,AB04C.,AB04C-3,ABITO SMANICATO,,abito,ELEFANTE FODERA FUCSIA,Fucsia e rosa vivace,6Y,5-6 anni,approved_legend,SS,2025,true,Milano,3,3,0,0,13,3,,,0.155,review_multiple_candidates,review_required,,,,,4,3957:3969:Abito Cerise | 1303:Giacca in Denim | 780:Fermaglio Flower | 775:Fermaglio Écru,,
MAGAZZINO - PF Campionat SS25,8,AB09C,AB09C,ABITO SMANICATO B-COLORE,,abito,FLOWER+ AZAFATA,Fantasie: natura,6Y,5-6 anni,approved_legend,SS,2025,true,Milano,3,3,0,0,15,3,,,0.155,review_multiple_candidates,review_required,,,,,6,4405:Scrunchies in cotone - Fantasie: natura | 1968:1986:Abito smanicato Fantasia | 1486:1498:Abito Masha smanicato bicolore Flower | 1303:Giacca in Denim | 780:Fermaglio Flower | 775:Fermaglio Écru,,
MAGAZZINO - PF Campionat SS25,9,AB09C AB09FRM06YPE25,AB09C-AB09FRM06YPE25,ABITO SMANICATO B-COLORE,,abito,FLOWER + FUCSIA,Fantasie: natura,6Y,5-6 anni,approved_legend,SS,2025,true,Milano,0,0,0,0,15,3,,,0.155,review_multiple_candidates,review_required,,,,,6,4405:Scrunchies in cotone - Fantasie: natura | 1968:1986:Abito smanicato Fantasia | 1486:1498:Abito Masha smanicato bicolore Flower | 1303:Giacca in Denim | 780:Fermaglio Flower | 775:Fermaglio Écru,,
MAGAZZINO - PF Campionat SS25,10,AB09C,AB09C-2,ABITO SMANICATO B-COLORE,,abito,JUMBO+ PINK fucsia,Fantasie: animali,6Y,5-6 anni,approved_legend,SS,2025,true,Milano,1,1,0,0,15,8.63,,,0.155,review_multiple_candidates,review_required,,,,,6,4591:4599:Abito Fantasia animali | 1303:Giacca in Denim | 1242:1309:Abito Masha smanicato bicolore Giraffe | 1242:1300:Abito Masha smanicato bicolore Giraffe | 780:Fermaglio Flower | 775:Fermaglio Écru,,
MAGAZZINO - PF Campionat SS25,11,AB09C,AB09C-3,ABITO SMANICATO B-COLORE,,abito,JUMBO+ LILAC,Lilla e lavanda,6Y,5-6 anni,approved_legend,SS,2025,true,Milano,2,2,0,0,15,8.63,,,0.155,review_multiple_candidates,review_required,,,,,5,4413:Scrunchies sfilacciati - Lilla e lavanda | 1506:1562:Abito Charlotte smanicato in mussola | 1303:Giacca in Denim | 780:Fermaglio Flower | 775:Fermaglio Écru,,
MAGAZZINO - PF Campionat SS25,12,AB09C,AB09C-4,ABITO SMANICATO B-COLORE,,abito,JUMBO+ chardonney,Fantasie: animali,6Y,5-6 anni,approved_legend,SS,2025,true,Milano,1,0,0,1,15,8.63,,,0.155,review_multiple_candidates,review_required,,,,,6,4591:4599:Abito Fantasia animali | 1303:Giacca in Denim | 1242:1309:Abito Masha smanicato bicolore Giraffe | 1242:1300:Abito Masha smanicato bicolore Giraffe | 780:Fermaglio Flower | 775:Fermaglio Écru,,
MAGAZZINO - PF Campionat SS25,13,AB09C,AB09C-5,ABITO SMANICATO B-COLORE  Abito Masha. Dress Masha,,abito,RAPUNZEL/ORANGE,Fantasie: personaggi,6Y,5-6 anni,approved_legend,SS,2025,true,Milano,3,2,0,1,15,9.97,,,0.155,review_multiple_candidates,review_required,,,,,7,4404:Scrunchies in cotone - Fantasie: personaggi | 1303:Giacca in Denim | 1241:1288:Abito Masha smanicato bicolore Principesse | 1241:1282:Abito Masha smanicato bicolore Principesse | 1241:1276:Abito Masha smanicato bicolore Principesse | 780:Fermaglio Flower | 775:Fermaglio Écru,,
MAGAZZINO - PF Campionat SS25,14,AB03C,AB03C,ABITO MANICA LUNGA,,abito,FLOWER+  FODERA PINK,Fantasie: natura,6Y,5-6 anni,approved_legend,SS,2025,true,Milano,3,3,0,0,15,3,,,0.155,review_multiple_candidates,review_required,,,,,6,4405:Scrunchies in cotone - Fantasie: natura | 1968:1986:Abito smanicato Fantasia | 1486:1498:Abito Masha smanicato bicolore Flower | 1303:Giacca in Denim | 780:Fermaglio Flower | 775:Fermaglio Écru,,
MAGAZZINO - PF Campionat SS25,15,AB03C,AB03C-2,ABITO MANICA LUNGA,,abito,LIPS,Ecru e lino naturale,6Y,5-6 anni,approved_legend,SS,2025,true,Milano,3,2,0,1,15,3,,,0.155,review_multiple_candidates,review_required,,,,,4,1303:Giacca in Denim | 780:Fermaglio Flower | 775:Fermaglio Écru | 286:890:T-shirt Bimbi,,
MAGAZZINO - PF Campionat SS25,16,AB03C,AB03C-3,ABITO MANICA LUNGA,,abito,KAKI,Verde khaki e militare,6Y,5-6 anni,approved_legend,SS,2025,true,Milano,3,2,0,1,15,3,,,0.155,review_multiple_candidates,review_required,,,,,8,4409:Scrunchies sfilacciati - Verde khaki e militare | 3098:3103:Abito Ariel | 1488:1534:Abito Charlotte smanicato in lino | 1304:1332:Giacca in Lino | 1303:Giacca in Denim | 780:Fermaglio Flower | 775:Fermaglio Écru | 709:4345:Cerchietti in velluto,,
MAGAZZINO - PF Campionat SS25,17,GON03C,GON03C,GONNA B COLORE,,gonna,FLOWER+ PINK,Fantasie: natura,6Y,5-6 anni,approved_legend,SS,2025,true,Milano,3,3,0,0,12,3,,,0.155,review_multiple_candidates,review_required,,,,,5,4405:Scrunchies in cotone - Fantasie: natura | 1594:1633:Gonna Masha bicolore Flower | 1303:Giacca in Denim | 780:Fermaglio Flower | 775:Fermaglio Écru,,
MAGAZZINO - PF Campionat SS25,18,GON03C,GON03C-2,GONNA B COLORE,,gonna,JUMBO+ PINK,Fantasie: animali,6Y,5-6 anni,approved_legend,SS,2025,true,Milano,3,2,0,1,12,8.63,,,0.155,review_multiple_candidates,review_required,,,,,5,1303:Giacca in Denim | 1240:3852:Gonna Masha bicolore Principe Ranocchio | 1195:1237:Gonna Masha bicolore Giraffe | 780:Fermaglio Flower | 775:Fermaglio Écru,,
MAGAZZINO - PF Campionat SS25,19,GON03C,GON03C-3,GONNA B COLORE GN02LDC06YPE25,,gonna,FSK,Fantasie: personaggi,6Y,5-6 anni,approved_legend,SS,2025,true,Milano,3,2,0,1,12,3,,,0.155,review_multiple_candidates,review_required,,,,,5,4404:Scrunchies in cotone - Fantasie: personaggi | 1303:Giacca in Denim | 1240:1253:Gonna Masha bicolore Principe Ranocchio | 780:Fermaglio Flower | 775:Fermaglio Écru,,
MAGAZZINO - PF Campionat SS25,20,MCA02C,MCA02C,MANICA A PALLONCINO,,,KAKI,Verde khaki e militare,6Y,5-6 anni,approved_legend,SS,2025,true,Milano,3,3,0,0,12,3,,,0.155,review_multiple_candidates,review_required,,,,,29,4466:Fiocco Personaggi | 4449:Fiocco Fucsia | 4442:Fiocco Fantasia fiori | 4434:Fiocco elefantini | 4430:Fiocco Rapunzel | 4409:Scrunchies sfilacciati - Verde khaki e militare | 4349:Cerchietto fantasia gatti | 4109:4119:Camicia in lino manica corta,,
MAGAZZINO - PF Campionat SS25,21,MCA02C,MCA02C-2,MANICA A PALLONCINO,,,FLOWER,Fantasie: natura,6Y,5-6 anni,approved_legend,SS,2025,true,Milano,3,3,0,0,12,3,,,0.155,review_multiple_candidates,review_required,,,,,21,4466:Fiocco Personaggi | 4449:Fiocco Fucsia | 4442:Fiocco Fantasia fiori | 4434:Fiocco elefantini | 4430:Fiocco Rapunzel | 4405:Scrunchies in cotone - Fantasie: natura | 4349:Cerchietto fantasia gatti | 1972:1996:Pantalone Cropped in Gabardina,,
MAGAZZINO - PF Campionat SS25,22,MCA02C,MCA02C-3,MANICA A PALLONCINO,,,PINK/FUCSIA,Fucsia e rosa vivace,6Y,5-6 anni,approved_legend,SS,2025,true,Milano,1,1,0,0,15,3,,0.05,0.155,review_multiple_candidates,review_required,,,,,20,4466:Fiocco Personaggi | 4449:Fiocco Fucsia | 4442:Fiocco Fantasia fiori | 4434:Fiocco elefantini | 4430:Fiocco Rapunzel | 4349:Cerchietto fantasia gatti | 3957:3969:Abito Cerise | 1972:1996:Pantalone Cropped in Gabardina,,
MAGAZZINO - PF Campionat SS25,23,MCA02C,MCA02C-4,MANICA SVASATA,,,RASPHODY,Lilla e lavanda,6Y,5-6 anni,approved_legend,SS,2025,true,Milano,3,3,0,0,12,3,,0.05,0.155,review_multiple_candidates,review_required,,,,,22,4466:Fiocco Personaggi | 4449:Fiocco Fucsia | 4442:Fiocco Fantasia fiori | 4434:Fiocco elefantini | 4430:Fiocco Rapunzel | 4413:Scrunchies sfilacciati - Lilla e lavanda | 4349:Cerchietto fantasia gatti | 3568:3578:Camicia Masha manica corta a sbuffo,,
MAGAZZINO - PF Campionat SS25,24,MCA02C,MCA02C-5,MANICA SVASATA,,,CHARDONNEY,Giallo e ocra,6Y,5-6 anni,approved_legend,SS,2025,true,Milano,3,1,0,2,12,5.24,,0.05,0.155,review_multiple_candidates,review_required,,,,,29,4761:4781:Pantaloncino in velluto | 4715:4900:Fiocco Giraffe | 4615:4619:Camicia a scacchi | 4563:4582:Sopravveste in velluto | 4529:4545:Abito in velluto manica lunga | 4466:Fiocco Personaggi | 4449:Fiocco Fucsia | 4442:Fiocco Fantasia fiori,,
MAGAZZINO - PF Campionat SS25,25,CAM12,CAM12,MANICA LUNGA MODELO RIF,,,ROSE DAWN MUSSOLINA,Rosa pastello e antico,6Y,5-6 anni,approved_legend,SS,2025,true,Milano,3,3,0,0,12,4.25,,0.05,0.155,review_multiple_candidates,review_required,,,,,26,4466:Fiocco Personaggi | 4449:Fiocco Fucsia | 4442:Fiocco Fantasia fiori | 4434:Fiocco elefantini | 4430:Fiocco Rapunzel | 4411:Scrunchies sfilacciati - Rosa pastello e antico | 4407:Scrunchies in cotone - Rosa pastello e antico | 4349:Cerchietto fantasia gatti,,
MAGAZZINO - PF Campionat SS25,26,CAM12 CAM13,CAM12-CAM13,MANICA LUNGA MODELO RIF Camicia Flower manica a sbuffo,,camicia,RASPHODY,Lilla e lavanda,6Y,5-6 anni,approved_legend,SS,2025,true,Milano,3,2,0,1,12,3,,0.05,0.155,review_multiple_candidates,review_required,,,,,8,4413:Scrunchies sfilacciati - Lilla e lavanda | 3568:3578:Camicia Masha manica corta a sbuffo | 1910:1922:Camicia Smanicata fantasia Zebra | 1595:1652:Camicia Masha manica lunga a sbuffo | 1423:1461:Camicia Masha manica scampanata | 1303:Giacca in Denim | 780:Fermaglio Flower | 775:Fermaglio Écru,,
MAGAZZINO - PF Campionat SS25,27,CAM12,CAM12-2,MANICA LUNGA MODELLO FAR CAMICIA WILLY,,camicia,LIPS,Ecru e lino naturale,6Y,5-6 anni,approved_legend,SS,2025,true,Milano,3,2,0,1,15,3,,0.05,0.155,review_multiple_candidates,review_required,,,,,7,1910:1922:Camicia Smanicata fantasia Zebra | 1384:3453:Camicia Capri manica corta | 1305:1369:Camicia alla Coreana in Lino | 1303:Giacca in Denim | 780:Fermaglio Flower | 775:Fermaglio Écru | 286:890:T-shirt Bimbi,,
MAGAZZINO - PF Campionat SS25,28,TUTA RIF,TUTA-RIF,TUTA BIANCA,,,LINO,Ecru e lino naturale,6Y,5-6 anni,approved_legend,SS,2025,true,Milano,3,3,0,0,15,3,,0.05,0.155,review_multiple_candidates,review_required,,,,,22,4466:Fiocco Personaggi | 4449:Fiocco Fucsia | 4442:Fiocco Fantasia fiori | 4434:Fiocco elefantini | 4430:Fiocco Rapunzel | 4349:Cerchietto fantasia gatti | 1972:1996:Pantalone Cropped in Gabardina | 1910:1922:Camicia Smanicata fantasia Zebra,,
MAGAZZINO - PF Campionat SS25,29,CAM09C,CAM09C,MANICA CORTA  CON COLLETTO,,,JUMBO,Fantasie: natura,6Y,5-6 anni,approved_legend,SS,2025,true,Milano,3,3,0,0,13,8.63,,0.05,0.155,review_multiple_candidates,review_required,,,,,21,4466:Fiocco Personaggi | 4449:Fiocco Fucsia | 4442:Fiocco Fantasia fiori | 4434:Fiocco elefantini | 4430:Fiocco Rapunzel | 4405:Scrunchies in cotone - Fantasie: natura | 4349:Cerchietto fantasia gatti | 1972:1996:Pantalone Cropped in Gabardina,,
MAGAZZINO - PF Campionat SS25,30,CAM09C,CAM09C-2,MANICA CORTA  CON COLLETTO,,,LIPS LINO,Ecru e lino naturale,6Y,5-6 anni,approved_legend,SS,2025,true,Milano,3,2,0,1,13,2,,0.05,0.155,review_multiple_candidates,review_required,,,,,22,4466:Fiocco Personaggi | 4449:Fiocco Fucsia | 4442:Fiocco Fantasia fiori | 4434:Fiocco elefantini | 4430:Fiocco Rapunzel | 4349:Cerchietto fantasia gatti | 1972:1996:Pantalone Cropped in Gabardina | 1910:1922:Camicia Smanicata fantasia Zebra,,
MAGAZZINO - PF Campionat SS25,31,cam06C,CAM06C,manica corta alla coreana,,camicia,kaki,Verde khaki e militare,6Y,5-6 anni,approved_legend,SS,2025,true,Milano,3,1,0,2,13,2,,0.05,0.155,review_multiple_candidates,review_required,,,,,10,4409:Scrunchies sfilacciati - Verde khaki e militare | 4109:4119:Camicia in lino manica corta | 1910:1922:Camicia Smanicata fantasia Zebra | 1593:1622:Camicia Capri manica lunga | 1305:1389:Camicia alla Coreana in Lino | 1304:1332:Giacca in Lino | 1303:Giacca in Denim | 780:Fermaglio Flower,,
MAGAZZINO - PF Campionat SS25,32,cam06C,CAM06C-2,manica corta alla coreana,,camicia,LIPS LINO,Ecru e lino naturale,6Y,5-6 anni,approved_legend,SS,2025,true,Milano,3,2,0,1,13,2,,0.05,0.155,review_multiple_candidates,review_required,,,,,7,1910:1922:Camicia Smanicata fantasia Zebra | 1384:3453:Camicia Capri manica corta | 1305:1369:Camicia alla Coreana in Lino | 1303:Giacca in Denim | 780:Fermaglio Flower | 775:Fermaglio Écru | 286:890:T-shirt Bimbi,,
MAGAZZINO - PF Campionat SS25,33,,FW-2025-SS-CAMICIA-VERDE-KHAKI-E-MILITARE-5-6-ANNI-33,manica corta alla coreana ORLO SFILACCIATO,,camicia,KAKI LINO,Verde khaki e militare,6Y,5-6 anni,approved_legend,SS,2025,true,Milano,3,2,0,1,13,2,,0.05,0.155,review_multiple_candidates,review_required,,,,,10,4409:Scrunchies sfilacciati - Verde khaki e militare | 4109:4119:Camicia in lino manica corta | 1910:1922:Camicia Smanicata fantasia Zebra | 1593:1622:Camicia Capri manica lunga | 1305:1389:Camicia alla Coreana in Lino | 1304:1332:Giacca in Lino | 1303:Giacca in Denim | 780:Fermaglio Flower,,
MAGAZZINO - PF Campionat SS25,34,CAM11,CAM11,camicia manica corta con colletto orlo sfilacciatto,,camicia,KAKI LINO,Verde khaki e militare,6Y,5-6 anni,approved_legend,SS,2025,true,Milano,3,1,0,2,13,2,,0.05,0.155,review_multiple_candidates,review_required,,,,,10,4409:Scrunchies sfilacciati - Verde khaki e militare | 4109:4119:Camicia in lino manica corta | 1910:1922:Camicia Smanicata fantasia Zebra | 1593:1622:Camicia Capri manica lunga | 1305:1389:Camicia alla Coreana in Lino | 1304:1332:Giacca in Lino | 1303:Giacca in Denim | 780:Fermaglio Flower,,
MAGAZZINO - PF Campionat SS25,35,CAM08,CAM08,CAMICIA MANICA LUNGA CON COLLETTO,,camicia,JUMBO,Fantasie: natura,6Y,5-6 anni,approved_legend,SS,2025,true,Milano,3,1,0,2,13,8.63,,0.05,0.155,review_multiple_candidates,review_required,,,,,6,4405:Scrunchies in cotone - Fantasie: natura | 1910:1922:Camicia Smanicata fantasia Zebra | 1303:Giacca in Denim | 1194:3903:Camicia Masha manica corta a sbuffo | 780:Fermaglio Flower | 775:Fermaglio Écru,,
MAGAZZINO - PF Campionat SS25,36,CAM08,CAM08-2,"CAM13 Camicia Capri unisex , manica lungasfilacciata in fondo manica",,camicia,LIPS,Ecru e lino naturale,6Y,5-6 anni,approved_legend,SS,2025,true,Milano,3,2,0,1,13,3,,0.05,0.155,review_multiple_candidates,review_required,,,,,7,1910:1922:Camicia Smanicata fantasia Zebra | 1384:3453:Camicia Capri manica corta | 1305:1369:Camicia alla Coreana in Lino | 1303:Giacca in Denim | 780:Fermaglio Flower | 775:Fermaglio Écru | 286:890:T-shirt Bimbi,,
MAGAZZINO - PF Campionat SS25,37,Camicia RIF,CAMICIA-RIF,Camicia RIF manica lunga,,camicia,LIPS,Ecru e lino naturale,6Y,5-6 anni,approved_legend,SS,2025,true,Milano,2,2,0,0,13,3,,0.05,0.155,review_multiple_candidates,review_required,,,,,7,1910:1922:Camicia Smanicata fantasia Zebra | 1384:3453:Camicia Capri manica corta | 1305:1369:Camicia alla Coreana in Lino | 1303:Giacca in Denim | 780:Fermaglio Flower | 775:Fermaglio Écru | 286:890:T-shirt Bimbi,,
MAGAZZINO - PF Campionat SS25,38,Camicia RIF,CAMICIA-RIF-2,Camicia RIF manica lunga,,camicia,KAKI LINO,Verde khaki e militare,6Y,5-6 anni,approved_legend,SS,2025,true,Milano,3,3,0,0,13,3,,,0.155,review_multiple_candidates,review_required,,,,,10,4409:Scrunchies sfilacciati - Verde khaki e militare | 4109:4119:Camicia in lino manica corta | 1910:1922:Camicia Smanicata fantasia Zebra | 1593:1622:Camicia Capri manica lunga | 1305:1389:Camicia alla Coreana in Lino | 1304:1332:Giacca in Lino | 1303:Giacca in Denim | 780:Fermaglio Flower,,
MAGAZZINO - PF Campionat SS25,39,FEL04C,FEL04C,FELPA MANICA LUNGA IN JERSEY   Felpa Lilo Unisex,,felpa,MINT GREEN,Verde salvia e aloe,6Y,5-6 anni,approved_legend,SS,2025,true,Milano,3,3,0,0,8,2,,,0.155,review_multiple_candidates,review_required,,,,,5,1303:Giacca in Denim | 892:940:Felpa Lilo | 780:Fermaglio Flower | 775:Fermaglio Écru | 286:880:T-shirt Bimbi,,
MAGAZZINO - PF Campionat SS25,40,FEL04C,FEL04C-2,FELPA MANICA LUNGA IN JERSEY   Felpa Lilo Unisex,,felpa,LIGHT LAVENDER,Lilla e lavanda,6Y,5-6 anni,approved_legend,SS,2025,true,Milano,3,2,0,1,8,2,,,0.155,review_multiple_candidates,review_required,,,,,5,4413:Scrunchies sfilacciati - Lilla e lavanda | 1303:Giacca in Denim | 892:935:Felpa Lilo | 780:Fermaglio Flower | 775:Fermaglio Écru,,
MAGAZZINO - PF Campionat SS25,41,FEL04C,FEL04C-3,FELPA MANICA LUNGA IN JERSEY  Felpa Lilo Unisex,,felpa,ECRU,Ecru e lino naturale,6Y,5-6 anni,approved_legend,SS,2025,true,Milano,2,2,0,0,8,2,,,0.155,review_multiple_candidates,review_required,,,,,4,1303:Giacca in Denim | 780:Fermaglio Flower | 775:Fermaglio Écru | 286:890:T-shirt Bimbi,,
MAGAZZINO - PF Campionat SS25,42,T-SHIRT,T-SHIRT,T-SHIRT SFILACCIATA,,,KAKI LINO,Verde khaki e militare,6Y,5-6 anni,approved_legend,SS,2025,true,Milano,3,2,0,1,9,2,,,0.155,review_multiple_candidates,review_required,,,,,29,4466:Fiocco Personaggi | 4449:Fiocco Fucsia | 4442:Fiocco Fantasia fiori | 4434:Fiocco elefantini | 4430:Fiocco Rapunzel | 4409:Scrunchies sfilacciati - Verde khaki e militare | 4349:Cerchietto fantasia gatti | 4109:4119:Camicia in lino manica corta,,
MAGAZZINO - PF Campionat SS25,43,T-SHIRT,T-SHIRT-2,T-SHIRT SFILACCIATA,,,CHARDONNEY,Giallo e ocra,6Y,5-6 anni,approved_legend,SS,2025,true,Milano,2,1,0,1,9,3,,,0.155,review_multiple_candidates,review_required,,,,,29,4761:4781:Pantaloncino in velluto | 4715:4900:Fiocco Giraffe | 4615:4619:Camicia a scacchi | 4563:4582:Sopravveste in velluto | 4529:4545:Abito in velluto manica lunga | 4466:Fiocco Personaggi | 4449:Fiocco Fucsia | 4442:Fiocco Fantasia fiori,,
MAGAZZINO - PF Campionat SS25,44,PAN09  PTC16,PAN09-PTC16,ELEGANTE (orlo sfilacciato),,,kaki,Verde khaki e militare,6Y,5-6 anni,approved_legend,SS,2025,true,Milano,3,2,0,1,12,3,,,0.155,review_multiple_candidates,review_required,,,,,29,4466:Fiocco Personaggi | 4449:Fiocco Fucsia | 4442:Fiocco Fantasia fiori | 4434:Fiocco elefantini | 4430:Fiocco Rapunzel | 4409:Scrunchies sfilacciati - Verde khaki e militare | 4349:Cerchietto fantasia gatti | 4109:4119:Camicia in lino manica corta,,
MAGAZZINO - PF Campionat SS25,45,PAN09 /PTC14,PAN09-PTC14,ELEGANTE (orlo sfilacciato),,,lips,Ecru e lino naturale,6Y,5-6 anni,approved_legend,SS,2025,true,Milano,3,2,0,1,12,3,,,0.155,review_multiple_candidates,review_required,,,,,22,4466:Fiocco Personaggi | 4449:Fiocco Fucsia | 4442:Fiocco Fantasia fiori | 4434:Fiocco elefantini | 4430:Fiocco Rapunzel | 4349:Cerchietto fantasia gatti | 1972:1996:Pantalone Cropped in Gabardina | 1910:1922:Camicia Smanicata fantasia Zebra,,
MAGAZZINO - PF Campionat SS25,46,PAN09,PAN09,ELEGANTE CON TOPPE,,,jumbo,Fantasie: natura,6Y,5-6 anni,approved_legend,SS,2025,true,Milano,3,2,0,1,12,8.63,,,0.155,review_multiple_candidates,review_required,,,,,21,4466:Fiocco Personaggi | 4449:Fiocco Fucsia | 4442:Fiocco Fantasia fiori | 4434:Fiocco elefantini | 4430:Fiocco Rapunzel | 4405:Scrunchies in cotone - Fantasie: natura | 4349:Cerchietto fantasia gatti | 1972:1996:Pantalone Cropped in Gabardina,,
MAGAZZINO - PF Campionat SS25,47,PAN09,PAN09-2,ELEGANTE (con risvolto),,,Giallo,Giallo e ocra,6Y,5-6 anni,approved_legend,SS,2025,true,Milano,3,2,0,1,12,2,,,0.155,review_multiple_candidates,review_required,,,,,29,4761:4781:Pantaloncino in velluto | 4715:4900:Fiocco Giraffe | 4615:4619:Camicia a scacchi | 4563:4582:Sopravveste in velluto | 4529:4545:Abito in velluto manica lunga | 4466:Fiocco Personaggi | 4449:Fiocco Fucsia | 4442:Fiocco Fantasia fiori,,
MAGAZZINO - PF Campionat SS25,48,PAN09,PAN09-3,ELEGANTE KAKI,,,KAKI LINO,Verde khaki e militare,6Y,5-6 anni,approved_legend,SS,2025,true,Milano,3,2,0,1,12,2,,,0.155,review_multiple_candidates,review_required,,,,,29,4466:Fiocco Personaggi | 4449:Fiocco Fucsia | 4442:Fiocco Fantasia fiori | 4434:Fiocco elefantini | 4430:Fiocco Rapunzel | 4409:Scrunchies sfilacciati - Verde khaki e militare | 4349:Cerchietto fantasia gatti | 4109:4119:Camicia in lino manica corta,,
MAGAZZINO - PF Campionat SS25,49,PAN09,PAN09-4,UNISEX PANTALONCINO ORLO RIFINITO,,pantalone,KAKI LINO,Verde khaki e militare,6Y,5-6 anni,approved_legend,SS,2025,true,Milano,3,2,0,1,9,3,,,0.155,review_multiple_candidates,review_required,,,,,12,4409:Scrunchies sfilacciati - Verde khaki e militare | 1972:1996:Pantalone Cropped in Gabardina | 1304:1332:Giacca in Lino | 1303:Giacca in Denim | 1165:1198:Pantalocino Capri  sfilacciato | 1164:1177:Pantalone Capri sfilacciato | 1099:1149:Pantaloncino Capri | 1035:1103:Pantalone Capri,,
MAGAZZINO - PF Campionat SS25,50,PAN09,PAN09-5,LUNGO CON TASCHE (cargo),,,LIPS LINO,Ecru e lino naturale,6Y,5-6 anni,approved_legend,SS,2025,true,Milano,3,2,0,1,14,3,,,0.155,review_multiple_candidates,review_required,,,,,22,4466:Fiocco Personaggi | 4449:Fiocco Fucsia | 4442:Fiocco Fantasia fiori | 4434:Fiocco elefantini | 4430:Fiocco Rapunzel | 4349:Cerchietto fantasia gatti | 1972:1996:Pantalone Cropped in Gabardina | 1910:1922:Camicia Smanicata fantasia Zebra,,
MAGAZZINO - PF Campionat SS25,51,PAN09,PAN09-6,LUNGO CON TASCHE (cargo),,,KAKI,Verde khaki e militare,6Y,5-6 anni,approved_legend,SS,2025,true,Milano,3,3,0,0,14,3,,,0.155,review_multiple_candidates,review_required,,,,,29,4466:Fiocco Personaggi | 4449:Fiocco Fucsia | 4442:Fiocco Fantasia fiori | 4434:Fiocco elefantini | 4430:Fiocco Rapunzel | 4409:Scrunchies sfilacciati - Verde khaki e militare | 4349:Cerchietto fantasia gatti | 4109:4119:Camicia in lino manica corta,,
MAGAZZINO - PF Campionat SS25,52,PAN09,PAN09-7,LUNGO CON TASCHE (cargo),,,JUMBO,Fantasie: natura,6Y,5-6 anni,approved_legend,SS,2025,true,Milano,3,3,0,0,14,8.63,,,0.155,review_multiple_candidates,review_required,,,,,21,4466:Fiocco Personaggi | 4449:Fiocco Fucsia | 4442:Fiocco Fantasia fiori | 4434:Fiocco elefantini | 4430:Fiocco Rapunzel | 4405:Scrunchies in cotone - Fantasie: natura | 4349:Cerchietto fantasia gatti | 1972:1996:Pantalone Cropped in Gabardina,,
MAGAZZINO - PF Campionat SS25,53,PAN03,PAN03,UNISEX PANTALONCINO,,pantalone,JUMBO +TOPPE CHARDONNEY,Fantasie: animali,6Y,5-6 anni,approved_legend,SS,2025,true,Milano,3,2,0,1,9,8.63,,,0.155,review_multiple_candidates,review_required,,,,,6,3998:4002:Pantaloncino Giraffe Nuovo | 1972:1996:Pantalone Cropped in Gabardina | 1870:1906:Pantalone Cropped in Popeline Giraffe | 1303:Giacca in Denim | 780:Fermaglio Flower | 775:Fermaglio Écru,,
MAGAZZINO - PF Campionat SS25,54,PAN03 PTP15,PAN03-PTP15,UNISEX PANTALONCINO,,pantalone,ARANCIONE + TOPPE A CONTRASTO,Giallo e ocra,6Y,5-6 anni,approved_legend,SS,2025,true,Milano,3,2,0,1,9,2,,,0.155,review_multiple_candidates,review_required,,,,,9,4761:4781:Pantaloncino in velluto | 4563:4582:Sopravveste in velluto | 4414:Scrunchies sfilacciati - Giallo e ocra | 4408:Scrunchies in cotone - Giallo e ocra | 4384:Scrunchies in velluto - Giallo e ocra | 1972:1996:Pantalone Cropped in Gabardina | 1303:Giacca in Denim | 780:Fermaglio Flower,,
MAGAZZINO - PF Campionat SS25,55,PAN03,PAN03-2,UNISEX PANTALONCINO(ORLO SFILACCIATO,,pantalone,KAKI,Verde khaki e militare,6Y,5-6 anni,approved_legend,SS,2025,true,Milano,3,2,0,1,9,2,,,0.155,review_multiple_candidates,review_required,,,,,12,4409:Scrunchies sfilacciati - Verde khaki e militare | 1972:1996:Pantalone Cropped in Gabardina | 1304:1332:Giacca in Lino | 1303:Giacca in Denim | 1165:1198:Pantalocino Capri  sfilacciato | 1164:1177:Pantalone Capri sfilacciato | 1099:1149:Pantaloncino Capri | 1035:1103:Pantalone Capri,,
MAGAZZINO - PF Campionat SS25,56,PAN03,PAN03-3,UNISEX PANTALONCINO ORLO RIFINITO,,pantalone,KAKI LINO,Verde khaki e militare,6Y,5-6 anni,approved_legend,SS,2025,true,Milano,1,0,0,1,9,2,,,0.155,review_multiple_candidates,review_required,,,,,12,4409:Scrunchies sfilacciati - Verde khaki e militare | 1972:1996:Pantalone Cropped in Gabardina | 1304:1332:Giacca in Lino | 1303:Giacca in Denim | 1165:1198:Pantalocino Capri  sfilacciato | 1164:1177:Pantalone Capri sfilacciato | 1099:1149:Pantaloncino Capri | 1035:1103:Pantalone Capri,,
MAGAZZINO - PF Campionat SS25,57,PAN03,PAN03-4,UNISEX PANTALONCINO(ORLO SFILACCIATO),,pantalone,LIPS LINO,Ecru e lino naturale,6Y,5-6 anni,approved_legend,SS,2025,true,Milano,3,2,0,1,9,2,,,0.155,review_multiple_candidates,review_required,,,,,8,1972:1996:Pantalone Cropped in Gabardina | 1303:Giacca in Denim | 1164:4025:Pantalone Capri sfilacciato | 1099:1169:Pantaloncino Capri | 1035:1109:Pantalone Capri | 780:Fermaglio Flower | 775:Fermaglio Écru | 286:890:T-shirt Bimbi,,
MAGAZZINO - PF Campionat SS25,58,,FW-2025-SS-ABITO-ROSA-CIPRIA-E-NUDE-5-6-ANNI-58,ABITO NUOVO (PROVA),,abito,ROSA,Rosa cipria e nude,6Y,5-6 anni,approved_legend,SS,2025,true,Milano,1,1,0,0,15,2,,,0.155,review_multiple_candidates,review_required,,,,,8,4503:4513:Abito Anjeliy Smanicato in velluto | 4383:Scrunchies in velluto - Rosa cipria e nude | 1506:1578:Abito Charlotte smanicato in mussola | 1487:1511:Abito Charlotte smanicato in voile | 1303:Giacca in Denim | 780:Fermaglio Flower | 775:Fermaglio Écru | 286:875:T-shirt Bimbi,,
MAGAZZINO - PF Campionat SS25,59,,FW-2025-SS-GONNA-CELESTE-LINO-E-POLVERE-5-6-ANNI-59,GONNA NUOVA (PROVA),,gonna,CELESTE,Celeste lino e polvere,6Y,5-6 anni,approved_legend,SS,2025,true,Milano,1,1,0,0,12,3,,,0.155,review_multiple_candidates,review_required,,,,,3,1303:Giacca in Denim | 780:Fermaglio Flower | 775:Fermaglio Écru,,
MAGAZZINO - PF Campionat SS25,60,GJR01 | GIA01TLI06YPE25,GJR01-GIA01TLI06YPE25,GIACCA lino,,,LIPS,Ecru e lino naturale,6Y,5-6 anni,approved_legend,SS,2025,true,Milano,2,1,0,1,25,4,,,0.155,review_multiple_candidates,review_required,,,,,22,4466:Fiocco Personaggi | 4449:Fiocco Fucsia | 4442:Fiocco Fantasia fiori | 4434:Fiocco elefantini | 4430:Fiocco Rapunzel | 4349:Cerchietto fantasia gatti | 1972:1996:Pantalone Cropped in Gabardina | 1910:1922:Camicia Smanicata fantasia Zebra,,
MAGAZZINO - PF Campionat SS25,61,GJR01,GJR01,GIACCA KAKI,,,KAKI LINO,Verde khaki e militare,6Y,5-6 anni,approved_legend,SS,2025,true,Milano,3,3,0,0,25,4,,,0.155,matched_auto_sku,update_existing_meta,3975,3979,GJR01,Giacca Lino Bianca,1,3975:3979:Giacca Lino Bianca,,
MAGAZZINO - PF Campionat SS25,73,AB09FRM06YPE25,AB09FRM06YPE25,MOD : AB.SMANICATO (su misura) COLORE : FIREWORKS ROSA MAGENTA,,abito,FLOWER + FUCSIA,Fantasie: natura,KAWAL,KAWAL,source,SS,2025,true,Milano,0,0,0,0,,,,,,review_multiple_candidates,review_required,,,,,4,4405:Scrunchies in cotone - Fantasie: natura | 1303:Giacca in Denim | 780:Fermaglio Flower | 775:Fermaglio Écru,,
MAGAZZINO - PF PE23,5,PAN05MRM01PE23,PAN05MRM01PE23,,,,MRM,Blu e azzurro intenso,1 Y,1 anno,approved_legend,SS,2023,false,Milano,1,1,0,0,13,4.5,,0.3,1.16,matched_auto_sku,update_existing_meta,3801,3802,PAN05MRM01PE23,Pantaloncino a palloncino mussolina,1,3801:3802:Pantaloncino a palloncino mussolina,,
MAGAZZINO - PF PE23,6,PAN05MRM02PE23,PAN05MRM02PE23,,,,MRM,Blu e azzurro intenso,2 Y,2 anni,approved_legend,SS,2023,false,Milano,0,0,0,0,13,4.5,,0.3,1.16,matched_auto_sku,update_existing_meta,3801,3803,PAN05MRM02PE23,Pantaloncino a palloncino mussolina,1,3801:3803:Pantaloncino a palloncino mussolina,,
MAGAZZINO - PF PE23,7,PAN05MRM03PE23,PAN05MRM03PE23,,,,MRM,Blu e azzurro intenso,3 Y,3-4 anni,approved_legend,SS,2023,false,Milano,0,0,0,0,13,4.5,,0.3,1.16,review_multiple_candidates,review_required,,,,,35,4761:4767:Pantaloncino in velluto | 4466:Fiocco Personaggi | 4449:Fiocco Fucsia | 4442:Fiocco Fantasia fiori | 4434:Fiocco elefantini | 4430:Fiocco Rapunzel | 4385:Scrunchies in velluto - Blu e azzurro intenso | 4349:Cerchietto fantasia gatti,,
MAGAZZINO - PF PE23,8,PAN05MRM04PE23,PAN05MRM04PE23,,,,MRM,Blu e azzurro intenso,4 Y,3-4 anni,approved_legend,SS,2023,false,Milano,0,0,0,0,13,4.5,,0.3,1.16,matched_auto_sku,update_existing_meta,3801,3804,PAN05MRM04PE23,Pantaloncino a palloncino mussolina,1,3801:3804:Pantaloncino a palloncino mussolina,,
MAGAZZINO - PF PE23,9,PAN05MRM06PE23,PAN05MRM06PE23,,,,MRM,Blu e azzurro intenso,6 Y,5-6 anni,approved_legend,SS,2023,false,Milano,0,0,0,0,13,4.5,,0.3,1.16,matched_auto_sku,update_existing_meta,3801,3805,PAN05MRM06PE23,Pantaloncino a palloncino mussolina,1,3801:3805:Pantaloncino a palloncino mussolina,,
MAGAZZINO - PF PE23,10,PAN05MRM08PE23,PAN05MRM08PE23,,,,MRM,Blu e azzurro intenso,8 Y,7-8 anni,approved_legend,SS,2023,false,Milano,1,1,0,0,13,4.5,,0.3,1.16,matched_auto_sku,update_existing_meta,3801,3806,PAN05MRM08PE23,Pantaloncino a palloncino mussolina,1,3801:3806:Pantaloncino a palloncino mussolina,,
MAGAZZINO - PF PE23,12,PAN05CBM01PE23,PAN05CBM01PE23,,,,CBM,Off-white e cloud,1 Y,1 anno,approved_legend,SS,2023,false,Milano,0,0,0,0,13,4.5,,0.3,1.16,matched_auto_sku,update_existing_meta,3801,3807,PAN05CBM01PE23,Pantaloncino a palloncino mussolina,1,3801:3807:Pantaloncino a palloncino mussolina,,
MAGAZZINO - PF PE23,13,PAN05CBM02PE23,PAN05CBM02PE23,,,,CBM,Off-white e cloud,2 Y,2 anni,approved_legend,SS,2023,false,Milano,1,1,0,0,13,4.5,,0.3,1.16,matched_auto_sku,update_existing_meta,3801,3808,PAN05CBM02PE23,Pantaloncino a palloncino mussolina,1,3801:3808:Pantaloncino a palloncino mussolina,,
MAGAZZINO - PF PE23,14,PAN05CBM03PE23,PAN05CBM03PE23,,,,CBM,Off-white e cloud,3 Y,3-4 anni,approved_legend,SS,2023,false,Milano,0,0,0,0,13,4.5,,0.3,1.16,review_multiple_candidates,review_required,,,,,31,4466:Fiocco Personaggi | 4449:Fiocco Fucsia | 4442:Fiocco Fantasia fiori | 4434:Fiocco elefantini | 4430:Fiocco Rapunzel | 4349:Cerchietto fantasia gatti | 3801:3809:Pantaloncino a palloncino mussolina | 3782:3787:Pantaloncino svasato Popline new,,
MAGAZZINO - PF PE23,15,PAN05CBM04PE23,PAN05CBM04PE23,,,,CBM,Off-white e cloud,4 Y,3-4 anni,approved_legend,SS,2023,false,Milano,1,1,0,0,13,4.5,,0.3,1.16,matched_auto_sku,update_existing_meta,3801,3809,PAN05CBM04PE23,Pantaloncino a palloncino mussolina,1,3801:3809:Pantaloncino a palloncino mussolina,,
MAGAZZINO - PF PE23,16,PAN05CBM06PE23,PAN05CBM06PE23,,,,CBM,Off-white e cloud,6 Y,5-6 anni,approved_legend,SS,2023,false,Milano,1,1,0,0,13,4.5,,0.3,1.16,matched_auto_sku,update_existing_meta,3801,3810,PAN05CBM06PE23,Pantaloncino a palloncino mussolina,1,3801:3810:Pantaloncino a palloncino mussolina,,
MAGAZZINO - PF PE23,17,PAN05CBM08PE23,PAN05CBM08PE23,,,,CBM,Off-white e cloud,8 Y,7-8 anni,approved_legend,SS,2023,false,Milano,0,0,0,0,13,4.5,,0.3,1.16,matched_auto_sku,update_existing_meta,3801,3811,PAN05CBM08PE23,Pantaloncino a palloncino mussolina,1,3801:3811:Pantaloncino a palloncino mussolina,,
MAGAZZINO - PF PE23,19,PAN05ZPM01PE23,PAN05ZPM01PE23,,,,ZPM,Rosa pastello e antico,1 Y,1 anno,approved_legend,SS,2023,false,Milano,1,1,0,0,13,4.5,,0.3,1.16,matched_auto_sku,update_existing_meta,3801,3812,PAN05ZPM01PE23,Pantaloncino a palloncino mussolina,1,3801:3812:Pantaloncino a palloncino mussolina,,
MAGAZZINO - PF PE23,20,PAN05ZPM02PE23,PAN05ZPM02PE23,,,,ZPM,Rosa pastello e antico,2 Y,2 anni,approved_legend,SS,2023,false,Milano,0,0,0,0,13,4.5,,0.3,1.16,matched_auto_sku,update_existing_meta,3801,3813,PAN05ZPM02PE23,Pantaloncino a palloncino mussolina,1,3801:3813:Pantaloncino a palloncino mussolina,,
MAGAZZINO - PF PE23,21,PAN05ZPM03PE23,PAN05ZPM03PE23,,,,ZPM,Rosa pastello e antico,3 Y,3-4 anni,approved_legend,SS,2023,false,Milano,0,0,0,0,13,4.5,,0.3,1.16,review_multiple_candidates,review_required,,,,,42,4466:Fiocco Personaggi | 4449:Fiocco Fucsia | 4442:Fiocco Fantasia fiori | 4434:Fiocco elefantini | 4430:Fiocco Rapunzel | 4411:Scrunchies sfilacciati - Rosa pastello e antico | 4407:Scrunchies in cotone - Rosa pastello e antico | 4349:Cerchietto fantasia gatti,,
MAGAZZINO - PF PE23,22,PAN05ZPM04PE23,PAN05ZPM04PE23,,,,ZPM,Rosa pastello e antico,4 Y,3-4 anni,approved_legend,SS,2023,false,Milano,0,0,0,0,13,4.5,,0.3,1.16,matched_auto_sku,update_existing_meta,3801,3814,PAN05ZPM04PE23,Pantaloncino a palloncino mussolina,1,3801:3814:Pantaloncino a palloncino mussolina,,
MAGAZZINO - PF PE23,23,PAN05ZPM06PE23,PAN05ZPM06PE23,,,,ZPM,Rosa pastello e antico,6 Y,5-6 anni,approved_legend,SS,2023,false,Milano,0,0,0,0,13,4.5,,0.3,1.16,matched_auto_sku,update_existing_meta,3801,3815,PAN05ZPM06PE23,Pantaloncino a palloncino mussolina,1,3801:3815:Pantaloncino a palloncino mussolina,,
MAGAZZINO - PF PE23,24,PAN05ZPM08PE23,PAN05ZPM08PE23,,,,ZPM,Rosa pastello e antico,8 Y,7-8 anni,approved_legend,SS,2023,false,Milano,0,0,0,0,13,4.5,,0.3,1.16,matched_auto_sku,update_existing_meta,3801,3816,PAN05ZPM08PE23,Pantaloncino a palloncino mussolina,1,3801:3816:Pantaloncino a palloncino mussolina,,
MAGAZZINO - PF PE23,26,PAN05NTP01PE23,PAN05NTP01PE23,,,,NTP,Panna e avorio,1 Y,1 anno,approved_legend,SS,2023,false,Milano,0,0,0,0,13,4.5,,0.3,1.16,matched_auto_sku,update_existing_meta,1936,3842,PAN05NTP01PE23,Pantaloncino a palloncino,1,1936:3842:Pantaloncino a palloncino,,
MAGAZZINO - PF PE23,27,PAN05NTP02PE23,PAN05NTP02PE23,,,,NTP,Panna e avorio,2 Y,2 anni,approved_legend,SS,2023,false,Milano,0,0,0,0,13,4.5,,0.3,1.16,matched_auto_sku,update_existing_meta,1936,3843,PAN05NTP02PE23,Pantaloncino a palloncino,1,1936:3843:Pantaloncino a palloncino,,
MAGAZZINO - PF PE23,28,PAN05NTP03PE23,PAN05NTP03PE23,,,,NTP,Panna e avorio,3 Y,3-4 anni,approved_legend,SS,2023,false,Milano,0,0,0,0,13,4.5,,0.3,1.16,review_multiple_candidates,review_required,,,,,55,4659:4667:Cardigan fatto a mano | 4466:Fiocco Personaggi | 4449:Fiocco Fucsia | 4442:Fiocco Fantasia fiori | 4434:Fiocco elefantini | 4430:Fiocco Rapunzel | 4412:Scrunchies sfilacciati - Panna e avorio | 4349:Cerchietto fantasia gatti,,
MAGAZZINO - PF PE23,29,PAN05NTP04PE23,PAN05NTP04PE23,,,,NTP,Panna e avorio,4 Y,3-4 anni,approved_legend,SS,2023,false,Milano,1,1,0,0,13,4.5,,0.3,1.16,matched_auto_sku,update_existing_meta,1936,3844,PAN05NTP04PE23,Pantaloncino a palloncino,1,1936:3844:Pantaloncino a palloncino,,
MAGAZZINO - PF PE23,30,PAN05NTP06PE23,PAN05NTP06PE23,,,,NTP,Panna e avorio,6 Y,5-6 anni,approved_legend,SS,2023,false,Milano,0,0,0,0,13,4.5,,0.3,1.16,matched_auto_sku,update_existing_meta,1936,3845,PAN05NTP06PE23,Pantaloncino a palloncino,1,1936:3845:Pantaloncino a palloncino,,
MAGAZZINO - PF PE23,31,PAN05NTP08PE23,PAN05NTP08PE23,,,,NTP,Panna e avorio,8 Y,7-8 anni,approved_legend,SS,2023,false,Milano,1,1,0,0,13,4.5,,0.3,1.16,matched_auto_sku,update_existing_meta,1936,3846,PAN05NTP08PE23,Pantaloncino a palloncino,1,1936:3846:Pantaloncino a palloncino,,
MAGAZZINO - PF PE23,33,PAN05CRP01PE23,PAN05CRP01PE23,,,,CRP (CRS),Fucsia e rosa vivace,1 Y,1 anno,approved_legend,SS,2023,false,Milano,1,1,0,0,13,4.5,,0.3,1.16,matched_auto_sku,update_existing_meta,1936,3832,PAN05CRP01PE23,Pantaloncino a palloncino,1,1936:3832:Pantaloncino a palloncino,,
MAGAZZINO - PF PE23,34,PAN05CRP02PE23,PAN05CRP02PE23,,,,CRP (CRS),Fucsia e rosa vivace,2 Y,2 anni,approved_legend,SS,2023,false,Milano,0,0,0,0,13,4.5,,0.3,1.16,matched_auto_sku,update_existing_meta,1936,3833,PAN05CRP02PE23,Pantaloncino a palloncino,1,1936:3833:Pantaloncino a palloncino,,
MAGAZZINO - PF PE23,35,PAN05CRP03PE23,PAN05CRP03PE23,,,,CRP (CRS),Fucsia e rosa vivace,3 Y,3-4 anni,approved_legend,SS,2023,false,Milano,0,0,0,0,13,4.5,,0.3,1.16,review_multiple_candidates,review_required,,,,,32,4466:Fiocco Personaggi | 4449:Fiocco Fucsia | 4442:Fiocco Fantasia fiori | 4434:Fiocco elefantini | 4430:Fiocco Rapunzel | 4349:Cerchietto fantasia gatti | 3957:3968:Abito Cerise | 2038:2049:Top double-face fantasia marina,,
MAGAZZINO - PF PE23,36,PAN05CRP04PE23,PAN05CRP04PE23,,,,CRP (CRS),Fucsia e rosa vivace,4 Y,3-4 anni,approved_legend,SS,2023,false,Milano,0,0,0,0,13,4.5,,0.3,1.16,matched_auto_sku,update_existing_meta,1936,3834,PAN05CRP04PE23,Pantaloncino a palloncino,1,1936:3834:Pantaloncino a palloncino,,
MAGAZZINO - PF PE23,37,PAN05CRP06PE23,PAN05CRP06PE23,,,,CRP (CRS),Fucsia e rosa vivace,6 Y,5-6 anni,approved_legend,SS,2023,false,Milano,0,0,0,0,13,4.5,,0.3,1.16,matched_auto_sku,update_existing_meta,1936,3835,PAN05CRP06PE23,Pantaloncino a palloncino,1,1936:3835:Pantaloncino a palloncino,,
MAGAZZINO - PF PE23,38,PAN05CRP08PE23,PAN05CRP08PE23,,,,CRP (CRS),Fucsia e rosa vivace,8 Y,7-8 anni,approved_legend,SS,2023,false,Milano,1,1,0,0,13,4.5,,0.3,1.16,matched_auto_sku,update_existing_meta,1936,3836,PAN05CRP08PE23,Pantaloncino a palloncino,1,1936:3836:Pantaloncino a palloncino,,
MAGAZZINO - PF PE23,40,PAN06CBM01PE23,PAN06CBM01PE23,,,,CBM,Off-white e cloud,1 Y,1 anno,approved_legend,SS,2023,false,Milano,1,1,0,0,13,4.5,,0.3,1.16,review_multiple_candidates,review_required,,,,,22,4466:Fiocco Personaggi | 4449:Fiocco Fucsia | 4442:Fiocco Fantasia fiori | 4434:Fiocco elefantini | 4430:Fiocco Rapunzel | 4349:Cerchietto fantasia gatti | 3801:3807:Pantaloncino a palloncino mussolina | 3782:3783:Pantaloncino svasato Popline new,,
MAGAZZINO - PF PE23,41,PAN06CBM02PE23,PAN06CBM02PE23,,,,CBM,Off-white e cloud,2 Y,2 anni,approved_legend,SS,2023,false,Milano,0,0,0,0,13,4.5,,0.3,1.16,review_multiple_candidates,review_required,,,,,27,4466:Fiocco Personaggi | 4449:Fiocco Fucsia | 4442:Fiocco Fantasia fiori | 4434:Fiocco elefantini | 4430:Fiocco Rapunzel | 4349:Cerchietto fantasia gatti | 3801:3808:Pantaloncino a palloncino mussolina | 3782:3785:Pantaloncino svasato Popline new,,
MAGAZZINO - PF PE23,42,PAN06CBM03PE23,PAN06CBM03PE23,,,,CBM,Off-white e cloud,3 Y,3-4 anni,approved_legend,SS,2023,false,Milano,0,0,0,0,13,4.5,,0.3,1.16,review_multiple_candidates,review_required,,,,,31,4466:Fiocco Personaggi | 4449:Fiocco Fucsia | 4442:Fiocco Fantasia fiori | 4434:Fiocco elefantini | 4430:Fiocco Rapunzel | 4349:Cerchietto fantasia gatti | 3801:3809:Pantaloncino a palloncino mussolina | 3782:3787:Pantaloncino svasato Popline new,,
MAGAZZINO - PF PE23,43,PAN06CBM04PE23,PAN06CBM04PE23,,,,CBM,Off-white e cloud,4 Y,3-4 anni,approved_legend,SS,2023,false,Milano,0,0,0,0,13,4.5,,0.3,1.16,review_multiple_candidates,review_required,,,,,31,4466:Fiocco Personaggi | 4449:Fiocco Fucsia | 4442:Fiocco Fantasia fiori | 4434:Fiocco elefantini | 4430:Fiocco Rapunzel | 4349:Cerchietto fantasia gatti | 3801:3809:Pantaloncino a palloncino mussolina | 3782:3787:Pantaloncino svasato Popline new,,
MAGAZZINO - PF PE23,44,PAN06CBM06PE23,PAN06CBM06PE23,,,,CBM (manca taglia anni),CBM (manca taglia anni),6 Y,5-6 anni,approved_legend,SS,2023,false,Milano,1,1,0,0,13,4.5,,0.3,1.16,review_multiple_candidates,review_required,,,,,16,4466:Fiocco Personaggi | 4449:Fiocco Fucsia | 4442:Fiocco Fantasia fiori | 4434:Fiocco elefantini | 4430:Fiocco Rapunzel | 4349:Cerchietto fantasia gatti | 1972:1996:Pantalone Cropped in Gabardina | 1910:1922:Camicia Smanicata fantasia Zebra,,color_mapping_requires_review
MAGAZZINO - PF PE23,45,PAN06CBM08PE23,PAN06CBM08PE23,,,,CBM,Off-white e cloud,8 Y,7-8 anni,approved_legend,SS,2023,false,Milano,0,0,0,0,13,4.5,,0.3,1.16,review_multiple_candidates,review_required,,,,,18,4466:Fiocco Personaggi | 4449:Fiocco Fucsia | 4442:Fiocco Fantasia fiori | 4434:Fiocco elefantini | 4430:Fiocco Rapunzel | 4349:Cerchietto fantasia gatti | 3801:3811:Pantaloncino a palloncino mussolina | 3782:3791:Pantaloncino svasato Popline new,,
MAGAZZINO - PF PE23,47,PAN06ZPM01PE23,PAN06ZPM01PE23,,,,ZPM,Rosa pastello e antico,1 Y,1 anno,approved_legend,SS,2023,false,Milano,0,0,0,0,13,4.5,,0.3,1.16,review_multiple_candidates,review_required,,,,,29,4466:Fiocco Personaggi | 4449:Fiocco Fucsia | 4442:Fiocco Fantasia fiori | 4434:Fiocco elefantini | 4430:Fiocco Rapunzel | 4411:Scrunchies sfilacciati - Rosa pastello e antico | 4407:Scrunchies in cotone - Rosa pastello e antico | 4349:Cerchietto fantasia gatti,,
MAGAZZINO - PF PE23,48,PAN06ZPM02PE23,PAN06ZPM02PE23,,,,ZPM,Rosa pastello e antico,2 Y,2 anni,approved_legend,SS,2023,false,Milano,0,0,0,0,13,4.5,,0.3,1.16,review_multiple_candidates,review_required,,,,,35,4466:Fiocco Personaggi | 4449:Fiocco Fucsia | 4442:Fiocco Fantasia fiori | 4434:Fiocco elefantini | 4430:Fiocco Rapunzel | 4411:Scrunchies sfilacciati - Rosa pastello e antico | 4407:Scrunchies in cotone - Rosa pastello e antico | 4349:Cerchietto fantasia gatti,,
MAGAZZINO - PF PE23,49,PAN06ZPM03PE23,PAN06ZPM03PE23,,,,ZPM,Rosa pastello e antico,3 Y,3-4 anni,approved_legend,SS,2023,false,Milano,0,0,0,0,13,4.5,,0.3,1.16,review_multiple_candidates,review_required,,,,,42,4466:Fiocco Personaggi | 4449:Fiocco Fucsia | 4442:Fiocco Fantasia fiori | 4434:Fiocco elefantini | 4430:Fiocco Rapunzel | 4411:Scrunchies sfilacciati - Rosa pastello e antico | 4407:Scrunchies in cotone - Rosa pastello e antico | 4349:Cerchietto fantasia gatti,,
MAGAZZINO - PF PE23,50,PAN06ZPM04PE23,PAN06ZPM04PE23,,,,ZPM,Rosa pastello e antico,4 Y,3-4 anni,approved_legend,SS,2023,false,Milano,0,0,0,0,13,4.5,,0.3,1.16,review_multiple_candidates,review_required,,,,,42,4466:Fiocco Personaggi | 4449:Fiocco Fucsia | 4442:Fiocco Fantasia fiori | 4434:Fiocco elefantini | 4430:Fiocco Rapunzel | 4411:Scrunchies sfilacciati - Rosa pastello e antico | 4407:Scrunchies in cotone - Rosa pastello e antico | 4349:Cerchietto fantasia gatti,,
MAGAZZINO - PF PE23,51,PAN06ZPM06PE23,PAN06ZPM06PE23,,,,ZPM,Rosa pastello e antico,6 Y,5-6 anni,approved_legend,SS,2023,false,Milano,0,0,0,0,13,4.5,,0.3,1.16,review_multiple_candidates,review_required,,,,,26,4466:Fiocco Personaggi | 4449:Fiocco Fucsia | 4442:Fiocco Fantasia fiori | 4434:Fiocco elefantini | 4430:Fiocco Rapunzel | 4411:Scrunchies sfilacciati - Rosa pastello e antico | 4407:Scrunchies in cotone - Rosa pastello e antico | 4349:Cerchietto fantasia gatti,,
MAGAZZINO - PF PE23,52,PAN06ZPM08PE23,PAN06ZPM08PE23,,,,ZPM,Rosa pastello e antico,8 Y,7-8 anni,approved_legend,SS,2023,false,Milano,0,0,0,0,13,4.5,,0.3,1.16,review_multiple_candidates,review_required,,,,,25,4466:Fiocco Personaggi | 4449:Fiocco Fucsia | 4442:Fiocco Fantasia fiori | 4434:Fiocco elefantini | 4430:Fiocco Rapunzel | 4411:Scrunchies sfilacciati - Rosa pastello e antico | 4407:Scrunchies in cotone - Rosa pastello e antico | 4349:Cerchietto fantasia gatti,,
MAGAZZINO - PF PE23,54,PAN06NTP01PE23,PAN06NTP01PE23,,,,NTP,Panna e avorio,1 Y,1 anno,approved_legend,SS,2023,false,Milano,2,2,0,0,13,4.5,,0.3,1.16,review_multiple_candidates,review_required,,,,,34,4466:Fiocco Personaggi | 4449:Fiocco Fucsia | 4442:Fiocco Fantasia fiori | 4434:Fiocco elefantini | 4430:Fiocco Rapunzel | 4412:Scrunchies sfilacciati - Panna e avorio | 4349:Cerchietto fantasia gatti | 4109:4110:Camicia in lino manica corta,,
MAGAZZINO - PF PE23,55,PAN06NTP02PE23,PAN06NTP02PE23,,,,NTP,Panna e avorio,2 Y,2 anni,approved_legend,SS,2023,false,Milano,2,2,0,0,13,4.5,,0.3,1.16,review_multiple_candidates,review_required,,,,,44,4659:4666:Cardigan fatto a mano | 4466:Fiocco Personaggi | 4449:Fiocco Fucsia | 4442:Fiocco Fantasia fiori | 4434:Fiocco elefantini | 4430:Fiocco Rapunzel | 4412:Scrunchies sfilacciati - Panna e avorio | 4349:Cerchietto fantasia gatti,,
MAGAZZINO - PF PE23,56,PAN06NTP03PE23,PAN06NTP03PE23,,,,NTP,Panna e avorio,3 Y,3-4 anni,approved_legend,SS,2023,false,Milano,0,0,0,0,13,4.5,,0.3,1.16,review_multiple_candidates,review_required,,,,,55,4659:4667:Cardigan fatto a mano | 4466:Fiocco Personaggi | 4449:Fiocco Fucsia | 4442:Fiocco Fantasia fiori | 4434:Fiocco elefantini | 4430:Fiocco Rapunzel | 4412:Scrunchies sfilacciati - Panna e avorio | 4349:Cerchietto fantasia gatti,,
MAGAZZINO - PF PE23,57,PAN06NTP04PE23,PAN06NTP04PE23,,,,NTP,Panna e avorio,4 Y,3-4 anni,approved_legend,SS,2023,false,Milano,1,1,0,0,13,4.5,,0.3,1.16,review_multiple_candidates,review_required,,,,,55,4659:4667:Cardigan fatto a mano | 4466:Fiocco Personaggi | 4449:Fiocco Fucsia | 4442:Fiocco Fantasia fiori | 4434:Fiocco elefantini | 4430:Fiocco Rapunzel | 4412:Scrunchies sfilacciati - Panna e avorio | 4349:Cerchietto fantasia gatti,,
MAGAZZINO - PF PE23,58,PAN06NTP06PE23,PAN06NTP06PE23,,,,NTP,Panna e avorio,6 Y,5-6 anni,approved_legend,SS,2023,false,Milano,2,2,0,0,13,4.5,,0.3,1.16,review_multiple_candidates,review_required,,,,,36,4659:4668:Cardigan fatto a mano | 4466:Fiocco Personaggi | 4449:Fiocco Fucsia | 4442:Fiocco Fantasia fiori | 4434:Fiocco elefantini | 4430:Fiocco Rapunzel | 4412:Scrunchies sfilacciati - Panna e avorio | 4349:Cerchietto fantasia gatti,,
MAGAZZINO - PF PE23,59,PAN06NTP08PE23,PAN06NTP08PE23,,,,NTP,Panna e avorio,8 Y,7-8 anni,approved_legend,SS,2023,false,Milano,2,2,0,0,13,4.5,,0.3,1.16,review_multiple_candidates,review_required,,,,,35,4659:4669:Cardigan fatto a mano | 4466:Fiocco Personaggi | 4449:Fiocco Fucsia | 4442:Fiocco Fantasia fiori | 4434:Fiocco elefantini | 4430:Fiocco Rapunzel | 4412:Scrunchies sfilacciati - Panna e avorio | 4349:Cerchietto fantasia gatti,,
MAGAZZINO - PF PE23,61,PAN03NTP01PE23,PAN03NTP01PE23,,,,NTP,Panna e avorio,1 Y,1 anno,approved_legend,SS,2023,false,Milano,0,0,0,0,13,7,,0.3,1.16,matched_auto_sku,update_existing_meta,955,998,PAN03NTP01PE23,Pantalone Cropped in Popeline Panna,1,955:998:Pantalone Cropped in Popeline Panna,,
MAGAZZINO - PF PE23,62,PAN03NTP02PE23,PAN03NTP02PE23,,,,NTP,Panna e avorio,2 Y,2 anni,approved_legend,SS,2023,false,Milano,1,1,0,0,13,7,,0.3,1.16,matched_auto_sku,update_existing_meta,955,999,PAN03NTP02PE23,Pantalone Cropped in Popeline Panna,1,955:999:Pantalone Cropped in Popeline Panna,,
MAGAZZINO - PF PE23,63,PAN03NTP03PE23,PAN03NTP03PE23,,,,NTP,Panna e avorio,3 Y,3-4 anni,approved_legend,SS,2023,false,Milano,1,1,0,0,13,7,,0.3,1.16,matched_auto_sku,update_existing_meta,955,1000,PAN03NTP03PE23,Pantalone Cropped in Popeline Panna,1,955:1000:Pantalone Cropped in Popeline Panna,,
MAGAZZINO - PF PE23,64,PAN03NTP04PE23,PAN03NTP04PE23,,,,NTP,Panna e avorio,4 Y,3-4 anni,approved_legend,SS,2023,false,Milano,2,2,0,0,13,7,,0.3,1.16,matched_auto_sku,update_existing_meta,955,1001,PAN03NTP04PE23,Pantalone Cropped in Popeline Panna,1,955:1001:Pantalone Cropped in Popeline Panna,,
MAGAZZINO - PF PE23,65,PAN03NTP06PE23,PAN03NTP06PE23,,,,NTP,Panna e avorio,6 Y,5-6 anni,approved_legend,SS,2023,false,Milano,1,1,0,0,13,7,,0.3,1.16,matched_auto_sku,update_existing_meta,955,1002,PAN03NTP06PE23,Pantalone Cropped in Popeline Panna,1,955:1002:Pantalone Cropped in Popeline Panna,,
MAGAZZINO - PF PE23,66,PAN03NTP08PE23,PAN03NTP08PE23,,,,NTP,Panna e avorio,8 Y,7-8 anni,approved_legend,SS,2023,false,Milano,0,0,0,0,13,7,,0.3,1.16,matched_auto_sku,update_existing_meta,955,1003,PAN03NTP08PE23,Pantalone Cropped in Popeline Panna,1,955:1003:Pantalone Cropped in Popeline Panna,,
MAGAZZINO - PF PE23,67,PAN03NTP10PE23,PAN03NTP10PE23,,,,NTP,Panna e avorio,10 Y,9-10 anni,approved_legend,SS,2023,false,Milano,1,0,0,1,13,7,,0.3,1.16,matched_auto_sku,update_existing_meta,955,1004,PAN03NTP10PE23,Pantalone Cropped in Popeline Panna,1,955:1004:Pantalone Cropped in Popeline Panna,,
MAGAZZINO - PF PE23,68,PAN03NTP12PE23,PAN03NTP12PE23,,,,NTP,Panna e avorio,12 Y,11-12 anni,approved_legend,SS,2023,false,Milano,0,0,0,0,13,7,,0.3,1.16,review_multiple_candidates,review_required,,,,,18,4466:Fiocco Personaggi | 4449:Fiocco Fucsia | 4442:Fiocco Fantasia fiori | 4434:Fiocco elefantini | 4430:Fiocco Rapunzel | 4412:Scrunchies sfilacciati - Panna e avorio | 4349:Cerchietto fantasia gatti | 1911:4049:Camicia alla Coreana in Mussola,,
MAGAZZINO - PF PE23,70,PAN03BRP01PE23,PAN03BRP01PE23,,,,BRP,Rosa pastello e antico,1 Y,1 anno,approved_legend,SS,2023,false,Milano,1,1,0,0,13,7,,0.3,1.16,matched_auto_sku,update_existing_meta,955,3591,PAN03BRP01PE23,Pantalone Cropped in Popeline Panna,1,955:3591:Pantalone Cropped in Popeline Panna,,
MAGAZZINO - PF PE23,71,PAN03BRP02PE23,PAN03BRP02PE23,,,,BRP,Rosa pastello e antico,2 Y,2 anni,approved_legend,SS,2023,false,Milano,1,1,0,0,13,7,,0.3,1.16,matched_auto_sku,update_existing_meta,891,3765,PAN03BRP02PE23,Pantaloncino svasato mussola,1,891:3765:Pantaloncino svasato mussola,,
MAGAZZINO - PF PE23,72,PAN03BRP03PE23,PAN03BRP03PE23,,,,BRP,Rosa pastello e antico,3 Y,3-4 anni,approved_legend,SS,2023,false,Milano,1,1,0,0,13,7,,0.3,1.16,matched_auto_sku,update_existing_meta,955,3595,PAN03BRP03PE23,Pantalone Cropped in Popeline Panna,1,955:3595:Pantalone Cropped in Popeline Panna,,
MAGAZZINO - PF PE23,73,PAN03BRP04PE23,PAN03BRP04PE23,,,,BRP,Rosa pastello e antico,4 Y,3-4 anni,approved_legend,SS,2023,false,Milano,1,1,0,0,13,7,,0.3,1.16,matched_auto_sku,update_existing_meta,891,3766,PAN03BRP04PE23,Pantaloncino svasato mussola,1,891:3766:Pantaloncino svasato mussola,,
MAGAZZINO - PF PE23,74,PAN03BRP06PE23,PAN03BRP06PE23,,,,BRP,Rosa pastello e antico,6 Y,5-6 anni,approved_legend,SS,2023,false,Milano,0,0,0,0,13,7,,0.3,1.16,matched_auto_sku,update_existing_meta,891,3767,PAN03BRP06PE23,Pantaloncino svasato mussola,1,891:3767:Pantaloncino svasato mussola,,
MAGAZZINO - PF PE23,75,PAN03BRP08PE23,PAN03BRP08PE23,,,,BRP,Rosa pastello e antico,8 Y,7-8 anni,approved_legend,SS,2023,false,Milano,0,0,0,0,13,7,,0.3,1.16,matched_auto_sku,update_existing_meta,891,3768,PAN03BRP08PE23,Pantaloncino svasato mussola,1,891:3768:Pantaloncino svasato mussola,,
MAGAZZINO - PF PE23,77,PAN03CBP01PE23,PAN03CBP01PE23,,,,CBP,Off-white e cloud,1 Y,1 anno,approved_legend,SS,2023,false,Milano,1,1,0,0,13,7,,0.3,1.16,review_multiple_candidates,review_required,,,,,22,4466:Fiocco Personaggi | 4449:Fiocco Fucsia | 4442:Fiocco Fantasia fiori | 4434:Fiocco elefantini | 4430:Fiocco Rapunzel | 4349:Cerchietto fantasia gatti | 3801:3807:Pantaloncino a palloncino mussolina | 3782:3783:Pantaloncino svasato Popline new,,
MAGAZZINO - PF PE23,78,PAN03CBP01PE23,PAN03CBP01PE23-2,,,,CBP,Off-white e cloud,2 Y,2 anni,approved_legend,SS,2023,false,Milano,0,0,0,0,13,7,,0.3,1.16,review_multiple_candidates,review_required,,,,,27,4466:Fiocco Personaggi | 4449:Fiocco Fucsia | 4442:Fiocco Fantasia fiori | 4434:Fiocco elefantini | 4430:Fiocco Rapunzel | 4349:Cerchietto fantasia gatti | 3801:3808:Pantaloncino a palloncino mussolina | 3782:3785:Pantaloncino svasato Popline new,,
MAGAZZINO - PF PE23,79,PAN03CBP03PE23,PAN03CBP03PE23-2,,,,CBP,Off-white e cloud,3 Y,3-4 anni,approved_legend,SS,2023,false,Milano,1,1,0,0,13,7,,0.3,1.16,review_sku_attribute_conflict,review_required,,,,,1,955:3590:Pantalone Cropped in Popeline Panna,,
MAGAZZINO - PF PE23,80,PAN03CBP04PE23,PAN03CBP04PE23,,,,CBP,Off-white e cloud,4 Y,3-4 anni,approved_legend,SS,2023,false,Milano,1,1,0,0,13,7,,0.3,1.16,matched_auto_sku,update_existing_meta,955,3594,PAN03CBP04PE23,Pantalone Cropped in Popeline Panna,1,955:3594:Pantalone Cropped in Popeline Panna,,
MAGAZZINO - PF PE23,81,PAN03CBP06PE23,PAN03CBP06PE23,,,,CBP,Off-white e cloud,6 Y,5-6 anni,approved_legend,SS,2023,false,Milano,0,0,0,0,13,7,,0.3,1.16,matched_auto_sku,update_existing_meta,954,983,PAN03CBP06PE23,Pantalone Cropped in Popeline,1,954:983:Pantalone Cropped in Popeline,,
MAGAZZINO - PF PE23,82,PAN03CBP08PE23,PAN03CBP08PE23,,,,CBP,Off-white e cloud,8 Y,7-8 anni,approved_legend,SS,2023,false,Milano,0,0,0,0,13,7,,0.3,1.16,matched_auto_sku,update_existing_meta,954,984,PAN03CBP08PE23,Pantalone Cropped in Popeline,1,954:984:Pantalone Cropped in Popeline,,
MAGAZZINO - PF PE23,84,PAN03CBP04PE23,PAN03CBP04PE23,,,,RBP,Grigio melange e chiaro,4 Y,3-4 anni,approved_legend,SS,2023,false,Milano,0,0,0,0,13,4.5,,0.3,1.16,matched_auto_sku,update_existing_meta,955,3594,PAN03CBP04PE23,Pantalone Cropped in Popeline Panna,1,955:3594:Pantalone Cropped in Popeline Panna,,
MAGAZZINO - PF PE23,85,PAN03CBP06PE23,PAN03CBP06PE23,,,,RBP,Grigio melange e chiaro,6 Y,5-6 anni,approved_legend,SS,2023,false,Milano,1,1,0,0,13,4.5,,0.3,1.16,matched_auto_sku,update_existing_meta,954,983,PAN03CBP06PE23,Pantalone Cropped in Popeline,1,954:983:Pantalone Cropped in Popeline,,
MAGAZZINO - PF PE23,86,PAN03CBP08PE23,PAN03CBP08PE23,,,,RBP,Grigio melange e chiaro,8 Y,7-8 anni,approved_legend,SS,2023,false,Milano,1,1,0,0,13,4.5,,0.3,1.16,matched_auto_sku,update_existing_meta,954,984,PAN03CBP08PE23,Pantalone Cropped in Popeline,1,954:984:Pantalone Cropped in Popeline,,
MAGAZZINO - PF PE23,87,PAN03CBP10PE23,PAN03CBP10PE23,,,,RBP,Grigio melange e chiaro,10 Y,9-10 anni,approved_legend,SS,2023,false,Milano,1,1,0,0,13,4.5,,0.3,1.16,matched_auto_sku,update_existing_meta,954,985,PAN03CBP10PE23,Pantalone Cropped in Popeline,1,954:985:Pantalone Cropped in Popeline,,
MAGAZZINO - PF PE23,88,PAN03CBP12PE23,PAN03CBP12PE23,,,,RBP,Grigio melange e chiaro,12 Y,11-12 anni,approved_legend,SS,2023,false,Milano,1,1,0,0,13,4.5,,0.3,1.16,matched_auto_sku,update_existing_meta,954,986,PAN03CBP12PE23,Pantalone Cropped in Popeline,1,954:986:Pantalone Cropped in Popeline,,
MAGAZZINO - PF PE23,90,CAM05CBM01PE23,CAM05CBM01PE23,,,,CBM,Off-white e cloud,1 Y,1 anno,approved_legend,SS,2023,false,Milano,0,0,0,0,14,8,,0.5,1.16,review_multiple_candidates,review_required,,,,,22,4466:Fiocco Personaggi | 4449:Fiocco Fucsia | 4442:Fiocco Fantasia fiori | 4434:Fiocco elefantini | 4430:Fiocco Rapunzel | 4349:Cerchietto fantasia gatti | 3801:3807:Pantaloncino a palloncino mussolina | 3782:3783:Pantaloncino svasato Popline new,,
MAGAZZINO - PF PE23,91,CAM05CBM02PE23,CAM05CBM02PE23,,,,CBM,Off-white e cloud,2 Y,2 anni,approved_legend,SS,2023,false,Milano,0,0,0,0,14,8,,0.5,1.16,review_multiple_candidates,review_required,,,,,27,4466:Fiocco Personaggi | 4449:Fiocco Fucsia | 4442:Fiocco Fantasia fiori | 4434:Fiocco elefantini | 4430:Fiocco Rapunzel | 4349:Cerchietto fantasia gatti | 3801:3808:Pantaloncino a palloncino mussolina | 3782:3785:Pantaloncino svasato Popline new,,
MAGAZZINO - PF PE23,92,CAM05CBM03PE23,CAM05CBM03PE23,,,,CBM,Off-white e cloud,3 Y,3-4 anni,approved_legend,SS,2023,false,Milano,0,0,0,0,14,8,,0.5,1.16,review_multiple_candidates,review_required,,,,,31,4466:Fiocco Personaggi | 4449:Fiocco Fucsia | 4442:Fiocco Fantasia fiori | 4434:Fiocco elefantini | 4430:Fiocco Rapunzel | 4349:Cerchietto fantasia gatti | 3801:3809:Pantaloncino a palloncino mussolina | 3782:3787:Pantaloncino svasato Popline new,,
MAGAZZINO - PF PE23,93,CAM05CBM04PE23,CAM05CBM04PE23,,,,CBM,Off-white e cloud,4 Y,3-4 anni,approved_legend,SS,2023,false,Milano,0,0,0,0,14,8,,0.5,1.16,review_multiple_candidates,review_required,,,,,31,4466:Fiocco Personaggi | 4449:Fiocco Fucsia | 4442:Fiocco Fantasia fiori | 4434:Fiocco elefantini | 4430:Fiocco Rapunzel | 4349:Cerchietto fantasia gatti | 3801:3809:Pantaloncino a palloncino mussolina | 3782:3787:Pantaloncino svasato Popline new,,
MAGAZZINO - PF PE23,94,CAM05CBM06PE23,CAM05CBM06PE23,,,,CBM,Off-white e cloud,6 Y,5-6 anni,approved_legend,SS,2023,false,Milano,0,0,0,0,14,8,,0.5,1.16,review_multiple_candidates,review_required,,,,,19,4466:Fiocco Personaggi | 4449:Fiocco Fucsia | 4442:Fiocco Fantasia fiori | 4434:Fiocco elefantini | 4430:Fiocco Rapunzel | 4349:Cerchietto fantasia gatti | 3801:3810:Pantaloncino a palloncino mussolina | 3782:3789:Pantaloncino svasato Popline new,,
MAGAZZINO - PF PE23,95,CAM05CBM08PE23,CAM05CBM08PE23,,,,CBM,Off-white e cloud,8 Y,7-8 anni,approved_legend,SS,2023,false,Milano,1,1,0,0,14,8,,0.5,1.16,matched_auto_sku,update_existing_meta,1911,1942,CAM05CBM08PE23,Camicia alla Coreana in Mussola,1,1911:1942:Camicia alla Coreana in Mussola,,
MAGAZZINO - PF PE23,97,CAM05WHM01PE23,CAM05WHM01PE23,,,,WHM,Bianco puro,1 Y,1 anno,approved_legend,SS,2023,false,Milano,1,1,0,0,14,8,,0.5,1.16,review_multiple_candidates,review_required,,,,,21,4466:Fiocco Personaggi | 4449:Fiocco Fucsia | 4442:Fiocco Fantasia fiori | 4434:Fiocco elefantini | 4430:Fiocco Rapunzel | 4349:Cerchietto fantasia gatti | 4011:4015:Pantaloncino Voile Nuovo | 2038:2046:Top double-face fantasia marina,,
MAGAZZINO - PF PE23,98,CAM05WHM02PE23,CAM05WHM02PE23,,,,WHM,Bianco puro,2 Y,2 anni,approved_legend,SS,2023,false,Milano,0,0,0,0,14,8,,0.5,1.16,review_multiple_candidates,review_required,,,,,27,4466:Fiocco Personaggi | 4449:Fiocco Fucsia | 4442:Fiocco Fantasia fiori | 4434:Fiocco elefantini | 4430:Fiocco Rapunzel | 4349:Cerchietto fantasia gatti | 4011:4016:Pantaloncino Voile Nuovo | 2038:2047:Top double-face fantasia marina,,
MAGAZZINO - PF PE23,99,CAM05WHM03PE23,CAM05WHM03PE23,,,,WHM,Bianco puro,3 Y,3-4 anni,approved_legend,SS,2023,false,Milano,0,0,0,0,14,8,,0.5,1.16,review_multiple_candidates,review_required,,,,,31,4466:Fiocco Personaggi | 4449:Fiocco Fucsia | 4442:Fiocco Fantasia fiori | 4434:Fiocco elefantini | 4430:Fiocco Rapunzel | 4349:Cerchietto fantasia gatti | 4011:4017:Pantaloncino Voile Nuovo | 2038:2049:Top double-face fantasia marina,,
MAGAZZINO - PF PE23,100,CAM05WHM04PE23,CAM05WHM04PE23,,,,WHM,Bianco puro,4 Y,3-4 anni,approved_legend,SS,2023,false,Milano,0,0,0,0,14,8,,0.5,1.16,review_multiple_candidates,review_required,,,,,31,4466:Fiocco Personaggi | 4449:Fiocco Fucsia | 4442:Fiocco Fantasia fiori | 4434:Fiocco elefantini | 4430:Fiocco Rapunzel | 4349:Cerchietto fantasia gatti | 4011:4017:Pantaloncino Voile Nuovo | 2038:2049:Top double-face fantasia marina,,
MAGAZZINO - PF PE23,101,CAM05WHM06PE23,CAM05WHM06PE23,,,,WHM,Bianco puro,6 Y,5-6 anni,approved_legend,SS,2023,false,Milano,1,1,0,0,14,8,,0.5,1.16,review_multiple_candidates,review_required,,,,,20,4466:Fiocco Personaggi | 4449:Fiocco Fucsia | 4442:Fiocco Fantasia fiori | 4434:Fiocco elefantini | 4430:Fiocco Rapunzel | 4349:Cerchietto fantasia gatti | 4011:4018:Pantaloncino Voile Nuovo | 1972:1996:Pantalone Cropped in Gabardina,,
MAGAZZINO - PF PE23,102,CAM05WHM08PE23,CAM05WHM08PE23,,,,WHM,Bianco puro,8 Y,7-8 anni,approved_legend,SS,2023,false,Milano,1,1,0,0,14,8,,0.5,1.16,review_multiple_candidates,review_required,,,,,18,4466:Fiocco Personaggi | 4449:Fiocco Fucsia | 4442:Fiocco Fantasia fiori | 4434:Fiocco elefantini | 4430:Fiocco Rapunzel | 4349:Cerchietto fantasia gatti | 4011:4019:Pantaloncino Voile Nuovo | 1910:1923:Camicia Smanicata fantasia Zebra,,
MAGAZZINO - PF PE23,104,CAM05CBM06PE23,CAM05CBM06PE23-2,,,,,,6 Y,5-6 anni,approved_legend,SS,2023,false,Milano,1,1,0,0,14,8,,0.5,1.16,review_multiple_candidates,review_required,,,,,186,4761:4781:Pantaloncino in velluto | 4761:4772:Pantaloncino in velluto | 4761:4771:Pantaloncino in velluto | 4761:4770:Pantaloncino in velluto | 4715:4901:Fiocco Giraffe | 4715:4900:Fiocco Giraffe | 4659:4668:Cardigan fatto a mano | 4645:4648:Pantalone denim,,missing_color
MAGAZZINO - PF PE23,105,CAM05CBM08PE23,CAM05CBM08PE23,,,,,,8 Y,7-8 anni,approved_legend,SS,2023,false,Milano,1,1,0,0,14,8,,0.5,1.16,matched_auto_sku,update_existing_meta,1911,1942,CAM05CBM08PE23,Camicia alla Coreana in Mussola,1,1911:1942:Camicia alla Coreana in Mussola,,missing_color
MAGAZZINO - PF PE23,106,CAM05CBM10PE23,CAM05CBM10PE23,,,,,,10 Y,9-10 anni,approved_legend,SS,2023,false,Milano,2,2,0,0,14,8,,0.5,1.16,matched_auto_sku,update_existing_meta,1911,1943,CAM05CBM10PE23,Camicia alla Coreana in Mussola,1,1911:1943:Camicia alla Coreana in Mussola,,missing_color
MAGAZZINO - PF PE23,107,CAM05CBM12PE23,CAM05CBM12PE23,,,,,,12 Y,11-12 anni,approved_legend,SS,2023,false,Milano,2,2,0,0,14,8,,0.5,1.16,matched_auto_sku,update_existing_meta,1911,1944,CAM05CBM12PE23,Camicia alla Coreana in Mussola,1,1911:1944:Camicia alla Coreana in Mussola,,missing_color
MAGAZZINO - PF PE23,109,CAMO5MRM01PE23,CAMO5MRM01PE23,,,,MRM,Blu e azzurro intenso,1 Y,1 anno,approved_legend,SS,2023,false,Milano,0,0,0,0,14,8,,0.5,1.16,review_multiple_candidates,review_required,,,,,24,4466:Fiocco Personaggi | 4449:Fiocco Fucsia | 4442:Fiocco Fantasia fiori | 4434:Fiocco elefantini | 4430:Fiocco Rapunzel | 4385:Scrunchies in velluto - Blu e azzurro intenso | 4349:Cerchietto fantasia gatti | 3801:3802:Pantaloncino a palloncino mussolina,,
MAGAZZINO - PF PE23,110,CAMO5MRM02PE23,CAMO5MRM02PE23,,,,MRM,Blu e azzurro intenso,2 Y,2 anni,approved_legend,SS,2023,false,Milano,0,0,0,0,14,8,,0.5,1.16,review_multiple_candidates,review_required,,,,,31,4761:4764:Pantaloncino in velluto | 4466:Fiocco Personaggi | 4449:Fiocco Fucsia | 4442:Fiocco Fantasia fiori | 4434:Fiocco elefantini | 4430:Fiocco Rapunzel | 4385:Scrunchies in velluto - Blu e azzurro intenso | 4349:Cerchietto fantasia gatti,,
MAGAZZINO - PF PE23,111,CAMO5MRM03PE23,CAMO5MRM03PE23,,,,MRM,Blu e azzurro intenso,3 Y,3-4 anni,approved_legend,SS,2023,false,Milano,0,0,0,0,14,8,,0.5,1.16,review_multiple_candidates,review_required,,,,,35,4761:4767:Pantaloncino in velluto | 4466:Fiocco Personaggi | 4449:Fiocco Fucsia | 4442:Fiocco Fantasia fiori | 4434:Fiocco elefantini | 4430:Fiocco Rapunzel | 4385:Scrunchies in velluto - Blu e azzurro intenso | 4349:Cerchietto fantasia gatti,,
MAGAZZINO - PF PE23,112,CAMO5MRM04PE23,CAMO5MRM04PE23,,,,MRM,Blu e azzurro intenso,4 Y,3-4 anni,approved_legend,SS,2023,false,Milano,0,0,0,0,14,8,,0.5,1.16,review_multiple_candidates,review_required,,,,,35,4761:4767:Pantaloncino in velluto | 4466:Fiocco Personaggi | 4449:Fiocco Fucsia | 4442:Fiocco Fantasia fiori | 4434:Fiocco elefantini | 4430:Fiocco Rapunzel | 4385:Scrunchies in velluto - Blu e azzurro intenso | 4349:Cerchietto fantasia gatti,,
MAGAZZINO - PF PE23,113,CAMO5MRM06PE23,CAMO5MRM06PE23,,,,MRM,Blu e azzurro intenso,6 Y,5-6 anni,approved_legend,SS,2023,false,Milano,0,0,0,0,14,8,,0.5,1.16,review_multiple_candidates,review_required,,,,,23,4761:4770:Pantaloncino in velluto | 4466:Fiocco Personaggi | 4449:Fiocco Fucsia | 4442:Fiocco Fantasia fiori | 4434:Fiocco elefantini | 4430:Fiocco Rapunzel | 4385:Scrunchies in velluto - Blu e azzurro intenso | 4349:Cerchietto fantasia gatti,,
MAGAZZINO - PF PE23,114,CAMO5MRM08PE23,CAMO5MRM08PE23,,,,MRM,Blu e azzurro intenso,8 Y,7-8 anni,approved_legend,SS,2023,false,Milano,0,0,0,0,14,8,,0.5,1.16,review_multiple_candidates,review_required,,,,,22,4761:4773:Pantaloncino in velluto | 4466:Fiocco Personaggi | 4449:Fiocco Fucsia | 4442:Fiocco Fantasia fiori | 4434:Fiocco elefantini | 4430:Fiocco Rapunzel | 4385:Scrunchies in velluto - Blu e azzurro intenso | 4349:Cerchietto fantasia gatti,,
MAGAZZINO - PF PE23,116,CAM03CBM01PE23,CAM03CBM01PE23,,,,CBM,Off-white e cloud,1 Y,1 anno,approved_legend,SS,2023,false,Milano,0,0,0,0,13.5,7,,0.5,1.16,review_multiple_candidates,review_required,,,,,22,4466:Fiocco Personaggi | 4449:Fiocco Fucsia | 4442:Fiocco Fantasia fiori | 4434:Fiocco elefantini | 4430:Fiocco Rapunzel | 4349:Cerchietto fantasia gatti | 3801:3807:Pantaloncino a palloncino mussolina | 3782:3783:Pantaloncino svasato Popline new,,
MAGAZZINO - PF PE23,117,CAM03CBM02PE23,CAM03CBM02PE23,,,,CBM,Off-white e cloud,2 Y,2 anni,approved_legend,SS,2023,false,Milano,0,0,0,0,13.5,7,,0.5,1.16,review_multiple_candidates,review_required,,,,,27,4466:Fiocco Personaggi | 4449:Fiocco Fucsia | 4442:Fiocco Fantasia fiori | 4434:Fiocco elefantini | 4430:Fiocco Rapunzel | 4349:Cerchietto fantasia gatti | 3801:3808:Pantaloncino a palloncino mussolina | 3782:3785:Pantaloncino svasato Popline new,,
MAGAZZINO - PF PE23,118,CAM03CBM03PE23,CAM03CBM03PE23,,,,CBM,Off-white e cloud,3 Y,3-4 anni,approved_legend,SS,2023,false,Milano,0,0,0,0,13.5,7,,0.5,1.16,review_multiple_candidates,review_required,,,,,31,4466:Fiocco Personaggi | 4449:Fiocco Fucsia | 4442:Fiocco Fantasia fiori | 4434:Fiocco elefantini | 4430:Fiocco Rapunzel | 4349:Cerchietto fantasia gatti | 3801:3809:Pantaloncino a palloncino mussolina | 3782:3787:Pantaloncino svasato Popline new,,
MAGAZZINO - PF PE23,119,CAM03CBM04PE23,CAM03CBM04PE23,,,,CBM,Off-white e cloud,4 Y,3-4 anni,approved_legend,SS,2023,false,Milano,0,0,0,0,13.5,7,,0.5,1.16,review_multiple_candidates,review_required,,,,,31,4466:Fiocco Personaggi | 4449:Fiocco Fucsia | 4442:Fiocco Fantasia fiori | 4434:Fiocco elefantini | 4430:Fiocco Rapunzel | 4349:Cerchietto fantasia gatti | 3801:3809:Pantaloncino a palloncino mussolina | 3782:3787:Pantaloncino svasato Popline new,,
MAGAZZINO - PF PE23,120,CAM03CBM06PE23,CAM03CBM06PE23,,,,CBM,Off-white e cloud,6 Y,5-6 anni,approved_legend,SS,2023,false,Milano,0,0,0,0,13.5,7,,0.5,1.16,review_multiple_candidates,review_required,,,,,19,4466:Fiocco Personaggi | 4449:Fiocco Fucsia | 4442:Fiocco Fantasia fiori | 4434:Fiocco elefantini | 4430:Fiocco Rapunzel | 4349:Cerchietto fantasia gatti | 3801:3810:Pantaloncino a palloncino mussolina | 3782:3789:Pantaloncino svasato Popline new,,
MAGAZZINO - PF PE23,121,CAM03CBM08PE23,CAM03CBM08PE23,,,,CBM,Off-white e cloud,8 Y,7-8 anni,approved_legend,SS,2023,false,Milano,0,0,0,0,13.5,7,,0.5,1.16,review_multiple_candidates,review_required,,,,,18,4466:Fiocco Personaggi | 4449:Fiocco Fucsia | 4442:Fiocco Fantasia fiori | 4434:Fiocco elefantini | 4430:Fiocco Rapunzel | 4349:Cerchietto fantasia gatti | 3801:3811:Pantaloncino a palloncino mussolina | 3782:3791:Pantaloncino svasato Popline new,,
MAGAZZINO - PF PE23,123,CAM03MRM01PE23,CAM03MRM01PE23,,,,MRM,Blu e azzurro intenso,1 Y,1 anno,approved_legend,SS,2023,false,Milano,0,0,0,0,13.5,7,,0.5,1.16,review_multiple_candidates,review_required,,,,,24,4466:Fiocco Personaggi | 4449:Fiocco Fucsia | 4442:Fiocco Fantasia fiori | 4434:Fiocco elefantini | 4430:Fiocco Rapunzel | 4385:Scrunchies in velluto - Blu e azzurro intenso | 4349:Cerchietto fantasia gatti | 3801:3802:Pantaloncino a palloncino mussolina,,
MAGAZZINO - PF PE23,124,CAM03MRM02PE23,CAM03MRM02PE23,,,,MRM,Blu e azzurro intenso,2 Y,2 anni,approved_legend,SS,2023,false,Milano,1,1,0,0,13.5,7,,0.5,1.16,matched_auto_sku,update_existing_meta,2040,3239,CAM03MRM02PE23,Camicia Smanicata,1,2040:3239:Camicia Smanicata,,
MAGAZZINO - PF PE23,125,CAM03MRM03PE23,CAM03MRM03PE23,,,,MRM,Blu e azzurro intenso,3 Y,3-4 anni,approved_legend,SS,2023,false,Milano,0,0,0,0,13.5,7,,0.5,1.16,review_multiple_candidates,review_required,,,,,35,4761:4767:Pantaloncino in velluto | 4466:Fiocco Personaggi | 4449:Fiocco Fucsia | 4442:Fiocco Fantasia fiori | 4434:Fiocco elefantini | 4430:Fiocco Rapunzel | 4385:Scrunchies in velluto - Blu e azzurro intenso | 4349:Cerchietto fantasia gatti,,
MAGAZZINO - PF PE23,126,CAM03MRM04PE23,CAM03MRM04PE23,,,,MRM,Blu e azzurro intenso,4 Y,3-4 anni,approved_legend,SS,2023,false,Milano,1,1,0,0,13.5,7,,0.5,1.16,matched_auto_sku,update_existing_meta,2040,3240,CAM03MRM04PE23,Camicia Smanicata,1,2040:3240:Camicia Smanicata,,
MAGAZZINO - PF PE23,127,CAM03MRM06PE23,CAM03MRM06PE23,,,,MRM,Blu e azzurro intenso,6 Y,5-6 anni,approved_legend,SS,2023,false,Milano,0,0,0,0,13.5,7,,0.5,1.16,review_multiple_candidates,review_required,,,,,23,4761:4770:Pantaloncino in velluto | 4466:Fiocco Personaggi | 4449:Fiocco Fucsia | 4442:Fiocco Fantasia fiori | 4434:Fiocco elefantini | 4430:Fiocco Rapunzel | 4385:Scrunchies in velluto - Blu e azzurro intenso | 4349:Cerchietto fantasia gatti,,
MAGAZZINO - PF PE23,128,CAM03MRM08PE23,CAM03MRM08PE23,,,,MRM,Blu e azzurro intenso,8 Y,7-8 anni,approved_legend,SS,2023,false,Milano,1,1,0,0,13.5,7,,0.5,1.16,review_multiple_candidates,review_required,,,,,22,4761:4773:Pantaloncino in velluto | 4466:Fiocco Personaggi | 4449:Fiocco Fucsia | 4442:Fiocco Fantasia fiori | 4434:Fiocco elefantini | 4430:Fiocco Rapunzel | 4385:Scrunchies in velluto - Blu e azzurro intenso | 4349:Cerchietto fantasia gatti,,
MAGAZZINO - PF PE23,130,CAM03WHM01PE23,CAM03WHM01PE23,,,,WHM,Bianco puro,1 Y,1 anno,approved_legend,SS,2023,false,Milano,0,0,0,0,13.5,7,,0.5,1.16,review_multiple_candidates,review_required,,,,,21,4466:Fiocco Personaggi | 4449:Fiocco Fucsia | 4442:Fiocco Fantasia fiori | 4434:Fiocco elefantini | 4430:Fiocco Rapunzel | 4349:Cerchietto fantasia gatti | 4011:4015:Pantaloncino Voile Nuovo | 2038:2046:Top double-face fantasia marina,,
MAGAZZINO - PF PE23,131,CAM03WHM02PE23,CAM03WHM02PE23,,,,WHM,Bianco puro,2 Y,2 anni,approved_legend,SS,2023,false,Milano,0,0,0,0,13.5,7,,0.5,1.16,review_multiple_candidates,review_required,,,,,27,4466:Fiocco Personaggi | 4449:Fiocco Fucsia | 4442:Fiocco Fantasia fiori | 4434:Fiocco elefantini | 4430:Fiocco Rapunzel | 4349:Cerchietto fantasia gatti | 4011:4016:Pantaloncino Voile Nuovo | 2038:2047:Top double-face fantasia marina,,
MAGAZZINO - PF PE23,132,CAM03WHM03PE23,CAM03WHM03PE23,,,,WHM,Bianco puro,3 Y,3-4 anni,approved_legend,SS,2023,false,Milano,0,0,0,0,13.5,7,,0.5,1.16,review_multiple_candidates,review_required,,,,,31,4466:Fiocco Personaggi | 4449:Fiocco Fucsia | 4442:Fiocco Fantasia fiori | 4434:Fiocco elefantini | 4430:Fiocco Rapunzel | 4349:Cerchietto fantasia gatti | 4011:4017:Pantaloncino Voile Nuovo | 2038:2049:Top double-face fantasia marina,,
MAGAZZINO - PF PE23,133,CAM03WHM04PE23,CAM03WHM04PE23,,,,WHM,Bianco puro,4 Y,3-4 anni,approved_legend,SS,2023,false,Milano,1,1,0,0,13.5,7,,0.5,1.16,matched_auto_sku,update_existing_meta,2040,3241,CAM03WHM04PE23,Camicia Smanicata,1,2040:3241:Camicia Smanicata,,
MAGAZZINO - PF PE23,134,CAM03WHM06PE23,CAM03WHM06PE23,,,,WHM,Bianco puro,6 Y,5-6 anni,approved_legend,SS,2023,false,Milano,1,1,0,0,13.5,7,,0.5,1.16,matched_auto_sku,update_existing_meta,2040,3242,CAM03WHM06PE23,Camicia Smanicata,1,2040:3242:Camicia Smanicata,,
MAGAZZINO - PF PE23,135,CAM03WHM08PE23,CAM03WHM08PE23,,,,WHM,Bianco puro,8 Y,7-8 anni,approved_legend,SS,2023,false,Milano,1,1,0,0,13.5,7,,0.5,1.16,matched_auto_sku,update_existing_meta,2040,3243,CAM03WHM08PE23,Camicia Smanicata,1,2040:3243:Camicia Smanicata,,
MAGAZZINO - PF PE23,137,CAM03ZEB01PE23,CAM03ZEB01PE23,,,,ZEB,Fantasie: animali,1 Y,1 anno,approved_legend,SS,2023,false,Milano,0,0,0,0,13.5,7,,0.5,1.16,review_multiple_candidates,review_required,,,,,28,4604:4605:Camicia fantasia animali | 4591:4596:Abito Fantasia animali | 4466:Fiocco Personaggi | 4449:Fiocco Fucsia | 4442:Fiocco Fantasia fiori | 4434:Fiocco elefantini | 4430:Fiocco Rapunzel | 4349:Cerchietto fantasia gatti,,
MAGAZZINO - PF PE23,138,CAM03ZEB02PE23,CAM03ZEB02PE23,,,,ZEB,Fantasie: animali,2 Y,2 anni,approved_legend,SS,2023,false,Milano,1,1,0,0,13.5,7,,0.5,1.16,review_multiple_candidates,review_required,,,,,33,4604:4606:Camicia fantasia animali | 4591:4597:Abito Fantasia animali | 4466:Fiocco Personaggi | 4449:Fiocco Fucsia | 4442:Fiocco Fantasia fiori | 4434:Fiocco elefantini | 4430:Fiocco Rapunzel | 4349:Cerchietto fantasia gatti,,
MAGAZZINO - PF PE23,139,CAM03ZEB03PE23,CAM03ZEB03PE23,,,,ZEB,Fantasie: animali,3 Y,3-4 anni,approved_legend,SS,2023,false,Milano,0,0,0,0,13.5,7,,0.5,1.16,review_multiple_candidates,review_required,,,,,42,4604:4607:Camicia fantasia animali | 4591:4598:Abito Fantasia animali | 4466:Fiocco Personaggi | 4449:Fiocco Fucsia | 4442:Fiocco Fantasia fiori | 4434:Fiocco elefantini | 4430:Fiocco Rapunzel | 4349:Cerchietto fantasia gatti,,
MAGAZZINO - PF PE23,140,CAM03ZEB04PE23,CAM03ZEB04PE23,,,,ZEB,Fantasie: animali,4 Y,3-4 anni,approved_legend,SS,2023,false,Milano,0,0,0,0,13.5,7,,0.5,1.16,review_multiple_candidates,review_required,,,,,42,4604:4607:Camicia fantasia animali | 4591:4598:Abito Fantasia animali | 4466:Fiocco Personaggi | 4449:Fiocco Fucsia | 4442:Fiocco Fantasia fiori | 4434:Fiocco elefantini | 4430:Fiocco Rapunzel | 4349:Cerchietto fantasia gatti,,
MAGAZZINO - PF PE23,141,CAM03ZEB06PE23,CAM03ZEB06PE23,,,,ZEB,Fantasie: animali,6 Y,5-6 anni,approved_legend,SS,2023,false,Milano,1,1,0,0,13.5,7,,0.5,1.16,review_multiple_candidates,review_required,,,,,25,4604:4608:Camicia fantasia animali | 4591:4599:Abito Fantasia animali | 4466:Fiocco Personaggi | 4449:Fiocco Fucsia | 4442:Fiocco Fantasia fiori | 4434:Fiocco elefantini | 4430:Fiocco Rapunzel | 4349:Cerchietto fantasia gatti,,
MAGAZZINO - PF PE23,142,CAM03ZEB08PE23,CAM03ZEB08PE23,,,,ZEB,Fantasie: animali,8 Y,7-8 anni,approved_legend,SS,2023,false,Milano,2,2,0,0,13.5,7,,0.5,1.16,review_multiple_candidates,review_required,,,,,24,4604:4609:Camicia fantasia animali | 4591:4600:Abito Fantasia animali | 4466:Fiocco Personaggi | 4449:Fiocco Fucsia | 4442:Fiocco Fantasia fiori | 4434:Fiocco elefantini | 4430:Fiocco Rapunzel | 4349:Cerchietto fantasia gatti,,
MAGAZZINO - PF PE23,144,CAM02PKS01PE23,CAM02PKS01PE23,,,,PKS,Fantasie: natura,1 Y,1 anno,approved_legend,SS,2023,false,Milano,1,1,0,0,14,7,,0.3,1.16,matched_auto_sku,update_existing_meta,1194,3888,CAM02PKS01PE23,Camicia Masha manica corta a sbuffo,1,1194:3888:Camicia Masha manica corta a sbuffo,,
MAGAZZINO - PF PE23,145,CAM02PKS02PE23,CAM02PKS02PE23,,,,PKS,Fantasie: natura,2 Y,2 anni,approved_legend,SS,2023,false,Milano,0,0,0,0,14,7,,0.3,1.16,review_multiple_candidates,review_required,,,,,29,4466:Fiocco Personaggi | 4449:Fiocco Fucsia | 4442:Fiocco Fantasia fiori | 4434:Fiocco elefantini | 4430:Fiocco Rapunzel | 4405:Scrunchies in cotone - Fantasie: natura | 4349:Cerchietto fantasia gatti | 2038:2047:Top double-face fantasia marina,,
MAGAZZINO - PF PE23,146,CAM02PKS03PE23,CAM02PKS03PE23,,,,PKS,Fantasie: natura,3 Y,3-4 anni,approved_legend,SS,2023,false,Milano,0,0,0,0,14,7,,0.3,1.16,review_multiple_candidates,review_required,,,,,35,4466:Fiocco Personaggi | 4449:Fiocco Fucsia | 4442:Fiocco Fantasia fiori | 4434:Fiocco elefantini | 4430:Fiocco Rapunzel | 4405:Scrunchies in cotone - Fantasie: natura | 4349:Cerchietto fantasia gatti | 2038:2049:Top double-face fantasia marina,,
MAGAZZINO - PF PE23,147,CAM02PKS04PE23,CAM02PKS04PE23,,,,PKS,Fantasie: natura,4 Y,3-4 anni,approved_legend,SS,2023,false,Milano,0,0,0,0,14,7,,0.3,1.16,review_multiple_candidates,review_required,,,,,35,4466:Fiocco Personaggi | 4449:Fiocco Fucsia | 4442:Fiocco Fantasia fiori | 4434:Fiocco elefantini | 4430:Fiocco Rapunzel | 4405:Scrunchies in cotone - Fantasie: natura | 4349:Cerchietto fantasia gatti | 2038:2049:Top double-face fantasia marina,,
MAGAZZINO - PF PE23,148,CAM02PKS06PE23,CAM02PKS06PE23,,,,PKS,Fantasie: natura,6 Y,5-6 anni,approved_legend,SS,2023,false,Milano,0,0,0,0,14,7,,0.3,1.16,review_multiple_candidates,review_required,,,,,21,4466:Fiocco Personaggi | 4449:Fiocco Fucsia | 4442:Fiocco Fantasia fiori | 4434:Fiocco elefantini | 4430:Fiocco Rapunzel | 4405:Scrunchies in cotone - Fantasie: natura | 4349:Cerchietto fantasia gatti | 1972:1996:Pantalone Cropped in Gabardina,,
MAGAZZINO - PF PE23,149,CAM02PKS08PE23,CAM02PKS08PE23,,,,PKS,Fantasie: natura,8 Y,7-8 anni,approved_legend,SS,2023,false,Milano,0,0,0,0,,,,,,review_multiple_candidates,review_required,,,,,20,4466:Fiocco Personaggi | 4449:Fiocco Fucsia | 4442:Fiocco Fantasia fiori | 4434:Fiocco elefantini | 4430:Fiocco Rapunzel | 4405:Scrunchies in cotone - Fantasie: natura | 4349:Cerchietto fantasia gatti | 1968:1987:Abito smanicato Fantasia,,
MAGAZZINO - PF PE23,151,MCA02CRP01PE23,MCA02CRP01PE23,,,,CRP (CRS),Fucsia e rosa vivace,1 Y,1 anno,approved_legend,SS,2023,false,Milano,0,0,0,0,14,7,,0.3,1.16,matched_auto_sku,update_existing_meta,1194,3889,MCA02CRP01PE23,Camicia Masha manica corta a sbuffo,1,1194:3889:Camicia Masha manica corta a sbuffo,,
MAGAZZINO - PF PE23,152,MCA02CRP02PE23,MCA02CRP02PE23,,,,CRP (CRS),Fucsia e rosa vivace,2 Y,2 anni,approved_legend,SS,2023,false,Milano,1,1,0,0,14,7,,0.3,1.16,matched_auto_sku,update_existing_meta,1194,3894,MCA02CRP02PE23,Camicia Masha manica corta a sbuffo,1,1194:3894:Camicia Masha manica corta a sbuffo,,
MAGAZZINO - PF PE23,153,MCA02CRP03PE23,MCA02CRP03PE23,,,,CRP (CRS),Fucsia e rosa vivace,3 Y,3-4 anni,approved_legend,SS,2023,false,Milano,0,0,0,0,14,7,,0.3,1.16,matched_auto_sku,update_existing_meta,1194,3901,MCA02CRP03PE23,Camicia Masha manica corta a sbuffo,1,1194:3901:Camicia Masha manica corta a sbuffo,,
MAGAZZINO - PF PE23,154,MCA02CRP04PE23,MCA02CRP04PE23,,,,CRP (CRS),Fucsia e rosa vivace,4 Y,3-4 anni,approved_legend,SS,2023,false,Milano,1,1,0,0,14,7,,0.3,1.16,matched_auto_sku,update_existing_meta,1194,3899,MCA02CRP04PE23,Camicia Masha manica corta a sbuffo,1,1194:3899:Camicia Masha manica corta a sbuffo,,
MAGAZZINO - PF PE23,155,MCA02CRP06PE23,MCA02CRP06PE23,,,,CRP (CRS),Fucsia e rosa vivace,6 Y,5-6 anni,approved_legend,SS,2023,false,Milano,1,1,0,0,14,7,,0.3,1.16,matched_auto_sku,update_existing_meta,1194,3904,MCA02CRP06PE23,Camicia Masha manica corta a sbuffo,1,1194:3904:Camicia Masha manica corta a sbuffo,,
MAGAZZINO - PF PE23,156,MCA02CRP08PE23,MCA02CRP08PE23,,,,CRP (CRS),Fucsia e rosa vivace,8 Y,7-8 anni,approved_legend,SS,2023,false,Milano,1,1,0,0,14,7,,0.3,1.16,matched_auto_sku,update_existing_meta,1194,3909,MCA02CRP08PE23,Camicia Masha manica corta a sbuffo,1,1194:3909:Camicia Masha manica corta a sbuffo,,
MAGAZZINO - PF PE23,158,MCA02CRP01PE23,MCA02CRP01PE23,,,,NTV,Beige e sabbia,1 Y,1 anno,approved_legend,SS,2023,false,Milano,0,0,0,0,14,7,,0.3,1.16,matched_auto_sku,update_existing_meta,1194,3889,MCA02CRP01PE23,Camicia Masha manica corta a sbuffo,1,1194:3889:Camicia Masha manica corta a sbuffo,,
MAGAZZINO - PF PE23,159,MCA02CRP02PE23,MCA02CRP02PE23,,,,NTV,Beige e sabbia,2 Y,2 anni,approved_legend,SS,2023,false,Milano,0,0,0,0,14,7,,0.3,1.16,matched_auto_sku,update_existing_meta,1194,3894,MCA02CRP02PE23,Camicia Masha manica corta a sbuffo,1,1194:3894:Camicia Masha manica corta a sbuffo,,
MAGAZZINO - PF PE23,160,MCA02CRP03PE23,MCA02CRP03PE23,,,,NTV,Beige e sabbia,3 Y,3-4 anni,approved_legend,SS,2023,false,Milano,0,0,0,0,14,7,,0.3,1.16,matched_auto_sku,update_existing_meta,1194,3901,MCA02CRP03PE23,Camicia Masha manica corta a sbuffo,1,1194:3901:Camicia Masha manica corta a sbuffo,,
MAGAZZINO - PF PE23,161,MCA02CRP04PE23,MCA02CRP04PE23,,,,NTV,Beige e sabbia,4 Y,3-4 anni,approved_legend,SS,2023,false,Milano,1,1,0,0,14,7,,0.3,1.16,matched_auto_sku,update_existing_meta,1194,3899,MCA02CRP04PE23,Camicia Masha manica corta a sbuffo,1,1194:3899:Camicia Masha manica corta a sbuffo,,
MAGAZZINO - PF PE23,162,MCA02CRP06PE23,MCA02CRP06PE23,,,,NTV,Beige e sabbia,6 Y,5-6 anni,approved_legend,SS,2023,false,Milano,1,1,0,0,14,7,,0.3,1.16,matched_auto_sku,update_existing_meta,1194,3904,MCA02CRP06PE23,Camicia Masha manica corta a sbuffo,1,1194:3904:Camicia Masha manica corta a sbuffo,,
MAGAZZINO - PF PE23,163,MCA02CRP08PE23,MCA02CRP08PE23,,,,NTV,Beige e sabbia,8 Y,7-8 anni,approved_legend,SS,2023,false,Milano,0,0,0,0,14,7,,0.3,1.16,matched_auto_sku,update_existing_meta,1194,3909,MCA02CRP08PE23,Camicia Masha manica corta a sbuffo,1,1194:3909:Camicia Masha manica corta a sbuffo,,
MAGAZZINO - PF PE23,164,MCA02CRP10PE23,MCA02CRP10PE23,,,,NTV,Beige e sabbia,10 Y,9-10 anni,approved_legend,SS,2023,false,Milano,0,0,0,0,14,7,,0.3,1.16,review_multiple_candidates,review_required,,,,,15,4466:Fiocco Personaggi | 4449:Fiocco Fucsia | 4442:Fiocco Fantasia fiori | 4434:Fiocco elefantini | 4430:Fiocco Rapunzel | 4349:Cerchietto fantasia gatti | 1303:Giacca in Denim | 849:Fiocco Rosa,,
MAGAZZINO - PF PE23,165,MCA02CRP12PE23,MCA02CRP12PE23,,,,NTV,Beige e sabbia,12 Y,11-12 anni,approved_legend,SS,2023,false,Milano,1,1,0,0,14,7,,0.3,1.16,matched_auto_sku,update_existing_meta,1194,3920,MCA02CRP12PE23,Camicia Masha manica corta a sbuffo,1,1194:3920:Camicia Masha manica corta a sbuffo,,
MAGAZZINO - PF PE23,167,ABS04CRP01PE23,ABS04CRP01PE23,,,,CRP (CRS),Fucsia e rosa vivace,1 Y,1 anno,approved_legend,SS,2023,false,Milano,1,1,0,0,19,8.5,,,1.16,matched_auto_sku,update_existing_meta,3957,3966,ABS04CRP01PE23,Abito Cerise,1,3957:3966:Abito Cerise,,
MAGAZZINO - PF PE23,168,ABS04CRP02PE23,ABS04CRP02PE23,,,,CRP (CRS),Fucsia e rosa vivace,2 Y,2 anni,approved_legend,SS,2023,false,Milano,0,0,0,0,19,8.5,,,1.16,matched_auto_sku,update_existing_meta,3957,3967,ABS04CRP02PE23,Abito Cerise,1,3957:3967:Abito Cerise,,
MAGAZZINO - PF PE23,169,ABS04CRP03PE23,ABS04CRP03PE23,,,,CRP (CRS),Fucsia e rosa vivace,3 Y,3-4 anni,approved_legend,SS,2023,false,Milano,1,1,0,0,19,8.5,,,1.16,review_multiple_candidates,review_required,,,,,32,4466:Fiocco Personaggi | 4449:Fiocco Fucsia | 4442:Fiocco Fantasia fiori | 4434:Fiocco elefantini | 4430:Fiocco Rapunzel | 4349:Cerchietto fantasia gatti | 3957:3968:Abito Cerise | 2038:2049:Top double-face fantasia marina,,
MAGAZZINO - PF PE23,170,ABS04CRP04PE23,ABS04CRP04PE23,,,,CRP (CRS),Fucsia e rosa vivace,4 Y,3-4 anni,approved_legend,SS,2023,false,Milano,1,1,0,0,19,8.5,,,1.16,matched_auto_sku,update_existing_meta,3957,3968,ABS04CRP04PE23,Abito Cerise,1,3957:3968:Abito Cerise,,
MAGAZZINO - PF PE23,171,ABS04CRP06PE23,ABS04CRP06PE23,,,,CRP (CRS),Fucsia e rosa vivace,6 Y,5-6 anni,approved_legend,SS,2023,false,Milano,0,0,0,0,19,8.5,,,1.16,matched_auto_sku,update_existing_meta,3957,3969,ABS04CRP06PE23,Abito Cerise,1,3957:3969:Abito Cerise,,
MAGAZZINO - PF PE23,172,ABS04CRP08PE23,ABS04CRP08PE23,,,,CRP (CRS),Fucsia e rosa vivace,8 Y,7-8 anni,approved_legend,SS,2023,false,Milano,0,0,0,0,19,8.5,,,1.16,matched_auto_sku,update_existing_meta,3957,3970,ABS04CRP08PE23,Abito Cerise,1,3957:3970:Abito Cerise,,
MAGAZZINO - PF PE23,173,ABS04CRP10PE23,ABS04CRP10PE23,,,,CRP (CRS),Fucsia e rosa vivace,10 Y,9-10 anni,approved_legend,SS,2023,false,Milano,2,2,0,0,19,8.5,,,1.16,matched_auto_sku,update_existing_meta,3957,3971,ABS04CRP10PE23,Abito Cerise,1,3957:3971:Abito Cerise,,
MAGAZZINO - PF PE23,174,ABS04CRP12PE23,ABS04CRP12PE23,,,,CRP (CRS),Fucsia e rosa vivace,12 Y,11-12 anni,approved_legend,SS,2023,false,Milano,0,0,0,0,19,8.5,,,1.16,matched_auto_sku,update_existing_meta,3957,3972,ABS04CRP12PE23,Abito Cerise,1,3957:3972:Abito Cerise,,
MAGAZZINO - PF PE23,176,ABS04PKS01PE23,ABS04PKS01PE23,,,,PKS,Fantasie: natura,1 Y,1 anno,approved_legend,SS,2023,false,Milano,0,0,0,0,19,8.5,,,1.16,review_multiple_candidates,review_required,,,,,23,4466:Fiocco Personaggi | 4449:Fiocco Fucsia | 4442:Fiocco Fantasia fiori | 4434:Fiocco elefantini | 4430:Fiocco Rapunzel | 4405:Scrunchies in cotone - Fantasie: natura | 4349:Cerchietto fantasia gatti | 2038:2046:Top double-face fantasia marina,,
MAGAZZINO - PF PE23,177,ABS04PKS02PE23,ABS04PKS02PE23,,,,PKS,Fantasie: natura,2 Y,2 anni,approved_legend,SS,2023,false,Milano,0,0,0,0,19,8.5,,,1.16,review_multiple_candidates,review_required,,,,,29,4466:Fiocco Personaggi | 4449:Fiocco Fucsia | 4442:Fiocco Fantasia fiori | 4434:Fiocco elefantini | 4430:Fiocco Rapunzel | 4405:Scrunchies in cotone - Fantasie: natura | 4349:Cerchietto fantasia gatti | 2038:2047:Top double-face fantasia marina,,
MAGAZZINO - PF PE23,178,ABS04PKS03PE23,ABS04PKS03PE23,,,,PKS,Fantasie: natura,3 Y,3-4 anni,approved_legend,SS,2023,false,Milano,0,0,0,0,19,8.5,,,1.16,review_multiple_candidates,review_required,,,,,35,4466:Fiocco Personaggi | 4449:Fiocco Fucsia | 4442:Fiocco Fantasia fiori | 4434:Fiocco elefantini | 4430:Fiocco Rapunzel | 4405:Scrunchies in cotone - Fantasie: natura | 4349:Cerchietto fantasia gatti | 2038:2049:Top double-face fantasia marina,,
MAGAZZINO - PF PE23,179,ABS04PKS04PE23,ABS04PKS04PE23,,,,PKS,Fantasie: natura,4 Y,3-4 anni,approved_legend,SS,2023,false,Milano,0,0,0,0,19,8.5,,,1.16,review_multiple_candidates,review_required,,,,,35,4466:Fiocco Personaggi | 4449:Fiocco Fucsia | 4442:Fiocco Fantasia fiori | 4434:Fiocco elefantini | 4430:Fiocco Rapunzel | 4405:Scrunchies in cotone - Fantasie: natura | 4349:Cerchietto fantasia gatti | 2038:2049:Top double-face fantasia marina,,
MAGAZZINO - PF PE23,180,ABS04PKS06PE23,ABS04PKS06PE23,,,,PKS,Fantasie: natura,6 Y,5-6 anni,approved_legend,SS,2023,false,Milano,0,0,0,0,19,8.5,,,1.16,review_multiple_candidates,review_required,,,,,21,4466:Fiocco Personaggi | 4449:Fiocco Fucsia | 4442:Fiocco Fantasia fiori | 4434:Fiocco elefantini | 4430:Fiocco Rapunzel | 4405:Scrunchies in cotone - Fantasie: natura | 4349:Cerchietto fantasia gatti | 1972:1996:Pantalone Cropped in Gabardina,,
MAGAZZINO - PF PE23,181,ABS04PKS08PE23,ABS04PKS08PE23,,,,PKS,Fantasie: natura,8 Y,7-8 anni,approved_legend,SS,2023,false,Milano,0,0,0,0,19,8.5,,,1.16,review_multiple_candidates,review_required,,,,,20,4466:Fiocco Personaggi | 4449:Fiocco Fucsia | 4442:Fiocco Fantasia fiori | 4434:Fiocco elefantini | 4430:Fiocco Rapunzel | 4405:Scrunchies in cotone - Fantasie: natura | 4349:Cerchietto fantasia gatti | 1968:1987:Abito smanicato Fantasia,,
MAGAZZINO - PF PE23,183,ABS04PKT01PE23,ABS04PKT01PE23,,,,PKT,Fantasia marina,1 Y,1 anno,approved_legend,SS,2023,false,Milano,0,0,0,0,19,8.5,,,1.16,review_multiple_candidates,review_required,,,,,19,4466:Fiocco Personaggi | 4449:Fiocco Fucsia | 4442:Fiocco Fantasia fiori | 4434:Fiocco elefantini | 4430:Fiocco Rapunzel | 4349:Cerchietto fantasia gatti | 2038:2046:Top double-face fantasia marina | 1910:1918:Camicia Smanicata fantasia Zebra,,
MAGAZZINO - PF PE23,184,ABS04PKT02PE23,ABS04PKT02PE23,,,,PKT,Fantasia marina,2 Y,2 anni,approved_legend,SS,2023,false,Milano,0,0,0,0,19,8.5,,,1.16,review_multiple_candidates,review_required,,,,,27,4466:Fiocco Personaggi | 4449:Fiocco Fucsia | 4442:Fiocco Fantasia fiori | 4434:Fiocco elefantini | 4430:Fiocco Rapunzel | 4349:Cerchietto fantasia gatti | 2038:2047:Top double-face fantasia marina | 2018:2034:Abito da cerimonia,,
MAGAZZINO - PF PE23,185,ABS04PKT08PE23,ABS04PKT08PE23,,,,PKT,Fantasia marina,8 Y,7-8 anni,approved_legend,SS,2023,false,Milano,0,0,0,0,19,8.5,,,1.16,matched_auto_sku,update_existing_meta,1968,1980,ABS04PKT08PE23,Abito smanicato Fantasia,1,1968:1980:Abito smanicato Fantasia,,
MAGAZZINO - PF PE23,187,ABS04PDF08PE23,ABS04PDF08PE23,,,,PDF,Fantasie: natura,8 Y,7-8 anni,approved_legend,SS,2023,false,Milano,0,0,0,0,19,8.5,,,1.16,matched_auto_sku,update_existing_meta,1968,1987,ABS04PDF08PE23,Abito smanicato Fantasia,1,1968:1987:Abito smanicato Fantasia,,
MAGAZZINO - PF PE23,188,ABS04PDF10PE23,ABS04PDF10PE23,,,,PDF,Fantasie: natura,10 Y,9-10 anni,approved_legend,SS,2023,false,Milano,0,0,0,0,19,8.5,,,1.16,matched_auto_sku,update_existing_meta,1968,1988,ABS04PDF10PE23,Abito smanicato Fantasia,1,1968:1988:Abito smanicato Fantasia,,
MAGAZZINO - PF PE23,189,ABS04PDF11PE23,ABS04PDF11PE23,,,,PDF,Fantasie: natura,12 Y,11-12 anni,approved_legend,SS,2023,false,Milano,0,0,0,0,19,8.5,,,1.16,review_multiple_candidates,review_required,,,,,16,4466:Fiocco Personaggi | 4449:Fiocco Fucsia | 4442:Fiocco Fantasia fiori | 4434:Fiocco elefantini | 4430:Fiocco Rapunzel | 4405:Scrunchies in cotone - Fantasie: natura | 4349:Cerchietto fantasia gatti | 1968:1989:Abito smanicato Fantasia,,
MAGAZZINO - PF PE23,191,ABSO4WHMO1PE23,ABSO4WHMO1PE23,,,,WHM,Bianco puro,1 Y,1 anno,approved_legend,SS,2023,false,Milano,1,1,0,0,19,8.5,,,1.16,matched_auto_sku,update_existing_meta,1506,4074,ABSO4WHMO1PE23,Abito Charlotte smanicato in mussola,1,1506:4074:Abito Charlotte smanicato in mussola,,
MAGAZZINO - PF PE23,192,ABSO4WHMO2PE23,ABSO4WHMO2PE23,,,,WHM,Bianco puro,2 Y,2 anni,approved_legend,SS,2023,false,Milano,0,0,0,0,19,8.5,,,1.16,review_multiple_candidates,review_required,,,,,27,4466:Fiocco Personaggi | 4449:Fiocco Fucsia | 4442:Fiocco Fantasia fiori | 4434:Fiocco elefantini | 4430:Fiocco Rapunzel | 4349:Cerchietto fantasia gatti | 4011:4016:Pantaloncino Voile Nuovo | 2038:2047:Top double-face fantasia marina,,
MAGAZZINO - PF PE23,193,ABSO4WHMO3PE23,ABSO4WHMO3PE23,,,,WHM,Bianco puro,3 Y,3-4 anni,approved_legend,SS,2023,false,Milano,0,0,0,0,19,8.5,,,1.16,review_multiple_candidates,review_required,,,,,31,4466:Fiocco Personaggi | 4449:Fiocco Fucsia | 4442:Fiocco Fantasia fiori | 4434:Fiocco elefantini | 4430:Fiocco Rapunzel | 4349:Cerchietto fantasia gatti | 4011:4017:Pantaloncino Voile Nuovo | 2038:2049:Top double-face fantasia marina,,
MAGAZZINO - PF PE23,194,ABSO4WHMO4PE23,ABSO4WHMO4PE23,,,,WHM,Bianco puro,4 Y,3-4 anni,approved_legend,SS,2023,false,Milano,0,0,0,0,19,8.5,,,1.16,review_multiple_candidates,review_required,,,,,31,4466:Fiocco Personaggi | 4449:Fiocco Fucsia | 4442:Fiocco Fantasia fiori | 4434:Fiocco elefantini | 4430:Fiocco Rapunzel | 4349:Cerchietto fantasia gatti | 4011:4017:Pantaloncino Voile Nuovo | 2038:2049:Top double-face fantasia marina,,
MAGAZZINO - PF PE23,195,ABSO4WHMO6PE23,ABSO4WHMO6PE23,,,,WHM,Bianco puro,6 Y,5-6 anni,approved_legend,SS,2023,false,Milano,0,0,0,0,19,8.5,,,1.16,review_multiple_candidates,review_required,,,,,20,4466:Fiocco Personaggi | 4449:Fiocco Fucsia | 4442:Fiocco Fantasia fiori | 4434:Fiocco elefantini | 4430:Fiocco Rapunzel | 4349:Cerchietto fantasia gatti | 4011:4018:Pantaloncino Voile Nuovo | 1972:1996:Pantalone Cropped in Gabardina,,
MAGAZZINO - PF PE23,196,ABSO4WHMO8PE23,ABSO4WHMO8PE23,,,,WHM,Bianco puro,8 Y,7-8 anni,approved_legend,SS,2023,false,Milano,0,0,0,0,19,8.5,,,1.16,review_multiple_candidates,review_required,,,,,18,4466:Fiocco Personaggi | 4449:Fiocco Fucsia | 4442:Fiocco Fantasia fiori | 4434:Fiocco elefantini | 4430:Fiocco Rapunzel | 4349:Cerchietto fantasia gatti | 4011:4019:Pantaloncino Voile Nuovo | 1910:1923:Camicia Smanicata fantasia Zebra,,
MAGAZZINO - PF PE23,198,ABS04CBM01PE23,ABS04CBM01PE23,,,,CBM,Off-white e cloud,1 Y,1 anno,approved_legend,SS,2023,false,Milano,0,0,0,0,19,8.5,,,1.16,review_multiple_candidates,review_required,,,,,22,4466:Fiocco Personaggi | 4449:Fiocco Fucsia | 4442:Fiocco Fantasia fiori | 4434:Fiocco elefantini | 4430:Fiocco Rapunzel | 4349:Cerchietto fantasia gatti | 3801:3807:Pantaloncino a palloncino mussolina | 3782:3783:Pantaloncino svasato Popline new,,
MAGAZZINO - PF PE23,199,ABS04CBM02PE23,ABS04CBM02PE23,,,,CBM,Off-white e cloud,2 Y,2 anni,approved_legend,SS,2023,false,Milano,0,0,0,0,19,8.5,,,1.16,review_multiple_candidates,review_required,,,,,27,4466:Fiocco Personaggi | 4449:Fiocco Fucsia | 4442:Fiocco Fantasia fiori | 4434:Fiocco elefantini | 4430:Fiocco Rapunzel | 4349:Cerchietto fantasia gatti | 3801:3808:Pantaloncino a palloncino mussolina | 3782:3785:Pantaloncino svasato Popline new,,
MAGAZZINO - PF PE23,200,ABS04CBM03PE23,ABS04CBM03PE23,,,,CBM,Off-white e cloud,3 Y,3-4 anni,approved_legend,SS,2023,false,Milano,0,0,0,0,19,8.5,,,1.16,review_multiple_candidates,review_required,,,,,31,4466:Fiocco Personaggi | 4449:Fiocco Fucsia | 4442:Fiocco Fantasia fiori | 4434:Fiocco elefantini | 4430:Fiocco Rapunzel | 4349:Cerchietto fantasia gatti | 3801:3809:Pantaloncino a palloncino mussolina | 3782:3787:Pantaloncino svasato Popline new,,
MAGAZZINO - PF PE23,201,ABS04CBM04PE23,ABS04CBM04PE23,,,,CBM,Off-white e cloud,4 Y,3-4 anni,approved_legend,SS,2023,false,Milano,0,0,0,0,19,8.5,,,1.16,review_multiple_candidates,review_required,,,,,31,4466:Fiocco Personaggi | 4449:Fiocco Fucsia | 4442:Fiocco Fantasia fiori | 4434:Fiocco elefantini | 4430:Fiocco Rapunzel | 4349:Cerchietto fantasia gatti | 3801:3809:Pantaloncino a palloncino mussolina | 3782:3787:Pantaloncino svasato Popline new,,
MAGAZZINO - PF PE23,202,ABS04CBM06PE23,ABS04CBM06PE23,,,,CBM,Off-white e cloud,6 Y,5-6 anni,approved_legend,SS,2023,false,Milano,0,0,0,0,19,8.5,,,1.16,review_multiple_candidates,review_required,,,,,19,4466:Fiocco Personaggi | 4449:Fiocco Fucsia | 4442:Fiocco Fantasia fiori | 4434:Fiocco elefantini | 4430:Fiocco Rapunzel | 4349:Cerchietto fantasia gatti | 3801:3810:Pantaloncino a palloncino mussolina | 3782:3789:Pantaloncino svasato Popline new,,
MAGAZZINO - PF PE23,203,ABS04CBM08PE23,ABS04CBM08PE23,,,,CBM,Off-white e cloud,8 Y,7-8 anni,approved_legend,SS,2023,false,Milano,1,1,0,0,19,8.5,,,1.16,matched_auto_sku,update_existing_meta,1506,4071,ABS04CBM08PE23,Abito Charlotte smanicato in mussola,1,1506:4071:Abito Charlotte smanicato in mussola,,
MAGAZZINO - PF PE23,205,ABS04ZPM01PE23,ABS04ZPM01PE23,,,,ZPM,Rosa pastello e antico,1 Y,1 anno,approved_legend,SS,2023,false,Milano,0,0,0,0,19,8.5,,,1.16,review_multiple_candidates,review_required,,,,,29,4466:Fiocco Personaggi | 4449:Fiocco Fucsia | 4442:Fiocco Fantasia fiori | 4434:Fiocco elefantini | 4430:Fiocco Rapunzel | 4411:Scrunchies sfilacciati - Rosa pastello e antico | 4407:Scrunchies in cotone - Rosa pastello e antico | 4349:Cerchietto fantasia gatti,,
MAGAZZINO - PF PE23,206,ABS04ZPM02PE23,ABS04ZPM02PE23,,,,ZPM,Rosa pastello e antico,2 Y,2 anni,approved_legend,SS,2023,false,Milano,0,0,0,0,19,8.5,,,1.16,review_multiple_candidates,review_required,,,,,35,4466:Fiocco Personaggi | 4449:Fiocco Fucsia | 4442:Fiocco Fantasia fiori | 4434:Fiocco elefantini | 4430:Fiocco Rapunzel | 4411:Scrunchies sfilacciati - Rosa pastello e antico | 4407:Scrunchies in cotone - Rosa pastello e antico | 4349:Cerchietto fantasia gatti,,
MAGAZZINO - PF PE23,207,ABS04ZPM03PE23,ABS04ZPM03PE23,,,,ZPM,Rosa pastello e antico,3 Y,3-4 anni,approved_legend,SS,2023,false,Milano,1,1,0,0,19,8.5,,,1.16,matched_auto_sku,update_existing_meta,1506,4069,ABS04ZPM03PE23,Abito Charlotte smanicato in mussola,1,1506:4069:Abito Charlotte smanicato in mussola,,
MAGAZZINO - PF PE23,208,ABS04ZPM04PE23,ABS04ZPM04PE23,,,,ZPM,Rosa pastello e antico,4 Y,3-4 anni,approved_legend,SS,2023,false,Milano,0,0,0,0,19,8.5,,,1.16,review_multiple_candidates,review_required,,,,,42,4466:Fiocco Personaggi | 4449:Fiocco Fucsia | 4442:Fiocco Fantasia fiori | 4434:Fiocco elefantini | 4430:Fiocco Rapunzel | 4411:Scrunchies sfilacciati - Rosa pastello e antico | 4407:Scrunchies in cotone - Rosa pastello e antico | 4349:Cerchietto fantasia gatti,,
MAGAZZINO - PF PE23,209,ABS04ZPM06PE23,ABS04ZPM06PE23,,,,ZPM,Rosa pastello e antico,6 Y,5-6 anni,approved_legend,SS,2023,false,Milano,0,0,0,0,19,8.5,,,1.16,review_multiple_candidates,review_required,,,,,26,4466:Fiocco Personaggi | 4449:Fiocco Fucsia | 4442:Fiocco Fantasia fiori | 4434:Fiocco elefantini | 4430:Fiocco Rapunzel | 4411:Scrunchies sfilacciati - Rosa pastello e antico | 4407:Scrunchies in cotone - Rosa pastello e antico | 4349:Cerchietto fantasia gatti,,
MAGAZZINO - PF PE23,210,ABS04ZPM08PE23,ABS04ZPM08PE23,,,,ZPM,Rosa pastello e antico,8 Y,7-8 anni,approved_legend,SS,2023,false,Milano,0,0,0,0,19,8.5,,,1.16,review_multiple_candidates,review_required,,,,,25,4466:Fiocco Personaggi | 4449:Fiocco Fucsia | 4442:Fiocco Fantasia fiori | 4434:Fiocco elefantini | 4430:Fiocco Rapunzel | 4411:Scrunchies sfilacciati - Rosa pastello e antico | 4407:Scrunchies in cotone - Rosa pastello e antico | 4349:Cerchietto fantasia gatti,,
MAGAZZINO - PF PE23,215,CAM04PKS04YPE23,CAM04PKS04YPE23,,,,PKS,Fantasie: natura,4Y,3-4 anni,approved_legend,SS,2023,false,Milano,1,1,0,0,0,8.5,,,1.16,review_multiple_candidates,review_required,,,,,35,4466:Fiocco Personaggi | 4449:Fiocco Fucsia | 4442:Fiocco Fantasia fiori | 4434:Fiocco elefantini | 4430:Fiocco Rapunzel | 4405:Scrunchies in cotone - Fantasie: natura | 4349:Cerchietto fantasia gatti | 2038:2049:Top double-face fantasia marina,,
MAGAZZINO - PF PE23,216,CAM04PKS06YPE23,CAM04PKS06YPE23,,,,PKS,Fantasie: natura,6Y,5-6 anni,approved_legend,SS,2023,false,Milano,1,1,0,0,0,8.5,,,1.16,review_multiple_candidates,review_required,,,,,21,4466:Fiocco Personaggi | 4449:Fiocco Fucsia | 4442:Fiocco Fantasia fiori | 4434:Fiocco elefantini | 4430:Fiocco Rapunzel | 4405:Scrunchies in cotone - Fantasie: natura | 4349:Cerchietto fantasia gatti | 1972:1996:Pantalone Cropped in Gabardina,,
MAGAZZINO - PF PE23,217,CAM04PKS08YPE23,CAM04PKS08YPE23,,,,PKS,Fantasie: natura,8Y,7-8 anni,approved_legend,SS,2023,false,Milano,2,2,0,0,0,8.5,,,1.16,review_multiple_candidates,review_required,,,,,20,4466:Fiocco Personaggi | 4449:Fiocco Fucsia | 4442:Fiocco Fantasia fiori | 4434:Fiocco elefantini | 4430:Fiocco Rapunzel | 4405:Scrunchies in cotone - Fantasie: natura | 4349:Cerchietto fantasia gatti | 1968:1987:Abito smanicato Fantasia,,
MAGAZZINO - PF PE23,219,CAM04BTA04YPE23,CAM04BTA04YPE23,,,,BTA (Bordò),Bordeaux e mattone,4Y,3-4 anni,approved_legend,SS,2023,false,Milano,1,1,0,0,0,8.5,,,1.16,review_multiple_candidates,review_required,,,,,32,4466:Fiocco Personaggi | 4449:Fiocco Fucsia | 4442:Fiocco Fantasia fiori | 4434:Fiocco elefantini | 4430:Fiocco Rapunzel | 4349:Cerchietto fantasia gatti | 2038:2049:Top double-face fantasia marina | 2038:2048:Top double-face fantasia marina,,
MAGAZZINO - PF PE23,220,CAM04BTA06YPE23,CAM04BTA06YPE23,,,,BAT,Bordeaux e mattone,6Y,5-6 anni,approved_legend,SS,2023,false,Milano,1,1,0,0,0,8.5,,,1.16,review_multiple_candidates,review_required,,,,,20,4466:Fiocco Personaggi | 4449:Fiocco Fucsia | 4442:Fiocco Fantasia fiori | 4434:Fiocco elefantini | 4430:Fiocco Rapunzel | 4349:Cerchietto fantasia gatti | 1972:1996:Pantalone Cropped in Gabardina | 1910:1922:Camicia Smanicata fantasia Zebra,,
MAGAZZINO - PF PE23,221,CAM04BTA08YPE23,CAM04BTA08YPE23,,,,BAT,Bordeaux e mattone,8Y,7-8 anni,approved_legend,SS,2023,false,Milano,1,1,0,0,0,8.5,,,1.16,review_multiple_candidates,review_required,,,,,19,4466:Fiocco Personaggi | 4449:Fiocco Fucsia | 4442:Fiocco Fantasia fiori | 4434:Fiocco elefantini | 4430:Fiocco Rapunzel | 4349:Cerchietto fantasia gatti | 1910:1923:Camicia Smanicata fantasia Zebra | 1385:3757:Camicia George in Mussola,,
MAGAZZINO - PF PE23,223,PAN07TVS04YPE23,PAN07TVS04YPE23,,,,V752 SAND TEJIDO,Beige e sabbia,4,3-4 anni,approved_legend,SS,2023,false,Milano,1,1,0,0,0,3,,,1.16,review_multiple_candidates,review_required,,,,,28,4466:Fiocco Personaggi | 4449:Fiocco Fucsia | 4442:Fiocco Fantasia fiori | 4434:Fiocco elefantini | 4430:Fiocco Rapunzel | 4349:Cerchietto fantasia gatti | 2038:2049:Top double-face fantasia marina | 2038:2048:Top double-face fantasia marina,,
MAGAZZINO - PF PE23,224,PAN07TVS06YPE23,PAN07TVS06YPE23,,,,V752 SAND TEJIDO,Beige e sabbia,6,5-6 anni,approved_legend,SS,2023,false,Milano,1,1,0,0,0,3,,,1.16,review_multiple_candidates,review_required,,,,,17,4466:Fiocco Personaggi | 4449:Fiocco Fucsia | 4442:Fiocco Fantasia fiori | 4434:Fiocco elefantini | 4430:Fiocco Rapunzel | 4349:Cerchietto fantasia gatti | 1972:1996:Pantalone Cropped in Gabardina | 1910:1922:Camicia Smanicata fantasia Zebra,,
MAGAZZINO - PF PE23,225,PAN07TVS08YPE23,PAN07TVS08YPE23,,,,V752 SAND TEJIDO,Beige e sabbia,8,7-8 anni,approved_legend,SS,2023,false,Milano,1,1,0,0,0,3,,,1.16,review_multiple_candidates,review_required,,,,,16,4466:Fiocco Personaggi | 4449:Fiocco Fucsia | 4442:Fiocco Fantasia fiori | 4434:Fiocco elefantini | 4430:Fiocco Rapunzel | 4349:Cerchietto fantasia gatti | 1910:1923:Camicia Smanicata fantasia Zebra | 1303:Giacca in Denim,,
MAGAZZINO - PF PE23,227,PTM01RAB06YPE23,PTM01RAB06YPE23,,,,RAB,Antracite e grigio scuro,6,5-6 anni,approved_legend,SS,2023,false,Milano,0,0,0,0,,,,,,review_multiple_candidates,review_required,,,,,16,4466:Fiocco Personaggi | 4449:Fiocco Fucsia | 4442:Fiocco Fantasia fiori | 4434:Fiocco elefantini | 4430:Fiocco Rapunzel | 4349:Cerchietto fantasia gatti | 1972:1996:Pantalone Cropped in Gabardina | 1910:1922:Camicia Smanicata fantasia Zebra,,
MAGAZZINO - CAMPIONATURA AI23,3,,FW-2023-AI-PRODOTTO-3-4-ANNI-3,FARY-TSH01,,,,,4 ANNI,3-4 anni,approved_legend,AI,2023,true,Milano,1,1,0,0,21.5,8,,0,1.16,review_multiple_candidates,review_required,,,,,268,4761:4780:Pantaloncino in velluto | 4761:4769:Pantaloncino in velluto | 4761:4768:Pantaloncino in velluto | 4761:4767:Pantaloncino in velluto | 4715:4901:Fiocco Giraffe | 4715:4900:Fiocco Giraffe | 4659:4667:Cardigan fatto a mano | 4645:4647:Pantalone denim,,missing_color
MAGAZZINO - CAMPIONATURA AI23,4,,FW-2023-AI-PRODOTTO-3-4-ANNI-4,FARY-TSH01,,,,,4 ANNI,3-4 anni,approved_legend,AI,2023,true,Milano,1,1,0,0,21.5,8,,0,1.16,review_multiple_candidates,review_required,,,,,268,4761:4780:Pantaloncino in velluto | 4761:4769:Pantaloncino in velluto | 4761:4768:Pantaloncino in velluto | 4761:4767:Pantaloncino in velluto | 4715:4901:Fiocco Giraffe | 4715:4900:Fiocco Giraffe | 4659:4667:Cardigan fatto a mano | 4645:4647:Pantalone denim,,missing_color
MAGAZZINO - CAMPIONATURA AI23,5,,FW-2023-AI-PRODOTTO-3-4-ANNI-5,FARY-TSH04 -VER2),,,,,4 ANNI,3-4 anni,approved_legend,AI,2023,true,Milano,1,1,0,0,21.5,8,,0,1.16,review_multiple_candidates,review_required,,,,,268,4761:4780:Pantaloncino in velluto | 4761:4769:Pantaloncino in velluto | 4761:4768:Pantaloncino in velluto | 4761:4767:Pantaloncino in velluto | 4715:4901:Fiocco Giraffe | 4715:4900:Fiocco Giraffe | 4659:4667:Cardigan fatto a mano | 4645:4647:Pantalone denim,,missing_color
MAGAZZINO - CAMPIONATURA AI23,6,,FW-2023-AI-PRODOTTO-3-4-ANNI-6,FARY-TSH02,,,,,4 ANNI,3-4 anni,approved_legend,AI,2023,true,Milano,1,1,0,0,21.5,8,,0,1.16,review_multiple_candidates,review_required,,,,,268,4761:4780:Pantaloncino in velluto | 4761:4769:Pantaloncino in velluto | 4761:4768:Pantaloncino in velluto | 4761:4767:Pantaloncino in velluto | 4715:4901:Fiocco Giraffe | 4715:4900:Fiocco Giraffe | 4659:4667:Cardigan fatto a mano | 4645:4647:Pantalone denim,,missing_color
MAGAZZINO - CAMPIONATURA AI23,7,,FW-2023-AI-PRODOTTO-3-4-ANNI-7,FARY-TSH02,,,,,4 ANNI,3-4 anni,approved_legend,AI,2023,true,Milano,1,1,0,0,21.5,8,,0,1.16,review_multiple_candidates,review_required,,,,,268,4761:4780:Pantaloncino in velluto | 4761:4769:Pantaloncino in velluto | 4761:4768:Pantaloncino in velluto | 4761:4767:Pantaloncino in velluto | 4715:4901:Fiocco Giraffe | 4715:4900:Fiocco Giraffe | 4659:4667:Cardigan fatto a mano | 4645:4647:Pantalone denim,,missing_color
MAGAZZINO - CAMPIONATURA AI23,8,,FW-2023-AI-PRODOTTO-3-4-ANNI-8,FARY-TSH03,,,,,4 ANNI,3-4 anni,approved_legend,AI,2023,true,Milano,1,1,0,0,21.5,8,,0,1.16,review_multiple_candidates,review_required,,,,,268,4761:4780:Pantaloncino in velluto | 4761:4769:Pantaloncino in velluto | 4761:4768:Pantaloncino in velluto | 4761:4767:Pantaloncino in velluto | 4715:4901:Fiocco Giraffe | 4715:4900:Fiocco Giraffe | 4659:4667:Cardigan fatto a mano | 4645:4647:Pantalone denim,,missing_color
MAGAZZINO - CAMPIONATURA AI23,9,,FW-2023-AI-PRODOTTO-3-4-ANNI-9,FARY-TSH05,,,,,4 ANNI,3-4 anni,approved_legend,AI,2023,true,Milano,1,1,0,0,21.5,8,,0,1.16,review_multiple_candidates,review_required,,,,,268,4761:4780:Pantaloncino in velluto | 4761:4769:Pantaloncino in velluto | 4761:4768:Pantaloncino in velluto | 4761:4767:Pantaloncino in velluto | 4715:4901:Fiocco Giraffe | 4715:4900:Fiocco Giraffe | 4659:4667:Cardigan fatto a mano | 4645:4647:Pantalone denim,,missing_color
MAGAZZINO - CAMPIONATURA AI23,10,,FW-2023-AI-PRODOTTO-3-4-ANNI-10,FARY-TSH05,,,,,4 ANNI,3-4 anni,approved_legend,AI,2023,true,Milano,1,1,0,0,21.5,8,,0,1.16,review_multiple_candidates,review_required,,,,,268,4761:4780:Pantaloncino in velluto | 4761:4769:Pantaloncino in velluto | 4761:4768:Pantaloncino in velluto | 4761:4767:Pantaloncino in velluto | 4715:4901:Fiocco Giraffe | 4715:4900:Fiocco Giraffe | 4659:4667:Cardigan fatto a mano | 4645:4647:Pantalone denim,,missing_color
MAGAZZINO - CAMPIONATURA AI23,11,,FW-2023-AI-PRODOTTO-3-4-ANNI-11,FARY-TSH05,,,,,4 ANNI,3-4 anni,approved_legend,AI,2023,true,Milano,1,1,0,0,21.5,8,,0.2,1.16,review_multiple_candidates,review_required,,,,,268,4761:4780:Pantaloncino in velluto | 4761:4769:Pantaloncino in velluto | 4761:4768:Pantaloncino in velluto | 4761:4767:Pantaloncino in velluto | 4715:4901:Fiocco Giraffe | 4715:4900:Fiocco Giraffe | 4659:4667:Cardigan fatto a mano | 4645:4647:Pantalone denim,,missing_color
MAGAZZINO - CAMPIONATURA AI23,12,,FW-2023-AI-PRODOTTO-3-4-ANNI-12,FARY-CAM06,,,,,4 ANNI,3-4 anni,approved_legend,AI,2023,true,Milano,1,1,0,0,22,9,,0.2,1.16,review_multiple_candidates,review_required,,,,,268,4761:4780:Pantaloncino in velluto | 4761:4769:Pantaloncino in velluto | 4761:4768:Pantaloncino in velluto | 4761:4767:Pantaloncino in velluto | 4715:4901:Fiocco Giraffe | 4715:4900:Fiocco Giraffe | 4659:4667:Cardigan fatto a mano | 4645:4647:Pantalone denim,,missing_color
MAGAZZINO - CAMPIONATURA AI23,13,,FW-2023-AI-PRODOTTO-3-4-ANNI-13,FARY-CAM06,,,,,4 ANNI,3-4 anni,approved_legend,AI,2023,true,Milano,1,1,0,0,22,9,,0.2,1.16,review_multiple_candidates,review_required,,,,,268,4761:4780:Pantaloncino in velluto | 4761:4769:Pantaloncino in velluto | 4761:4768:Pantaloncino in velluto | 4761:4767:Pantaloncino in velluto | 4715:4901:Fiocco Giraffe | 4715:4900:Fiocco Giraffe | 4659:4667:Cardigan fatto a mano | 4645:4647:Pantalone denim,,missing_color
MAGAZZINO - CAMPIONATURA AI23,14,,FW-2023-AI-PRODOTTO-3-4-ANNI-14,FARY-PAN07,,,,,4 ANNI,3-4 anni,approved_legend,AI,2023,true,Milano,1,1,0,0,23.5,9,,0.2,1.16,review_multiple_candidates,review_required,,,,,268,4761:4780:Pantaloncino in velluto | 4761:4769:Pantaloncino in velluto | 4761:4768:Pantaloncino in velluto | 4761:4767:Pantaloncino in velluto | 4715:4901:Fiocco Giraffe | 4715:4900:Fiocco Giraffe | 4659:4667:Cardigan fatto a mano | 4645:4647:Pantalone denim,,missing_color
MAGAZZINO - CAMPIONATURA AI23,15,,FW-2023-AI-PRODOTTO-3-4-ANNI-15,FARY-PAN07,,,,,4 ANNI,3-4 anni,approved_legend,AI,2023,true,Milano,1,1,0,0,23.5,9,,0.2,1.16,review_multiple_candidates,review_required,,,,,268,4761:4780:Pantaloncino in velluto | 4761:4769:Pantaloncino in velluto | 4761:4768:Pantaloncino in velluto | 4761:4767:Pantaloncino in velluto | 4715:4901:Fiocco Giraffe | 4715:4900:Fiocco Giraffe | 4659:4667:Cardigan fatto a mano | 4645:4647:Pantalone denim,,missing_color
MAGAZZINO - CAMPIONATURA AI23,16,,FW-2023-AI-PRODOTTO-3-4-ANNI-16,FARY-PAN08,,,,,4 ANNI,3-4 anni,approved_legend,AI,2023,true,Milano,1,1,0,0,23.5,9,,0.2,1.16,review_multiple_candidates,review_required,,,,,268,4761:4780:Pantaloncino in velluto | 4761:4769:Pantaloncino in velluto | 4761:4768:Pantaloncino in velluto | 4761:4767:Pantaloncino in velluto | 4715:4901:Fiocco Giraffe | 4715:4900:Fiocco Giraffe | 4659:4667:Cardigan fatto a mano | 4645:4647:Pantalone denim,,missing_color
MAGAZZINO - CAMPIONATURA AI23,17,,FW-2023-AI-PRODOTTO-3-4-ANNI-17,FARY-PAN08,,,,,4 ANNI,3-4 anni,approved_legend,AI,2023,true,Milano,1,1,0,0,23.5,9,,0.2,1.16,review_multiple_candidates,review_required,,,,,268,4761:4780:Pantaloncino in velluto | 4761:4769:Pantaloncino in velluto | 4761:4768:Pantaloncino in velluto | 4761:4767:Pantaloncino in velluto | 4715:4901:Fiocco Giraffe | 4715:4900:Fiocco Giraffe | 4659:4667:Cardigan fatto a mano | 4645:4647:Pantalone denim,,missing_color
MAGAZZINO - CAMPIONATURA AI23,18,,FW-2023-AI-PRODOTTO-3-4-ANNI-18,FARY-PAN09,,,,,4 ANNI,3-4 anni,approved_legend,AI,2023,true,Milano,1,1,0,0,23.5,9,,0.2,1.16,review_multiple_candidates,review_required,,,,,268,4761:4780:Pantaloncino in velluto | 4761:4769:Pantaloncino in velluto | 4761:4768:Pantaloncino in velluto | 4761:4767:Pantaloncino in velluto | 4715:4901:Fiocco Giraffe | 4715:4900:Fiocco Giraffe | 4659:4667:Cardigan fatto a mano | 4645:4647:Pantalone denim,,missing_color
MAGAZZINO - CAMPIONATURA AI23,19,,FW-2023-AI-PRODOTTO-3-4-ANNI-19,FARY-PAN09,,,,,4 ANNI,3-4 anni,approved_legend,AI,2023,true,Milano,1,1,0,0,23.5,9,,0.2,1.16,review_multiple_candidates,review_required,,,,,268,4761:4780:Pantaloncino in velluto | 4761:4769:Pantaloncino in velluto | 4761:4768:Pantaloncino in velluto | 4761:4767:Pantaloncino in velluto | 4715:4901:Fiocco Giraffe | 4715:4900:Fiocco Giraffe | 4659:4667:Cardigan fatto a mano | 4645:4647:Pantalone denim,,missing_color
MAGAZZINO - CAMPIONATURA AI23,20,,FW-2023-AI-PRODOTTO-3-4-ANNI-20,FARY-CAM01,,,,,4 ANNI,3-4 anni,approved_legend,AI,2023,true,Milano,3,3,0,0,22,10,,0.2,1.16,review_multiple_candidates,review_required,,,,,268,4761:4780:Pantaloncino in velluto | 4761:4769:Pantaloncino in velluto | 4761:4768:Pantaloncino in velluto | 4761:4767:Pantaloncino in velluto | 4715:4901:Fiocco Giraffe | 4715:4900:Fiocco Giraffe | 4659:4667:Cardigan fatto a mano | 4645:4647:Pantalone denim,,missing_color
MAGAZZINO - CAMPIONATURA AI23,22,,FW-2023-AI-PRODOTTO-3-4-ANNI-22,PAN05,,,,,4 ANNI,3-4 anni,approved_legend,AI,2023,true,Milano,4,4,0,0,21,6,,0.2,1.16,review_multiple_candidates,review_required,,,,,268,4761:4780:Pantaloncino in velluto | 4761:4769:Pantaloncino in velluto | 4761:4768:Pantaloncino in velluto | 4761:4767:Pantaloncino in velluto | 4715:4901:Fiocco Giraffe | 4715:4900:Fiocco Giraffe | 4659:4667:Cardigan fatto a mano | 4645:4647:Pantalone denim,,missing_color
MAGAZZINO - CAMPIONATURA AI23,23,,FW-2023-AI-PRODOTTO-3-4-ANNI-23,PAN06,,,,,4 ANNI,3-4 anni,approved_legend,AI,2023,true,Milano,2,2,0,0,21,6,,0.2,1.16,review_multiple_candidates,review_required,,,,,268,4761:4780:Pantaloncino in velluto | 4761:4769:Pantaloncino in velluto | 4761:4768:Pantaloncino in velluto | 4761:4767:Pantaloncino in velluto | 4715:4901:Fiocco Giraffe | 4715:4900:Fiocco Giraffe | 4659:4667:Cardigan fatto a mano | 4645:4647:Pantalone denim,,missing_color
MAGAZZINO - CAMPIONATURA AI23,24,,FW-2023-AI-PRODOTTO-3-4-ANNI-24,FARY-AB06,,,,,4 ANNI,3-4 anni,approved_legend,AI,2023,true,Milano,1,1,0,0,23,14,,0.05,1.16,review_multiple_candidates,review_required,,,,,268,4761:4780:Pantaloncino in velluto | 4761:4769:Pantaloncino in velluto | 4761:4768:Pantaloncino in velluto | 4761:4767:Pantaloncino in velluto | 4715:4901:Fiocco Giraffe | 4715:4900:Fiocco Giraffe | 4659:4667:Cardigan fatto a mano | 4645:4647:Pantalone denim,,missing_color
MAGAZZINO - CAMPIONATURA AI23,25,,FW-2023-AI-PRODOTTO-3-4-ANNI-25,FARY-AB07,,,,,4 ANNI,3-4 anni,approved_legend,AI,2023,true,Milano,1,1,0,0,23,14,,0.05,1.16,review_multiple_candidates,review_required,,,,,268,4761:4780:Pantaloncino in velluto | 4761:4769:Pantaloncino in velluto | 4761:4768:Pantaloncino in velluto | 4761:4767:Pantaloncino in velluto | 4715:4901:Fiocco Giraffe | 4715:4900:Fiocco Giraffe | 4659:4667:Cardigan fatto a mano | 4645:4647:Pantalone denim,,missing_color
MAGAZZINO - CAMPIONATURA AI23,26,,FW-2023-AI-PRODOTTO-3-4-ANNI-26,FARY-AB08,,,,,4 ANNI,3-4 anni,approved_legend,AI,2023,true,Milano,1,1,0,0,23,14,,0.05,1.16,review_multiple_candidates,review_required,,,,,268,4761:4780:Pantaloncino in velluto | 4761:4769:Pantaloncino in velluto | 4761:4768:Pantaloncino in velluto | 4761:4767:Pantaloncino in velluto | 4715:4901:Fiocco Giraffe | 4715:4900:Fiocco Giraffe | 4659:4667:Cardigan fatto a mano | 4645:4647:Pantalone denim,,missing_color
MAGAZZINO - CAMPIONATURA AI23,27,,FW-2023-AI-PRODOTTO-3-4-ANNI-27,FARY-AB09,,,,,4 ANNI,3-4 anni,approved_legend,AI,2023,true,Milano,1,1,0,0,23,14,,0.05,1.16,review_multiple_candidates,review_required,,,,,268,4761:4780:Pantaloncino in velluto | 4761:4769:Pantaloncino in velluto | 4761:4768:Pantaloncino in velluto | 4761:4767:Pantaloncino in velluto | 4715:4901:Fiocco Giraffe | 4715:4900:Fiocco Giraffe | 4659:4667:Cardigan fatto a mano | 4645:4647:Pantalone denim,,missing_color
MAGAZZINO - CAMPIONATURA AI23,28,,FW-2023-AI-PRODOTTO-3-4-ANNI-28,FARY-AB05,,,,,4 ANNI,3-4 anni,approved_legend,AI,2023,true,Milano,3,3,0,0,21,10,,0,1.16,review_multiple_candidates,review_required,,,,,268,4761:4780:Pantaloncino in velluto | 4761:4769:Pantaloncino in velluto | 4761:4768:Pantaloncino in velluto | 4761:4767:Pantaloncino in velluto | 4715:4901:Fiocco Giraffe | 4715:4900:Fiocco Giraffe | 4659:4667:Cardigan fatto a mano | 4645:4647:Pantalone denim,,missing_color
MAGAZZINO - CAMPIONATURA AI23,29,,FW-2023-AI-PRODOTTO-3-4-ANNI-29,FARY-SAB01,,,,,4 ANNI,3-4 anni,approved_legend,AI,2023,true,Milano,2,2,0,0,21,10,,0,1.16,review_multiple_candidates,review_required,,,,,268,4761:4780:Pantaloncino in velluto | 4761:4769:Pantaloncino in velluto | 4761:4768:Pantaloncino in velluto | 4761:4767:Pantaloncino in velluto | 4715:4901:Fiocco Giraffe | 4715:4900:Fiocco Giraffe | 4659:4667:Cardigan fatto a mano | 4645:4647:Pantalone denim,,missing_color
MAGAZZINO - CAMPIONATURA AI23,30,,FW-2023-AI-PRODOTTO-3-4-ANNI-30,CAP01,,,,,4 ANNI,3-4 anni,approved_legend,AI,2023,true,Milano,3,3,0,0,0,5,,0,1.16,review_multiple_candidates,review_required,,,,,268,4761:4780:Pantaloncino in velluto | 4761:4769:Pantaloncino in velluto | 4761:4768:Pantaloncino in velluto | 4761:4767:Pantaloncino in velluto | 4715:4901:Fiocco Giraffe | 4715:4900:Fiocco Giraffe | 4659:4667:Cardigan fatto a mano | 4645:4647:Pantalone denim,,missing_color
MAGAZZINO - CAMPIONATURA AI23,31,,FW-2023-AI-PRODOTTO-3-4-ANNI-31,SCI01,,,,,4 ANNI,3-4 anni,approved_legend,AI,2023,true,Milano,2,2,0,0,0,4,,0,1.16,review_multiple_candidates,review_required,,,,,268,4761:4780:Pantaloncino in velluto | 4761:4769:Pantaloncino in velluto | 4761:4768:Pantaloncino in velluto | 4761:4767:Pantaloncino in velluto | 4715:4901:Fiocco Giraffe | 4715:4900:Fiocco Giraffe | 4659:4667:Cardigan fatto a mano | 4645:4647:Pantalone denim,,missing_color
MAGAZZINO - CAMPIONATURA AI23,32,,FW-2023-AI-PRODOTTO-3-4-ANNI-32,SCI02,,,,,4 ANNI,3-4 anni,approved_legend,AI,2023,true,Milano,3,3,0,0,0,4,,0,1.16,review_multiple_candidates,review_required,,,,,268,4761:4780:Pantaloncino in velluto | 4761:4769:Pantaloncino in velluto | 4761:4768:Pantaloncino in velluto | 4761:4767:Pantaloncino in velluto | 4715:4901:Fiocco Giraffe | 4715:4900:Fiocco Giraffe | 4659:4667:Cardigan fatto a mano | 4645:4647:Pantalone denim,,missing_color
MAGAZZINO - PF AI23 ACCESSORI,3,MOLLETTE01,MOLLETTE01,Mollette fiocco,MOLLETTA FIOCCO,fiocco,Ecru  (SRE),Ecru e lino naturale,OS,OS,approved_legend,AI,2023,false,Milano,23,23,0,0,2,0.2,,0.25,0,review_multiple_candidates,review_required,,,,,10,4466:Fiocco Personaggi | 4449:Fiocco Fucsia | 4442:Fiocco Fantasia fiori | 4434:Fiocco elefantini | 4430:Fiocco Rapunzel | 1303:Giacca in Denim | 849:Fiocco Rosa | 843:Fiocco Verde Principe Ranocchio,,
MAGAZZINO - PF AI23 ACCESSORI,4,MOLLETTE01,MOLLETTE01-2,Mollette fiocco,MOLLETTA FIOCCO,fiocco,Flowers (MTD),Fantasie: natura,OS,OS,approved_legend,AI,2023,false,Milano,27,27,0,0,2,0.2,,0.25,0,review_multiple_candidates,review_required,,,,,11,4466:Fiocco Personaggi | 4449:Fiocco Fucsia | 4442:Fiocco Fantasia fiori | 4434:Fiocco elefantini | 4430:Fiocco Rapunzel | 4405:Scrunchies in cotone - Fantasie: natura | 1303:Giacca in Denim | 849:Fiocco Rosa,,
MAGAZZINO - PF AI23 ACCESSORI,5,FIOCCO01,FIOCCO01-3,Fiocco grande,FIOCCO GRANDE,fiocco,Ecru,Ecru e lino naturale,OS,OS,approved_legend,AI,2023,false,Milano,6,6,0,0,3,0.4,,0.25,0,review_multiple_candidates,review_required,,,,,10,4466:Fiocco Personaggi | 4449:Fiocco Fucsia | 4442:Fiocco Fantasia fiori | 4434:Fiocco elefantini | 4430:Fiocco Rapunzel | 1303:Giacca in Denim | 849:Fiocco Rosa | 843:Fiocco Verde Principe Ranocchio,,
MAGAZZINO - PF AI23 ACCESSORI,6,FIOCCO01,FIOCCO01-4,Fiocco grande,FIOCCO GRANDE,fiocco,Flowers (MTD),Fantasie: natura,OS,OS,approved_legend,AI,2023,false,Milano,8,8,0,0,3,0.4,,0.25,0,review_multiple_candidates,review_required,,,,,11,4466:Fiocco Personaggi | 4449:Fiocco Fucsia | 4442:Fiocco Fantasia fiori | 4434:Fiocco elefantini | 4430:Fiocco Rapunzel | 4405:Scrunchies in cotone - Fantasie: natura | 1303:Giacca in Denim | 849:Fiocco Rosa,,
MAGAZZINO - PF AI23 ACCESSORI,7,FIOCCO01,FIOCCO01-5,Fiocco grande,FIOCCO GRANDE,fiocco,Fantasia Animali,Fantasie: animali,OS,OS,approved_legend,AI,2023,false,Milano,10,10,0,0,3,0,,0.25,0,review_multiple_candidates,review_required,,,,,10,4466:Fiocco Personaggi | 4449:Fiocco Fucsia | 4442:Fiocco Fantasia fiori | 4434:Fiocco elefantini | 4430:Fiocco Rapunzel | 1303:Giacca in Denim | 849:Fiocco Rosa | 843:Fiocco Verde Principe Ranocchio,,
MAGAZZINO - PF AI23 ACCESSORI,8,Cerchietto 01,CERCHIETTO-01,Cerchietto 2.5cm,CERCHIETTO COTONE,cerchietto,Ecru,Ecru e lino naturale,OS,OS,approved_legend,AI,2023,false,Milano,6,6,0,0,3,0.4,,0.25,0,review_multiple_candidates,review_required,,,,,7,4349:Cerchietto fantasia gatti | 1303:Giacca in Denim | 780:Fermaglio Flower | 775:Fermaglio Écru | 770:Cerchietto in cotone Flower | 765:Cerchietto in cotone Écru | 760:Cerchietto in cotone Fantasia Animali,,
MAGAZZINO - PF AI23 ACCESSORI,9,Cerchietto 01,CERCHIETTO-01-2,Cerchietto 2.5cm,CERCHIETTO COTONE,cerchietto,fantasia gatti,Fantasie: animali,OS,OS,approved_legend,AI,2023,false,Milano,9,9,0,0,3,0,,0.25,0,review_multiple_candidates,review_required,,,,,7,4349:Cerchietto fantasia gatti | 1303:Giacca in Denim | 780:Fermaglio Flower | 775:Fermaglio Écru | 770:Cerchietto in cotone Flower | 765:Cerchietto in cotone Écru | 760:Cerchietto in cotone Fantasia Animali,,
MAGAZZINO - PF AI23 ACCESSORI,10,Cerchietto 01,CERCHIETTO-01-3,Cerchietto 2.5cm,CERCHIETTO COTONE,cerchietto,Fantasia Animali,Fantasie: animali,OS,OS,approved_legend,AI,2023,false,Milano,10,10,0,0,3,0,,0.25,0,review_multiple_candidates,review_required,,,,,7,4349:Cerchietto fantasia gatti | 1303:Giacca in Denim | 780:Fermaglio Flower | 775:Fermaglio Écru | 770:Cerchietto in cotone Flower | 765:Cerchietto in cotone Écru | 760:Cerchietto in cotone Fantasia Animali,,
MAGAZZINO - PF AI23 ACCESSORI,11,Cerchietto 01,CERCHIETTO-01-4,Cerchietto 1 cm,CERCHIETTO COTONE,camicia,Flowers,Fantasie: natura,OS,,approved_legend,AI,2023,false,Milano,8,8,0,0,3,0.4,,0.25,0,review_multiple_candidates,review_required,,,,,51,4405:Scrunchies in cotone - Fantasie: natura | 2038:2049:Top double-face fantasia marina | 2038:2048:Top double-face fantasia marina | 2038:2047:Top double-face fantasia marina | 2038:2046:Top double-face fantasia marina | 2017:2030:Top double-face fantasia aquiloni | 2017:2029:Top double-face fantasia aquiloni | 2017:2028:Top double-face fantasia aquiloni,,missing_size
MAGAZZINO - PF AI23 ACCESSORI,12,FIOCCO02,FIOCCO02,Fiocco Piccolo,CERCHIETTO COTONE,fiocco,Ecru,Ecru e lino naturale,OS,OS,approved_legend,AI,2023,false,Milano,10,10,0,0,2,0,,0.25,0,review_multiple_candidates,review_required,,,,,10,4466:Fiocco Personaggi | 4449:Fiocco Fucsia | 4442:Fiocco Fantasia fiori | 4434:Fiocco elefantini | 4430:Fiocco Rapunzel | 1303:Giacca in Denim | 849:Fiocco Rosa | 843:Fiocco Verde Principe Ranocchio,,
MAGAZZINO - PF AI23 ACCESSORI,13,FIOCCO02,FIOCCO02-2,Fiocco Piccolo,CERCHIETTO COTONE,fiocco,Flowers,Fantasie: natura,OS,OS,approved_legend,AI,2023,false,Milano,10,10,0,0,2,0,,0.25,0,review_multiple_candidates,review_required,,,,,11,4466:Fiocco Personaggi | 4449:Fiocco Fucsia | 4442:Fiocco Fantasia fiori | 4434:Fiocco elefantini | 4430:Fiocco Rapunzel | 4405:Scrunchies in cotone - Fantasie: natura | 1303:Giacca in Denim | 849:Fiocco Rosa,,
MAGAZZINO - PF AI23 ACCESSORI,14,FIOCCO02,FIOCCO02-3,Fiocco Piccolo,CERCHIETTO COTONE,fiocco,Fantasia gatti,Fantasie: animali,OS,OS,approved_legend,AI,2023,false,Milano,10,10,0,0,2,0,,0.25,0,review_multiple_candidates,review_required,,,,,10,4466:Fiocco Personaggi | 4449:Fiocco Fucsia | 4442:Fiocco Fantasia fiori | 4434:Fiocco elefantini | 4430:Fiocco Rapunzel | 1303:Giacca in Denim | 849:Fiocco Rosa | 843:Fiocco Verde Principe Ranocchio,,
MAGAZZINO - PF AI23 ACCESSORI,15,Cerchietto 03,CERCHIETTO-03,Cerchietto 2.5,CERCHIETTO VELLUTO,cerchietto,VERDE,Verde bosco e scuri,OS,OS,approved_legend,AI,2023,false,Milano,10,10,0,0,3.5,0.5,,0.25,0,review_multiple_candidates,review_required,,,,,8,4381:Scrunchies in velluto - Verde bosco e scuri | 4349:Cerchietto fantasia gatti | 1303:Giacca in Denim | 780:Fermaglio Flower | 775:Fermaglio Écru | 770:Cerchietto in cotone Flower | 765:Cerchietto in cotone Écru | 760:Cerchietto in cotone Fantasia Animali,,
MAGAZZINO - PF AI23 ACCESSORI,16,Cerchietto 03,CERCHIETTO-03-2,Cerchietto 2.5,CERCHIETTO VELLUTO,cerchietto,ROSSO,Rosso e ciliegia,OS,OS,approved_legend,AI,2023,false,Milano,9,9,0,0,3.5,0.5,,0.25,0,review_multiple_candidates,review_required,,,,,10,4406:Scrunchies in cotone - Rosso e ciliegia | 4382:Scrunchies in velluto - Rosso e ciliegia | 4349:Cerchietto fantasia gatti | 1303:Giacca in Denim | 780:Fermaglio Flower | 775:Fermaglio Écru | 770:Cerchietto in cotone Flower | 765:Cerchietto in cotone Écru,,
MAGAZZINO - PF AI23 ACCESSORI,17,Cerchietto 03,CERCHIETTO-03-3,Cerchietto 2.5,CERCHIETTO VELLUTO,cerchietto,BLUETTE,Blu e azzurro intenso,OS,OS,approved_legend,AI,2023,false,Milano,10,10,0,0,3.5,0.5,,0.25,0,review_multiple_candidates,review_required,,,,,8,4385:Scrunchies in velluto - Blu e azzurro intenso | 4349:Cerchietto fantasia gatti | 1303:Giacca in Denim | 780:Fermaglio Flower | 775:Fermaglio Écru | 770:Cerchietto in cotone Flower | 765:Cerchietto in cotone Écru | 760:Cerchietto in cotone Fantasia Animali,,
MAGAZZINO - PF AI23 ACCESSORI,18,Cerchietto 03,CERCHIETTO-03-4,Cerchietto 2.5,CERCHIETTO VELLUTO,cerchietto,BORDEAUX,Bordeaux e mattone,OS,OS,approved_legend,AI,2023,false,Milano,4,4,0,0,3.5,0,,0.25,0,review_multiple_candidates,review_required,,,,,8,4349:Cerchietto fantasia gatti | 1303:Giacca in Denim | 780:Fermaglio Flower | 775:Fermaglio Écru | 770:Cerchietto in cotone Flower | 765:Cerchietto in cotone Écru | 760:Cerchietto in cotone Fantasia Animali | 709:4343:Cerchietti in velluto,,
MAGAZZINO - PF AI23 ACCESSORI,19,SCRUNCHIES,SCRUNCHIES-5,Elastico capelli,ELASTICO VELLUTO,scrunchies,VERDE (NCG),Verde bosco e scuri,OS,OS,approved_legend,AI,2023,false,Milano,21,21,0,0,0,0.4,,0.25,0,review_multiple_candidates,review_required,,,,,4,4381:Scrunchies in velluto - Verde bosco e scuri | 1303:Giacca in Denim | 780:Fermaglio Flower | 775:Fermaglio Écru,,
MAGAZZINO - PF AI23 ACCESSORI,20,SCRUNCHIES,SCRUNCHIES-6,Elastico capelli,ELASTICO VELLUTO,scrunchies,ROSSO,Rosso e ciliegia,OS,OS,approved_legend,AI,2023,false,Milano,18,18,0,0,0,0.4,,0.25,0,review_multiple_candidates,review_required,,,,,6,4406:Scrunchies in cotone - Rosso e ciliegia | 4382:Scrunchies in velluto - Rosso e ciliegia | 1303:Giacca in Denim | 780:Fermaglio Flower | 775:Fermaglio Écru | 709:4344:Cerchietti in velluto,,
MAGAZZINO - PF AI23 ACCESSORI,21,SCRUNCHIES,SCRUNCHIES-7,Elastico capelli,ELASTICO VELLUTO,scrunchies,BLUETTE,Blu e azzurro intenso,OS,OS,approved_legend,AI,2023,false,Milano,28,28,0,0,0,0,,0,0,review_multiple_candidates,review_required,,,,,4,4385:Scrunchies in velluto - Blu e azzurro intenso | 1303:Giacca in Denim | 780:Fermaglio Flower | 775:Fermaglio Écru,,
MAGAZZINO - PF AI23 ACCESSORI,22,SCRUNCHIES,SCRUNCHIES-8,Elastico capelli,ELASTICO VELLUTO,scrunchies,OCRA,Giallo e ocra,OS,OS,approved_legend,AI,2023,false,Milano,30,30,0,0,0,0,,0,0,review_multiple_candidates,review_required,,,,,6,4414:Scrunchies sfilacciati - Giallo e ocra | 4408:Scrunchies in cotone - Giallo e ocra | 4384:Scrunchies in velluto - Giallo e ocra | 1303:Giacca in Denim | 780:Fermaglio Flower | 775:Fermaglio Écru,,
MAGAZZINO - PF AI23 ACCESSORI,23,SCRUNCHIES,SCRUNCHIES-9,Elastico capelli,ELASTICO VELLUTO,scrunchies,ROSA,Rosa cipria e nude,OS,OS,approved_legend,AI,2023,false,Milano,28,28,0,0,0,0,,0,0,review_multiple_candidates,review_required,,,,,4,4383:Scrunchies in velluto - Rosa cipria e nude | 1303:Giacca in Denim | 780:Fermaglio Flower | 775:Fermaglio Écru,,
MAGAZZINO - T-SHIRT,3,BTS02SNT02Y22,BTS02SNT02Y22,,,,,,2,2 anni,approved_legend,,,false,Milano,0,0,0,0,8.7,6.32,,,1.16,review_multiple_candidates,review_required,,,,,217,4761:4779:Pantaloncino in velluto | 4761:4766:Pantaloncino in velluto | 4761:4765:Pantaloncino in velluto | 4761:4764:Pantaloncino in velluto | 4715:4901:Fiocco Giraffe | 4715:4900:Fiocco Giraffe | 4659:4666:Cardigan fatto a mano | 4645:4646:Pantalone denim,,missing_color|missing_or_nonseasonal_season|missing_year
MAGAZZINO - T-SHIRT,4,BTS02SNT03Y22,BTS02SNT03Y22,,,,,,3,3-4 anni,approved_legend,,,false,Milano,4,4,0,0,8.7,6.32,,,1.16,review_multiple_candidates,review_required,,,,,268,4761:4780:Pantaloncino in velluto | 4761:4769:Pantaloncino in velluto | 4761:4768:Pantaloncino in velluto | 4761:4767:Pantaloncino in velluto | 4715:4901:Fiocco Giraffe | 4715:4900:Fiocco Giraffe | 4659:4667:Cardigan fatto a mano | 4645:4647:Pantalone denim,,missing_color|missing_or_nonseasonal_season|missing_year
MAGAZZINO - T-SHIRT,5,BTS02SNT04Y22,BTS02SNT04Y22,,,,,,4,3-4 anni,approved_legend,,,false,Milano,0,0,0,0,8.7,6.32,,,1.16,review_multiple_candidates,review_required,,,,,268,4761:4780:Pantaloncino in velluto | 4761:4769:Pantaloncino in velluto | 4761:4768:Pantaloncino in velluto | 4761:4767:Pantaloncino in velluto | 4715:4901:Fiocco Giraffe | 4715:4900:Fiocco Giraffe | 4659:4667:Cardigan fatto a mano | 4645:4647:Pantalone denim,,missing_color|missing_or_nonseasonal_season|missing_year
MAGAZZINO - T-SHIRT,6,BTS02SNT06Y22,BTS02SNT06Y22,,,,,,6,5-6 anni,approved_legend,,,false,Milano,0,0,0,0,8.7,6.32,,,1.16,review_multiple_candidates,review_required,,,,,186,4761:4781:Pantaloncino in velluto | 4761:4772:Pantaloncino in velluto | 4761:4771:Pantaloncino in velluto | 4761:4770:Pantaloncino in velluto | 4715:4901:Fiocco Giraffe | 4715:4900:Fiocco Giraffe | 4659:4668:Cardigan fatto a mano | 4645:4648:Pantalone denim,,missing_color|missing_or_nonseasonal_season|missing_year
MAGAZZINO - T-SHIRT,7,BTS02SNT08Y22,BTS02SNT08Y22,,,,,,8,7-8 anni,approved_legend,,,false,Milano,0,0,0,0,8.7,6.32,,,1.16,review_multiple_candidates,review_required,,,,,182,4761:4782:Pantaloncino in velluto | 4761:4775:Pantaloncino in velluto | 4761:4774:Pantaloncino in velluto | 4761:4773:Pantaloncino in velluto | 4715:4901:Fiocco Giraffe | 4715:4900:Fiocco Giraffe | 4659:4669:Cardigan fatto a mano | 4645:4649:Pantalone denim,,missing_color|missing_or_nonseasonal_season|missing_year
MAGAZZINO - T-SHIRT,8,BTS02SNT10Y22,BTS02SNT10Y22,,,,,,10,9-10 anni,approved_legend,,,false,Milano,0,0,0,0,8.7,6.32,,,1.16,review_multiple_candidates,review_required,,,,,159,4761:4783:Pantaloncino in velluto | 4761:4778:Pantaloncino in velluto | 4761:4777:Pantaloncino in velluto | 4761:4776:Pantaloncino in velluto | 4715:4901:Fiocco Giraffe | 4715:4900:Fiocco Giraffe | 4659:4670:Cardigan fatto a mano | 4623:4635:Pantalone elegante oversize,,missing_color|missing_or_nonseasonal_season|missing_year
MAGAZZINO - T-SHIRT,9,BTS02SNT12Y22,BTS02SNT12Y22,,,,,,12,11-12 anni,approved_legend,,,false,Milano,0,0,0,0,8.7,6.32,,,1.16,review_multiple_candidates,review_required,,,,,62,4715:4901:Fiocco Giraffe | 4715:4900:Fiocco Giraffe | 4466:Fiocco Personaggi | 4449:Fiocco Fucsia | 4442:Fiocco Fantasia fiori | 4434:Fiocco elefantini | 4430:Fiocco Rapunzel | 4415:Scrunchies sfilacciati - Azzurro polvere e denim,,missing_color|missing_or_nonseasonal_season|missing_year
MAGAZZINO - T-SHIRT,10,BTS02SNT14Y22,BTS02SNT14Y22,,,,,,14,,pending_legend,,,false,Milano,0,0,0,0,8.7,6.32,,,1.16,review_unmapped_size,review_required,,,,,0,,,missing_size|size_not_available_in_current_site|missing_color|missing_or_nonseasonal_season|missing_year
MAGAZZINO - T-SHIRT,11,BTS02SNT16Y22,BTS02SNT16Y22,,,,,,16,,unsupported_size,,,false,Milano,0,0,0,0,8.7,6.32,,,1.16,review_unmapped_size,review_required,,,,,0,,,missing_size|size_not_available_in_current_site|missing_color|missing_or_nonseasonal_season|missing_year
MAGAZZINO - T-SHIRT,12,BTS02SNT18Y22,BTS02SNT18Y22,,,,,,18,,unsupported_size,,,false,Milano,0,0,0,0,8.7,6.32,,,1.16,review_unmapped_size,review_required,,,,,0,,,missing_size|size_not_available_in_current_site|missing_color|missing_or_nonseasonal_season|missing_year
MAGAZZINO - PF AI23,4,AB04NRT02YFW23,AB04NRT02YFW23,AB04,,,TANGO RED E3808-3029,Rosso e ciliegia,2 Y,2 anni,approved_legend,AI,2023,false,Milano,1,1,0,0,13,9.7,60041000,0,1.16,review_multiple_candidates,review_required,,,,,37,4761:4766:Pantaloncino in velluto | 4715:4901:Fiocco Giraffe | 4529:4549:Abito in velluto manica lunga | 4503:4517:Abito Anjeliy Smanicato in velluto | 4466:Fiocco Personaggi | 4449:Fiocco Fucsia | 4442:Fiocco Fantasia fiori | 4434:Fiocco elefantini,,
MAGAZZINO - PF AI23,5,AB04NRT04YFW23,AB04NRT04YFW23,AB04,,,TANGO RED E3808-3029,Rosso e ciliegia,4 Y,3-4 anni,approved_legend,AI,2023,false,Milano,2,2,0,0,13,9.7,60041000,0,1.16,review_multiple_candidates,review_required,,,,,45,4761:4769:Pantaloncino in velluto | 4715:4901:Fiocco Giraffe | 4529:4550:Abito in velluto manica lunga | 4503:4518:Abito Anjeliy Smanicato in velluto | 4466:Fiocco Personaggi | 4449:Fiocco Fucsia | 4442:Fiocco Fantasia fiori | 4434:Fiocco elefantini,,
MAGAZZINO - PF AI23,6,AB04NRT06YFW23,AB04NRT06YFW23,AB04,,,TANGO RED E3808-3029,Rosso e ciliegia,6Y,5-6 anni,approved_legend,AI,2023,false,Milano,3,3,0,0,13,9.7,60041000,0,1.16,review_multiple_candidates,review_required,,,,,29,4761:4772:Pantaloncino in velluto | 4715:4901:Fiocco Giraffe | 4529:4551:Abito in velluto manica lunga | 4503:4519:Abito Anjeliy Smanicato in velluto | 4466:Fiocco Personaggi | 4449:Fiocco Fucsia | 4442:Fiocco Fantasia fiori | 4434:Fiocco elefantini,,
MAGAZZINO - PF AI23,7,AB04NRT08YFW23,AB04NRT08YFW23,AB04,,,TANGO RED E3808-3029,Rosso e ciliegia,8Y,7-8 anni,approved_legend,AI,2023,false,Milano,2,2,0,0,13,9.7,60041000,0,1.16,review_multiple_candidates,review_required,,,,,28,4761:4775:Pantaloncino in velluto | 4715:4901:Fiocco Giraffe | 4529:4552:Abito in velluto manica lunga | 4503:4520:Abito Anjeliy Smanicato in velluto | 4466:Fiocco Personaggi | 4449:Fiocco Fucsia | 4442:Fiocco Fantasia fiori | 4434:Fiocco elefantini,,
MAGAZZINO - PF AI23,8,AB04NRT10YFW23,AB04NRT10YFW23,AB04,,,TANGO RED E3808-3029,Rosso e ciliegia,10Y,9-10 anni,approved_legend,AI,2023,false,Milano,3,3,0,0,13,9.7,60041000,0,1.16,review_multiple_candidates,review_required,,,,,27,4761:4778:Pantaloncino in velluto | 4715:4901:Fiocco Giraffe | 4529:4553:Abito in velluto manica lunga | 4503:4521:Abito Anjeliy Smanicato in velluto | 4466:Fiocco Personaggi | 4449:Fiocco Fucsia | 4442:Fiocco Fantasia fiori | 4434:Fiocco elefantini,,
MAGAZZINO - PF AI23,11,AB04NBB02YFW23,AB04NBB02YFW23,AB04,,,BLUE BONNET E3808-5062,Azzurro polvere e denim,2 Y,2 anni,approved_legend,AI,2023,false,Milano,2,2,0,0,13,9.7,60041000,0,1.16,matched_auto_sku,update_existing_meta,4503,4505,AB04NBB02YFW23,Abito Anjeliy Smanicato in velluto,1,4503:4505:Abito Anjeliy Smanicato in velluto,,
MAGAZZINO - PF AI23,12,AB04NBB04YFW23,AB04NBB04YFW23,AB04,,,BLUE BONNET E3808-5062,Azzurro polvere e denim,4 Y,3-4 anni,approved_legend,AI,2023,false,Milano,1,1,0,0,13,9.7,60041000,0,1.16,matched_auto_sku,update_existing_meta,4503,4506,AB04NBB04YFW23,Abito Anjeliy Smanicato in velluto,1,4503:4506:Abito Anjeliy Smanicato in velluto,,
MAGAZZINO - PF AI23,13,AB04NBB06YFW23,AB04NBB06YFW23,AB04,,,BLUE BONNET E3808-5062,Azzurro polvere e denim,6Y,5-6 anni,approved_legend,AI,2023,false,Milano,2,2,0,0,13,9.7,60041000,0,1.16,matched_auto_sku,update_existing_meta,4503,4507,AB04NBB06YFW23,Abito Anjeliy Smanicato in velluto,1,4503:4507:Abito Anjeliy Smanicato in velluto,,
MAGAZZINO - PF AI23,14,AB04NBB08YFW23,AB04NBB08YFW23,AB04,,,BLUE BONNET E3808-5062,Azzurro polvere e denim,8Y,7-8 anni,approved_legend,AI,2023,false,Milano,2,2,0,0,13,9.7,60041000,0,1.16,matched_auto_sku,update_existing_meta,4503,4508,AB04NBB08YFW23,Abito Anjeliy Smanicato in velluto,1,4503:4508:Abito Anjeliy Smanicato in velluto,,
MAGAZZINO - PF AI23,15,AB04NBB10YFW23,AB04NBB10YFW23,AB04,,,BLUE BONNET E3808-5062,Azzurro polvere e denim,10Y,9-10 anni,approved_legend,AI,2023,false,Milano,3,3,0,0,13,9.7,60041000,0,1.16,matched_auto_sku,update_existing_meta,4503,4509,AB04NBB10YFW23,Abito Anjeliy Smanicato in velluto,1,4503:4509:Abito Anjeliy Smanicato in velluto,,
MAGAZZINO - PF AI23,17,ROSA ANTICO VELLUTO,ROSA-ANTICO-VELLUTO,ABITO SMANICATO,,abito,RENAISSANCE ROSE.  NRR,Rosa cipria e nude,,,missing,AI,2023,false,Milano,0,0,0,0,,,1221,,,review_multiple_candidates,review_required,,,,,62,4503:4523:Abito Anjeliy Smanicato in velluto | 4503:4515:Abito Anjeliy Smanicato in velluto | 4503:4514:Abito Anjeliy Smanicato in velluto | 4503:4513:Abito Anjeliy Smanicato in velluto | 4503:4512:Abito Anjeliy Smanicato in velluto | 4503:4511:Abito Anjeliy Smanicato in velluto | 4503:4510:Abito Anjeliy Smanicato in velluto | 4383:Scrunchies in velluto - Rosa cipria e nude,,missing_size
MAGAZZINO - PF AI23,18,AB04NRR02YFW23,AB04NRR02YFW23,AB04,,,RENAI.ROSE E3808-3083,Rosa cipria e nude,2 Y,2 anni,approved_legend,AI,2023,false,Milano,1,1,0,0,13,9.7,,0,1.16,matched_auto_sku,update_existing_meta,4503,4511,AB04NRR02YFW23,Abito Anjeliy Smanicato in velluto,1,4503:4511:Abito Anjeliy Smanicato in velluto,,
MAGAZZINO - PF AI23,19,AB04NRR04YFW23,AB04NRR04YFW23,AB04,,,RENAI.ROSE E3808-3083,Rosa cipria e nude,4 Y,3-4 anni,approved_legend,AI,2023,false,Milano,3,3,0,0,13,9.7,,0,1.16,matched_auto_sku,update_existing_meta,4503,4512,AB04NRR04YFW23,Abito Anjeliy Smanicato in velluto,1,4503:4512:Abito Anjeliy Smanicato in velluto,,
MAGAZZINO - PF AI23,20,AB04NRR06YFW23,AB04NRR06YFW23,AB04,,,RENAI.ROSE E3808-3083,Rosa cipria e nude,6Y,5-6 anni,approved_legend,AI,2023,false,Milano,1,1,0,0,13,9.7,,0,1.16,matched_auto_sku,update_existing_meta,4503,4513,AB04NRR06YFW23,Abito Anjeliy Smanicato in velluto,1,4503:4513:Abito Anjeliy Smanicato in velluto,,
MAGAZZINO - PF AI23,21,AB04NRR08YFW23,AB04NRR08YFW23,AB04,,,RENAI.ROSE E3808-3083,Rosa cipria e nude,8Y,7-8 anni,approved_legend,AI,2023,false,Milano,1,1,0,0,13,9.7,,0,1.16,matched_auto_sku,update_existing_meta,4503,4514,AB04NRR08YFW23,Abito Anjeliy Smanicato in velluto,1,4503:4514:Abito Anjeliy Smanicato in velluto,,
MAGAZZINO - PF AI23,22,AB04NRR10YFW23,AB04NRR10YFW23,AB04,,,RENAI.ROSE E3808-3083,Rosa cipria e nude,10Y,9-10 anni,approved_legend,AI,2023,false,Milano,1,1,0,0,13,9.7,,0,1.16,matched_auto_sku,update_existing_meta,4503,4515,AB04NRR10YFW23,Abito Anjeliy Smanicato in velluto,1,4503:4515:Abito Anjeliy Smanicato in velluto,,
MAGAZZINO - PF AI23,25,AB06NSB02YFW23,AB06NSB02YFW23,FARY-AB06,,,SUDAN BROWN E3808-2021,Giallo e ocra,2 Y,2 anni,approved_legend,AI,2023,false,Milano,2,2,0,0,17,10.3,,0.0573,1.16,review_multiple_candidates,review_required,,,,,37,4761:4779:Pantaloncino in velluto | 4715:4900:Fiocco Giraffe | 4615:4617:Camicia a scacchi | 4563:4578:Sopravveste in velluto | 4529:4543:Abito in velluto manica lunga | 4466:Fiocco Personaggi | 4449:Fiocco Fucsia | 4442:Fiocco Fantasia fiori,,
MAGAZZINO - PF AI23,26,AB06NSB04YFW23,AB06NSB04YFW23,FARY-AB06,,,SUDAN BROWN E3808-2021,Giallo e ocra,4 Y,3-4 anni,approved_legend,AI,2023,false,Milano,2,2,0,0,17,10.3,,0.0573,1.16,review_multiple_candidates,review_required,,,,,44,4761:4780:Pantaloncino in velluto | 4715:4900:Fiocco Giraffe | 4615:4618:Camicia a scacchi | 4563:4580:Sopravveste in velluto | 4529:4544:Abito in velluto manica lunga | 4466:Fiocco Personaggi | 4449:Fiocco Fucsia | 4442:Fiocco Fantasia fiori,,
MAGAZZINO - PF AI23,27,AB06NSB06YFW23,AB06NSB06YFW23,FARY-AB06,,,SUDAN BROWN E3808-2021,Giallo e ocra,6Y,5-6 anni,approved_legend,AI,2023,false,Milano,2,2,0,0,17,10.3,,0.0573,1.16,review_multiple_candidates,review_required,,,,,29,4761:4781:Pantaloncino in velluto | 4715:4900:Fiocco Giraffe | 4615:4619:Camicia a scacchi | 4563:4582:Sopravveste in velluto | 4529:4545:Abito in velluto manica lunga | 4466:Fiocco Personaggi | 4449:Fiocco Fucsia | 4442:Fiocco Fantasia fiori,,
MAGAZZINO - PF AI23,28,AB06NSB08YFW23,AB06NSB08YFW23,FARY-AB06,,,SUDAN BROWN E3808-2021,Giallo e ocra,8Y,7-8 anni,approved_legend,AI,2023,false,Milano,2,2,0,0,17,10.3,,0.0573,1.16,review_multiple_candidates,review_required,,,,,28,4761:4782:Pantaloncino in velluto | 4715:4900:Fiocco Giraffe | 4615:4620:Camicia a scacchi | 4563:4584:Sopravveste in velluto | 4529:4546:Abito in velluto manica lunga | 4466:Fiocco Personaggi | 4449:Fiocco Fucsia | 4442:Fiocco Fantasia fiori,,
MAGAZZINO - PF AI23,29,AB06NSB10YFW23,AB06NSB10YFW23,FARY-AB06,,,SUDAN BROWN E3808-2021,Giallo e ocra,10Y,9-10 anni,approved_legend,AI,2023,false,Milano,2,2,0,0,17,10.3,,0.0573,1.16,review_multiple_candidates,review_required,,,,,27,4761:4783:Pantaloncino in velluto | 4715:4900:Fiocco Giraffe | 4615:4621:Camicia a scacchi | 4563:4586:Sopravveste in velluto | 4529:4547:Abito in velluto manica lunga | 4466:Fiocco Personaggi | 4449:Fiocco Fucsia | 4442:Fiocco Fantasia fiori,,
MAGAZZINO - PF AI23,32,AB06NCG02YFW23,AB06NCG02YFW23,FARY-AB06,,,CEDAR GREEN E3898-4033,Verde salvia e aloe,2 Y,2 anni,approved_legend,AI,2023,false,Milano,3,3,0,0,17,10.3,,0.0573,1.16,review_multiple_candidates,review_required,,,,,28,4466:Fiocco Personaggi | 4449:Fiocco Fucsia | 4442:Fiocco Fantasia fiori | 4434:Fiocco elefantini | 4430:Fiocco Rapunzel | 4349:Cerchietto fantasia gatti | 2038:2047:Top double-face fantasia marina | 2018:2034:Abito da cerimonia,,
MAGAZZINO - PF AI23,33,AB06NCG04YFW23,AB06NCG04YFW23,FARY-AB06,,,CEDAR GREEN E3898-4033,Verde salvia e aloe,4 Y,3-4 anni,approved_legend,AI,2023,false,Milano,2,2,0,0,17,10.3,,0.0573,1.16,review_multiple_candidates,review_required,,,,,31,4466:Fiocco Personaggi | 4449:Fiocco Fucsia | 4442:Fiocco Fantasia fiori | 4434:Fiocco elefantini | 4430:Fiocco Rapunzel | 4349:Cerchietto fantasia gatti | 2038:2049:Top double-face fantasia marina | 2038:2048:Top double-face fantasia marina,,
MAGAZZINO - PF AI23,34,AB06NCG06YFW23,AB06NCG06YFW23,FARY-AB06,,,CEDAR GREEN E3898-4033,Verde salvia e aloe,6Y,5-6 anni,approved_legend,AI,2023,false,Milano,3,3,0,0,17,10.3,,0.0573,1.16,review_multiple_candidates,review_required,,,,,19,4466:Fiocco Personaggi | 4449:Fiocco Fucsia | 4442:Fiocco Fantasia fiori | 4434:Fiocco elefantini | 4430:Fiocco Rapunzel | 4349:Cerchietto fantasia gatti | 1972:1996:Pantalone Cropped in Gabardina | 1910:1922:Camicia Smanicata fantasia Zebra,,
MAGAZZINO - PF AI23,35,AB06NCG08YFW23,AB06NCG08YFW23,FARY-AB06,,,CEDAR GREEN E3898-4033,Verde salvia e aloe,8Y,7-8 anni,approved_legend,AI,2023,false,Milano,1,1,0,0,17,10.3,,0.0573,1.16,review_multiple_candidates,review_required,,,,,18,4466:Fiocco Personaggi | 4449:Fiocco Fucsia | 4442:Fiocco Fantasia fiori | 4434:Fiocco elefantini | 4430:Fiocco Rapunzel | 4349:Cerchietto fantasia gatti | 1910:1923:Camicia Smanicata fantasia Zebra | 1303:Giacca in Denim,,
MAGAZZINO - PF AI23,36,AB06NCG10YFW23,AB06NCG10YFW23,FARY-AB06,,,CEDAR GREEN E3898-4033,Verde salvia e aloe,10Y,9-10 anni,approved_legend,AI,2023,false,Milano,2,2,0,0,17,10.3,,0.0573,1.16,review_multiple_candidates,review_required,,,,,17,4466:Fiocco Personaggi | 4449:Fiocco Fucsia | 4442:Fiocco Fantasia fiori | 4434:Fiocco elefantini | 4430:Fiocco Rapunzel | 4349:Cerchietto fantasia gatti | 1303:Giacca in Denim | 892:942:Felpa Lilo,,
MAGAZZINO - PF AI23,39,AB06NRD02YFW23,AB06NRD02YFW23,FARY-AB06,,,TANGO RED E3808 - 3083,Rosso e ciliegia,2 Y,2 anni,approved_legend,AI,2023,false,Milano,2,2,0,0,17,10.3,92,0.17,1.16,matched_auto_sku,update_existing_meta,4503,4517,AB06NRD02YFW23,Abito Anjeliy Smanicato in velluto,1,4503:4517:Abito Anjeliy Smanicato in velluto,,
MAGAZZINO - PF AI23,40,AB06NRD04YFW23,AB06NRD04YFW23,FARY-AB06,,,TANGO RED E3808 - 3083,Rosso e ciliegia,4 Y,3-4 anni,approved_legend,AI,2023,false,Milano,3,3,0,0,17,10.3,93,0.17,1.16,matched_auto_sku,update_existing_meta,4503,4518,AB06NRD04YFW23,Abito Anjeliy Smanicato in velluto,1,4503:4518:Abito Anjeliy Smanicato in velluto,,
MAGAZZINO - PF AI23,41,AB06NRD06YFW23,AB06NRD06YFW23,FARY-AB06,,,TANGO RED E3808 - 3083,Rosso e ciliegia,6Y,5-6 anni,approved_legend,AI,2023,false,Milano,1,1,0,0,17,10.3,94,0.17,1.16,matched_auto_sku,update_existing_meta,4503,4519,AB06NRD06YFW23,Abito Anjeliy Smanicato in velluto,1,4503:4519:Abito Anjeliy Smanicato in velluto,,
MAGAZZINO - PF AI23,42,AB06NRD08YFW23,AB06NRD08YFW23,FARY-AB06,,,TANGO RED E3808 - 3083,Rosso e ciliegia,8Y,7-8 anni,approved_legend,AI,2023,false,Milano,2,2,0,0,17,10.3,95,0.17,1.16,matched_auto_sku,update_existing_meta,4503,4520,AB06NRD08YFW23,Abito Anjeliy Smanicato in velluto,1,4503:4520:Abito Anjeliy Smanicato in velluto,,
MAGAZZINO - PF AI23,43,AB06NRD10YFW23,AB06NRD10YFW23,FARY-AB06,,,TANGO RED E3808 - 3083,Rosso e ciliegia,10Y,9-10 anni,approved_legend,AI,2023,false,Milano,4,4,0,0,17,10.3,96,0.17,1.16,matched_auto_sku,update_existing_meta,4503,4521,AB06NRD10YFW23,Abito Anjeliy Smanicato in velluto,1,4503:4521:Abito Anjeliy Smanicato in velluto,,
MAGAZZINO - PF AI23,46,AB08PAG02YFW23,AB08PAG02YFW23,FARY-AB08,,,Fantasia Animali,Fantasie: animali,2 Y,2 anni,approved_legend,AI,2023,false,Milano,0,0,0,0,15,16,,0.17,1.16,matched_auto_sku,update_existing_meta,4591,4597,AB08PAG02YFW23,Abito Fantasia animali,1,4591:4597:Abito Fantasia animali,,
MAGAZZINO - PF AI23,47,AB08PAG04YFW23,AB08PAG04YFW23,FARY-AB08,,,Fantasia Animali,Fantasie: animali,4 Y,3-4 anni,approved_legend,AI,2023,false,Milano,1,1,0,0,15,16,,0.17,1.16,matched_auto_sku,update_existing_meta,4591,4598,AB08PAG04YFW23,Abito Fantasia animali,1,4591:4598:Abito Fantasia animali,,
MAGAZZINO - PF AI23,48,AB08PAG06YFW23,AB08PAG06YFW23,FARY-AB08,,,Fantasia Animali,Fantasie: animali,6Y,5-6 anni,approved_legend,AI,2023,false,Milano,1,1,0,0,15,16,,0.17,1.16,matched_auto_sku,update_existing_meta,4591,4599,AB08PAG06YFW23,Abito Fantasia animali,1,4591:4599:Abito Fantasia animali,,
MAGAZZINO - PF AI23,49,AB08PAG08YFW23,AB08PAG08YFW23,FARY-AB08,,,Fantasia Animali,Fantasie: animali,8Y,7-8 anni,approved_legend,AI,2023,false,Milano,0,0,0,0,15,16,,0.17,1.16,matched_auto_sku,update_existing_meta,4591,4600,AB08PAG08YFW23,Abito Fantasia animali,1,4591:4600:Abito Fantasia animali,,
MAGAZZINO - PF AI23,50,AB08PAG10YFW23,AB08PAG10YFW23,FARY-AB08,,,Fantasia Animali,Fantasie: animali,10Y,9-10 anni,approved_legend,AI,2023,false,Milano,1,1,0,0,15,16,,0.17,1.16,matched_auto_sku,update_existing_meta,4591,4601,AB08PAG10YFW23,Abito Fantasia animali,1,4591:4601:Abito Fantasia animali,,
MAGAZZINO - PF AI23,53,SAB02NSB02YFW23,SAB02NSB02YFW23,FARY SAB- 02,,,SUDAN BROWN E3808-2021,Giallo e ocra,2 Y,2 anni,approved_legend,AI,2023,false,Milano,1,1,0,0,13,9.5,,0,1.16,review_multiple_candidates,review_required,,,,,37,4761:4779:Pantaloncino in velluto | 4715:4900:Fiocco Giraffe | 4615:4617:Camicia a scacchi | 4563:4578:Sopravveste in velluto | 4529:4543:Abito in velluto manica lunga | 4466:Fiocco Personaggi | 4449:Fiocco Fucsia | 4442:Fiocco Fantasia fiori,,
MAGAZZINO - PF AI23,54,SAB02NSB04YFW23,SAB02NSB04YFW23,FARY SAB- 02,,,SUDAN BROWN E3808-2021,Giallo e ocra,4 Y,3-4 anni,approved_legend,AI,2023,false,Milano,2,2,0,0,13,9.5,,0,1.16,review_multiple_candidates,review_required,,,,,44,4761:4780:Pantaloncino in velluto | 4715:4900:Fiocco Giraffe | 4615:4618:Camicia a scacchi | 4563:4580:Sopravveste in velluto | 4529:4544:Abito in velluto manica lunga | 4466:Fiocco Personaggi | 4449:Fiocco Fucsia | 4442:Fiocco Fantasia fiori,,
MAGAZZINO - PF AI23,55,SAB02NSB06YFW23,SAB02NSB06YFW23,FARY SAB- 02,,,SUDAN BROWN E3808-2021,Giallo e ocra,6Y,5-6 anni,approved_legend,AI,2023,false,Milano,1,1,0,0,13,9.5,,0,1.16,review_multiple_candidates,review_required,,,,,29,4761:4781:Pantaloncino in velluto | 4715:4900:Fiocco Giraffe | 4615:4619:Camicia a scacchi | 4563:4582:Sopravveste in velluto | 4529:4545:Abito in velluto manica lunga | 4466:Fiocco Personaggi | 4449:Fiocco Fucsia | 4442:Fiocco Fantasia fiori,,
MAGAZZINO - PF AI23,56,SAB02NSB08YFW23,SAB02NSB08YFW23,FARY SAB- 02,,,SUDAN BROWN E3808-2021,Giallo e ocra,8Y,7-8 anni,approved_legend,AI,2023,false,Milano,1,1,0,0,13,9.5,,0,1.16,review_multiple_candidates,review_required,,,,,28,4761:4782:Pantaloncino in velluto | 4715:4900:Fiocco Giraffe | 4615:4620:Camicia a scacchi | 4563:4584:Sopravveste in velluto | 4529:4546:Abito in velluto manica lunga | 4466:Fiocco Personaggi | 4449:Fiocco Fucsia | 4442:Fiocco Fantasia fiori,,
MAGAZZINO - PF AI23,57,SAB02NSB10YFW23,SAB02NSB10YFW23,FARY SAB- 02,,,SUDAN BROWN E3808-2021,Giallo e ocra,10Y,9-10 anni,approved_legend,AI,2023,false,Milano,3,3,0,0,13,9.5,,0,1.16,review_multiple_candidates,review_required,,,,,27,4761:4783:Pantaloncino in velluto | 4715:4900:Fiocco Giraffe | 4615:4621:Camicia a scacchi | 4563:4586:Sopravveste in velluto | 4529:4547:Abito in velluto manica lunga | 4466:Fiocco Personaggi | 4449:Fiocco Fucsia | 4442:Fiocco Fantasia fiori,,
MAGAZZINO - PF AI23,60,SAB02NCG02YFW23,SAB02NCG02YFW23,FARY SAB- 02,,,CEDAR GREEN E3898-4033,Verde salvia e aloe,2 Y,2 anni,approved_legend,AI,2023,false,Milano,1,1,0,0,13,9.5,68951,0,1.16,review_multiple_candidates,review_required,,,,,28,4466:Fiocco Personaggi | 4449:Fiocco Fucsia | 4442:Fiocco Fantasia fiori | 4434:Fiocco elefantini | 4430:Fiocco Rapunzel | 4349:Cerchietto fantasia gatti | 2038:2047:Top double-face fantasia marina | 2018:2034:Abito da cerimonia,,
MAGAZZINO - PF AI23,61,SAB02NCG04YFW23,SAB02NCG04YFW23,FARY SAB- 02,,,CEDAR GREEN E3898-4033,Verde salvia e aloe,4 Y,3-4 anni,approved_legend,AI,2023,false,Milano,2,2,0,0,13,9.5,68951,0,1.16,review_multiple_candidates,review_required,,,,,31,4466:Fiocco Personaggi | 4449:Fiocco Fucsia | 4442:Fiocco Fantasia fiori | 4434:Fiocco elefantini | 4430:Fiocco Rapunzel | 4349:Cerchietto fantasia gatti | 2038:2049:Top double-face fantasia marina | 2038:2048:Top double-face fantasia marina,,
MAGAZZINO - PF AI23,62,SAB02NCG06YFW23,SAB02NCG06YFW23,FARY SAB- 02,,,CEDAR GREEN E3898-4033,Verde salvia e aloe,6Y,5-6 anni,approved_legend,AI,2023,false,Milano,1,1,0,0,13,9.5,68951,0,1.16,review_multiple_candidates,review_required,,,,,19,4466:Fiocco Personaggi | 4449:Fiocco Fucsia | 4442:Fiocco Fantasia fiori | 4434:Fiocco elefantini | 4430:Fiocco Rapunzel | 4349:Cerchietto fantasia gatti | 1972:1996:Pantalone Cropped in Gabardina | 1910:1922:Camicia Smanicata fantasia Zebra,,
MAGAZZINO - PF AI23,63,SAB02NCG08YFW23,SAB02NCG08YFW23,FARY SAB- 02,,,CEDAR GREEN E3898-4033,Verde salvia e aloe,8Y,7-8 anni,approved_legend,AI,2023,false,Milano,1,1,0,0,13,9.5,68951,0,1.16,review_multiple_candidates,review_required,,,,,18,4466:Fiocco Personaggi | 4449:Fiocco Fucsia | 4442:Fiocco Fantasia fiori | 4434:Fiocco elefantini | 4430:Fiocco Rapunzel | 4349:Cerchietto fantasia gatti | 1910:1923:Camicia Smanicata fantasia Zebra | 1303:Giacca in Denim,,
MAGAZZINO - PF AI23,64,SAB02NCG10YFW23,SAB02NCG10YFW23,FARY SAB- 02,,,CEDAR GREEN E3898-4033,Verde salvia e aloe,10Y,9-10 anni,approved_legend,AI,2023,false,Milano,2,2,0,0,13,9.5,68951,0,1.16,review_multiple_candidates,review_required,,,,,17,4466:Fiocco Personaggi | 4449:Fiocco Fucsia | 4442:Fiocco Fantasia fiori | 4434:Fiocco elefantini | 4430:Fiocco Rapunzel | 4349:Cerchietto fantasia gatti | 1303:Giacca in Denim | 892:942:Felpa Lilo,,
MAGAZZINO - PF AI23,67,FCM01TPR02YFW23,FCM01TPR02YFW23,FARY-CAM01,,,FANTASIA TEJIDO SRE091,Fantasie: natura,2 Y,2 anni,approved_legend,AI,2023,false,Milano,1,1,0,0,12,5.3,,0.343,1.16,matched_auto_sku,update_existing_meta,4153,4237,FCM01TPR02YFW23,Camicia con colletto in velluto,1,4153:4237:Camicia con colletto in velluto,,
MAGAZZINO - PF AI23,68,FCM01TPR04YFW23,FCM01TPR04YFW23-2,FARY-CAM01,,,FANTASIA TEJIDO SRE091,Fantasie: natura,4 Y,3-4 anni,approved_legend,AI,2023,false,Milano,2,2,0,0,12,5.3,,0.343,1.16,review_sku_attribute_conflict,review_required,,,,,1,4153:4239:Camicia con colletto in velluto,,
MAGAZZINO - PF AI23,69,FCM01TPR06YFW23,FCM01TPR06YFW23,FARY-CAM01,,,FANTASIA TEJIDO SRE091,Fantasie: natura,6Y,5-6 anni,approved_legend,AI,2023,false,Milano,2,2,0,0,12,5.3,,0.343,1.16,review_multiple_candidates,review_required,,,,,21,4466:Fiocco Personaggi | 4449:Fiocco Fucsia | 4442:Fiocco Fantasia fiori | 4434:Fiocco elefantini | 4430:Fiocco Rapunzel | 4405:Scrunchies in cotone - Fantasie: natura | 4349:Cerchietto fantasia gatti | 1972:1996:Pantalone Cropped in Gabardina,,
MAGAZZINO - PF AI23,70,FCM01TPR08YFW23,FCM01TPR08YFW23,FARY-CAM01,,,FANTASIA TEJIDO SRE091,Fantasie: natura,8Y,7-8 anni,approved_legend,AI,2023,false,Milano,2,2,0,0,12,5.3,,0.343,1.16,matched_auto_sku,update_existing_meta,4153,4240,FCM01TPR08YFW23,Camicia con colletto in velluto,1,4153:4240:Camicia con colletto in velluto,,
MAGAZZINO - PF AI23,71,FCM01TPR10YFW23,FCM01TPR10YFW23,FARY-CAM01,,,FANTASIA TEJIDO SRE091,Fantasie: natura,10Y,9-10 anni,approved_legend,AI,2023,false,Milano,2,2,0,0,12,5.3,,0.343,1.16,matched_auto_sku,update_existing_meta,4153,4241,FCM01TPR10YFW23,Camicia con colletto in velluto,1,4153:4241:Camicia con colletto in velluto,,
MAGAZZINO - PF AI23,74,FCM01TPB02YFW23,FCM01TPB02YFW23,FARY-CAM01,,,FANTASIA TEJIDO SRE091,Fantasie: natura,2 Y,2 anni,approved_legend,AI,2023,false,Milano,1,1,0,0,12,5.3,,0.343,1.16,review_multiple_candidates,review_required,,,,,29,4466:Fiocco Personaggi | 4449:Fiocco Fucsia | 4442:Fiocco Fantasia fiori | 4434:Fiocco elefantini | 4430:Fiocco Rapunzel | 4405:Scrunchies in cotone - Fantasie: natura | 4349:Cerchietto fantasia gatti | 2038:2047:Top double-face fantasia marina,,
MAGAZZINO - PF AI23,75,FCM01TPB04YFW23,FCM01TPB04YFW23,FARY-CAM01,,,FANTASIA TEJIDO SRE091,Fantasie: natura,4 Y,3-4 anni,approved_legend,AI,2023,false,Milano,1,1,0,0,12,5.3,,0.343,1.16,review_multiple_candidates,review_required,,,,,35,4466:Fiocco Personaggi | 4449:Fiocco Fucsia | 4442:Fiocco Fantasia fiori | 4434:Fiocco elefantini | 4430:Fiocco Rapunzel | 4405:Scrunchies in cotone - Fantasie: natura | 4349:Cerchietto fantasia gatti | 2038:2049:Top double-face fantasia marina,,
MAGAZZINO - PF AI23,76,FCM01TPB06YFW23,FCM01TPB06YFW23,FARY-CAM01,,,FANTASIA TEJIDO SRE091,Fantasie: natura,6Y,5-6 anni,approved_legend,AI,2023,false,Milano,1,1,0,0,12,5.3,,0.343,1.16,review_multiple_candidates,review_required,,,,,21,4466:Fiocco Personaggi | 4449:Fiocco Fucsia | 4442:Fiocco Fantasia fiori | 4434:Fiocco elefantini | 4430:Fiocco Rapunzel | 4405:Scrunchies in cotone - Fantasie: natura | 4349:Cerchietto fantasia gatti | 1972:1996:Pantalone Cropped in Gabardina,,
MAGAZZINO - PF AI23,77,FCM01TPB08YFW23,FCM01TPB08YFW23,FARY-CAM01,,,FANTASIA TEJIDO SRE091,Fantasie: natura,8Y,7-8 anni,approved_legend,AI,2023,false,Milano,2,2,0,0,12,5.3,,0.343,1.16,review_multiple_candidates,review_required,,,,,20,4466:Fiocco Personaggi | 4449:Fiocco Fucsia | 4442:Fiocco Fantasia fiori | 4434:Fiocco elefantini | 4430:Fiocco Rapunzel | 4405:Scrunchies in cotone - Fantasie: natura | 4349:Cerchietto fantasia gatti | 1968:1987:Abito smanicato Fantasia,,
MAGAZZINO - PF AI23,78,FCM01TPB10YFW23,FCM01TPB10YFW23,FARY-CAM01,,,FANTASIA TEJIDO SRE091,Fantasie: natura,10Y,9-10 anni,approved_legend,AI,2023,false,Milano,2,2,0,0,12,5.3,,0.343,1.16,review_multiple_candidates,review_required,,,,,18,4466:Fiocco Personaggi | 4449:Fiocco Fucsia | 4442:Fiocco Fantasia fiori | 4434:Fiocco elefantini | 4430:Fiocco Rapunzel | 4405:Scrunchies in cotone - Fantasie: natura | 4349:Cerchietto fantasia gatti | 1968:1988:Abito smanicato Fantasia,,
MAGAZZINO - PF AI23,81,FCM01TPR02YFW23,FCM01TPR02YFW23,FARY-CAM01,,,FANTASIA TEJIDO MTD 68951,Fantasie: natura,2 Y,2 anni,approved_legend,AI,2023,false,Milano,0,0,0,0,12,5.3,,0.343,1.16,matched_auto_sku,update_existing_meta,4153,4237,FCM01TPR02YFW23,Camicia con colletto in velluto,1,4153:4237:Camicia con colletto in velluto,,
MAGAZZINO - PF AI23,82,FCM01TPR04YFW23,FCM01TPR04YFW23-3,FARY-CAM01,,,FANTASIA TEJIDO MTD 68951,Fantasie: natura,4 Y,3-4 anni,approved_legend,AI,2023,false,Milano,2,2,0,0,12,5.3,,0.343,1.16,review_sku_attribute_conflict,review_required,,,,,1,4153:4239:Camicia con colletto in velluto,,
MAGAZZINO - PF AI23,83,FCM01TPR06YFW23,FCM01TPR06YFW23-2,FARY-CAM01,,,FANTASIA TEJIDO MTD 68951,Fantasie: natura,6Y,5-6 anni,approved_legend,AI,2023,false,Milano,2,2,0,0,12,5.3,,0.343,1.16,review_multiple_candidates,review_required,,,,,21,4466:Fiocco Personaggi | 4449:Fiocco Fucsia | 4442:Fiocco Fantasia fiori | 4434:Fiocco elefantini | 4430:Fiocco Rapunzel | 4405:Scrunchies in cotone - Fantasie: natura | 4349:Cerchietto fantasia gatti | 1972:1996:Pantalone Cropped in Gabardina,,
MAGAZZINO - PF AI23,84,FCM01TPR08YFW23,FCM01TPR08YFW23,FARY-CAM01,,,FANTASIA TEJIDO MTD 68951,Fantasie: natura,8Y,7-8 anni,approved_legend,AI,2023,false,Milano,2,2,0,0,12,5.3,,0.343,1.16,matched_auto_sku,update_existing_meta,4153,4240,FCM01TPR08YFW23,Camicia con colletto in velluto,1,4153:4240:Camicia con colletto in velluto,,
MAGAZZINO - PF AI23,85,FCM01TPR10YFW23,FCM01TPR10YFW23,FARY-CAM01,,,FANTASIA TEJIDO MTD 68951,Fantasie: natura,10Y,9-10 anni,approved_legend,AI,2023,false,Milano,2,2,0,0,12,5.3,,0.343,1.16,matched_auto_sku,update_existing_meta,4153,4241,FCM01TPR10YFW23,Camicia con colletto in velluto,1,4153:4241:Camicia con colletto in velluto,,
MAGAZZINO - PF AI23,88,FCM01TPG02YFW23,FCM01TPG02YFW23,FARY-CAM01,,,FANTASIA TEJIDO MTD 68951,Fantasie: natura,2 Y,2 anni,approved_legend,AI,2023,false,Milano,1,1,0,0,12,5.3,,0.343,1.16,matched_auto_sku,update_existing_meta,4153,4243,FCM01TPG02YFW23,Camicia con colletto in velluto,1,4153:4243:Camicia con colletto in velluto,,
MAGAZZINO - PF AI23,89,FCM01TPG04YFW23,FCM01TPG04YFW23,FARY-CAM01,,,FANTASIA TEJIDO MTD 68951,Fantasie: natura,4 Y,3-4 anni,approved_legend,AI,2023,false,Milano,0,0,0,0,12,5.3,,0.343,1.16,matched_auto_sku,update_existing_meta,4153,4244,FCM01TPG04YFW23,Camicia con colletto in velluto,1,4153:4244:Camicia con colletto in velluto,,
MAGAZZINO - PF AI23,90,FCM01TPG06YFW23,FCM01TPG06YFW23,FARY-CAM01,,,FANTASIA TEJIDO MTD 68951,Fantasie: natura,6Y,5-6 anni,approved_legend,AI,2023,false,Milano,2,2,0,0,12,5.3,,0.343,1.16,matched_auto_sku,update_existing_meta,4153,4245,FCM01TPG06YFW23,Camicia con colletto in velluto,1,4153:4245:Camicia con colletto in velluto,,
MAGAZZINO - PF AI23,91,FCM01TPG08YFW23,FCM01TPG08YFW23,FARY-CAM01,,,FANTASIA TEJIDO MTD 68951,Fantasie: natura,8Y,7-8 anni,approved_legend,AI,2023,false,Milano,1,1,0,0,12,5.3,,0.343,1.16,matched_auto_sku,update_existing_meta,4153,4246,FCM01TPG08YFW23,Camicia con colletto in velluto,1,4153:4246:Camicia con colletto in velluto,,
MAGAZZINO - PF AI23,92,FCM01TPG10YFW23,FCM01TPG10YFW23,FARY-CAM01,,,FANTASIA TEJIDO MTD 68951,Fantasie: natura,10Y,9-10 anni,approved_legend,AI,2023,false,Milano,2,2,0,0,12,5.3,,0.343,1.16,matched_auto_sku,update_existing_meta,4153,4247,FCM01TPG10YFW23,Camicia con colletto in velluto,1,4153:4247:Camicia con colletto in velluto,,
MAGAZZINO - PF AI23,95,FCM01STB02YFW23,FCM01STB02YFW23,FARY-CAM01,,,CPP3830-9145 Flanell Karo,Antracite e grigio scuro,2 Y,2 anni,approved_legend,AI,2023,false,Milano,1,1,0,0,12,9,,0.343,1.16,matched_auto_sku,update_existing_meta,4252,4254,FCM01STB02YFW23,Camicia Scacchi con colletto in velluto,1,4252:4254:Camicia Scacchi con colletto in velluto,,
MAGAZZINO - PF AI23,96,FCM01STB04YFW23,FCM01STB04YFW23,FARY-CAM01,,,CPP3830-9145 Flanell Karo,Antracite e grigio scuro,4 Y,3-4 anni,approved_legend,AI,2023,false,Milano,2,2,0,0,12,9,,0.343,1.16,matched_auto_sku,update_existing_meta,4252,4255,FCM01STB04YFW23,Camicia Scacchi con colletto in velluto,1,4252:4255:Camicia Scacchi con colletto in velluto,,
MAGAZZINO - PF AI23,97,FCM01TST06YFW23,FCM01TST06YFW23,FARY-CAM01,,,CPP3830-9145 Flanell Karo,Antracite e grigio scuro,6Y,5-6 anni,approved_legend,AI,2023,false,Milano,1,1,0,0,12,9,,0.343,1.16,review_multiple_candidates,review_required,,,,,16,4466:Fiocco Personaggi | 4449:Fiocco Fucsia | 4442:Fiocco Fantasia fiori | 4434:Fiocco elefantini | 4430:Fiocco Rapunzel | 4349:Cerchietto fantasia gatti | 1972:1996:Pantalone Cropped in Gabardina | 1910:1922:Camicia Smanicata fantasia Zebra,,
MAGAZZINO - PF AI23,98,FCM01TST08YFW23,FCM01TST08YFW23,FARY-CAM01,,,CPP3830-9145 Flanell Karo,Antracite e grigio scuro,8Y,7-8 anni,approved_legend,AI,2023,false,Milano,0,0,0,0,12,9,,0.343,1.16,review_multiple_candidates,review_required,,,,,15,4466:Fiocco Personaggi | 4449:Fiocco Fucsia | 4442:Fiocco Fantasia fiori | 4434:Fiocco elefantini | 4430:Fiocco Rapunzel | 4349:Cerchietto fantasia gatti | 1910:1923:Camicia Smanicata fantasia Zebra | 1303:Giacca in Denim,,
MAGAZZINO - PF AI23,99,FCM01TST10YFW23,FCM01TST10YFW23,FARY-CAM01,,,CPP3830-9145 Flanell Karo,Antracite e grigio scuro,10Y,9-10 anni,approved_legend,AI,2023,false,Milano,3,3,0,0,12,9,,0.343,1.16,review_multiple_candidates,review_required,,,,,14,4466:Fiocco Personaggi | 4449:Fiocco Fucsia | 4442:Fiocco Fantasia fiori | 4434:Fiocco elefantini | 4430:Fiocco Rapunzel | 4349:Cerchietto fantasia gatti | 1303:Giacca in Denim | 849:Fiocco Rosa,,
MAGAZZINO - PF AI23,103,PAN06TRT02YFW23,PAN06TRT02YFW23,PAN06 VERS GON,,,TANGO RED E3808-3029,Rosso e ciliegia,2 Y,2 anni,approved_legend,AI,2023,false,Milano,2,2,0,0,12,4.85,91,0,1.16,matched_auto_sku,update_existing_meta,4761,4766,PAN06TRT02YFW23,Pantaloncino in velluto,1,4761:4766:Pantaloncino in velluto,,
MAGAZZINO - PF AI23,104,PAN06TRT04YFW23,PAN06TRT04YFW23,PAN06 VERS GON,,,TANGO RED E3808-3029,Rosso e ciliegia,4 Y,3-4 anni,approved_legend,AI,2023,false,Milano,3,3,0,0,12,4.85,91,0,1.16,matched_auto_sku,update_existing_meta,4761,4769,PAN06TRT04YFW23,Pantaloncino in velluto,1,4761:4769:Pantaloncino in velluto,,
MAGAZZINO - PF AI23,105,PAN06TRT06YFW23,PAN06TRT06YFW23,PAN06 VERS GON,,,TANGO RED E3808-3029,Rosso e ciliegia,6Y,5-6 anni,approved_legend,AI,2023,false,Milano,3,3,0,0,12,4.85,91,0,1.16,matched_auto_sku,update_existing_meta,4761,4772,PAN06TRT06YFW23,Pantaloncino in velluto,1,4761:4772:Pantaloncino in velluto,,
MAGAZZINO - PF AI23,106,PAN06TRT08YFW23,PAN06TRT08YFW23,PAN06 VERS GON,,,TANGO RED E3808-3029,Rosso e ciliegia,8Y,7-8 anni,approved_legend,AI,2023,false,Milano,3,3,0,0,12,4.85,91,0,1.16,matched_auto_sku,update_existing_meta,4761,4775,PAN06TRT08YFW23,Pantaloncino in velluto,1,4761:4775:Pantaloncino in velluto,,
MAGAZZINO - PF AI23,107,PAN06TRT10YFW23,PAN06TRT10YFW23,PAN06 VERS GON,,,TANGO RED E3808-3029,Rosso e ciliegia,10Y,9-10 anni,approved_legend,AI,2023,false,Milano,3,3,0,0,12,4.85,91,0,1.16,matched_auto_sku,update_existing_meta,4761,4778,PAN06TRT10YFW23,Pantaloncino in velluto,1,4761:4778:Pantaloncino in velluto,,
MAGAZZINO - PF AI23,111,PAN06TPB02YFW23,PAN06TPB02YFW23,PAN06 VERS GON,,,FANTASIA TEJIDO SRE091,Fantasie: natura,2 Y,2 anni,approved_legend,AI,2023,false,Milano,2,2,0,0,12,4.85,,0,1.16,matched_auto_sku,update_existing_meta,4761,4764,PAN06TPB02YFW23,Pantaloncino in velluto,1,4761:4764:Pantaloncino in velluto,,
MAGAZZINO - PF AI23,112,PAN06TPB04YFW23,PAN06TPB04YFW23,PAN06 VERS GON,,,FANTASIA TEJIDO SRE091,Fantasie: natura,4 Y,3-4 anni,approved_legend,AI,2023,false,Milano,3,3,0,0,12,4.85,,0,1.16,matched_auto_sku,update_existing_meta,4761,4767,PAN06TPB04YFW23,Pantaloncino in velluto,1,4761:4767:Pantaloncino in velluto,,
MAGAZZINO - PF AI23,113,PAN06TPB06YFW23,PAN06TPB06YFW23,PAN06 VERS GON,,,FANTASIA TEJIDO SRE091,Fantasie: natura,6Y,5-6 anni,approved_legend,AI,2023,false,Milano,3,3,0,0,12,4.85,,0,1.16,matched_auto_sku,update_existing_meta,4761,4770,PAN06TPB06YFW23,Pantaloncino in velluto,1,4761:4770:Pantaloncino in velluto,,
MAGAZZINO - PF AI23,114,PAN06TPB08YFW23,PAN06TPB08YFW23,PAN06 VERS GON,,,FANTASIA TEJIDO SRE091,Fantasie: natura,8Y,7-8 anni,approved_legend,AI,2023,false,Milano,3,3,0,0,12,4.85,,0,1.16,matched_auto_sku,update_existing_meta,4761,4773,PAN06TPB08YFW23,Pantaloncino in velluto,1,4761:4773:Pantaloncino in velluto,,
MAGAZZINO - PF AI23,115,PAN06TPB10YFW23,PAN06TPB10YFW23,PAN06 VERS GON,,,FANTASIA TEJIDO SRE091,Fantasie: natura,10Y,9-10 anni,approved_legend,AI,2023,false,Milano,3,3,0,0,12,4.85,,0,1.16,matched_auto_sku,update_existing_meta,4761,4776,PAN06TPB10YFW23,Pantaloncino in velluto,1,4761:4776:Pantaloncino in velluto,,
MAGAZZINO - PF AI23,117,,FW-2023-AI-PRODOTTO-X-117,R=ROSA R=RENA T=TEJIDO,,,,,,,missing,AI,2023,false,Milano,0,0,0,0,,,12,,,new_hidden_draft_candidate,create_hidden_draft_candidate,,,,,0,,,missing_size|missing_color
MAGAZZINO - PF AI23,118,PAN06RRT02YFW23,PAN06RRT02YFW23,PAN06 VERS GON,,,RENAI.ROSE E3808-3083,Rosa cipria e nude,2 Y,2 anni,approved_legend,AI,2023,false,Milano,1,1,0,0,12,4.85,68951,0,1.16,matched_auto_sku,update_existing_meta,4761,4765,PAN06RRT02YFW23,Pantaloncino in velluto,1,4761:4765:Pantaloncino in velluto,,
MAGAZZINO - PF AI23,119,PAN06RRT04YFW23,PAN06RRT04YFW23,PAN06 VERS GON,,,RENAI.ROSE E3808-3083,Rosa cipria e nude,4 Y,3-4 anni,approved_legend,AI,2023,false,Milano,3,3,0,0,12,4.85,68951,0,1.16,matched_auto_sku,update_existing_meta,4761,4768,PAN06RRT04YFW23,Pantaloncino in velluto,1,4761:4768:Pantaloncino in velluto,,
MAGAZZINO - PF AI23,120,PAN06RRT06YFW23,PAN06RRT06YFW23,PAN06 VERS GON,,,RENAI.ROSE E3808-3083,Rosa cipria e nude,6Y,5-6 anni,approved_legend,AI,2023,false,Milano,2,2,0,0,12,4.85,68951,0,1.16,matched_auto_sku,update_existing_meta,4761,4771,PAN06RRT06YFW23,Pantaloncino in velluto,1,4761:4771:Pantaloncino in velluto,,
MAGAZZINO - PF AI23,121,PAN06RRT08YFW23,PAN06RRT08YFW23,PAN06 VERS GON,,,RENAI.ROSE E3808-3083,Rosa cipria e nude,8Y,7-8 anni,approved_legend,AI,2023,false,Milano,2,2,0,0,12,4.85,68951,0,1.16,matched_auto_sku,update_existing_meta,4761,4774,PAN06RRT08YFW23,Pantaloncino in velluto,1,4761:4774:Pantaloncino in velluto,,
MAGAZZINO - PF AI23,122,PAN06RRT10YFW23,PAN06RRT10YFW23,PAN06 VERS GON,,,RENAI.ROSE E3808-3083,Rosa cipria e nude,10Y,9-10 anni,approved_legend,AI,2023,false,Milano,2,2,0,0,12,4.85,68951,0,1.16,matched_auto_sku,update_existing_meta,4761,4777,PAN06RRT10YFW23,Pantaloncino in velluto,1,4761:4777:Pantaloncino in velluto,,
MAGAZZINO - PF AI23,125,PAN06STB02YFW23,PAN06STB02YFW23,PAN06 VERS GON,,,SUDAN BROWN E3808-2021,Giallo e ocra,2 Y,2 anni,approved_legend,AI,2023,false,Milano,0,0,0,0,12,4.85,3830,0,1.16,matched_auto_sku,update_existing_meta,4761,4779,PAN06STB02YFW23,Pantaloncino in velluto,1,4761:4779:Pantaloncino in velluto,,
MAGAZZINO - PF AI23,126,PAN06STB04YFW23,PAN06STB04YFW23,PAN06 VERS GON,,,SUDAN BROWN E3808-2021,Giallo e ocra,4 Y,3-4 anni,approved_legend,AI,2023,false,Milano,1,1,0,0,12,4.85,3830,0,1.16,matched_auto_sku,update_existing_meta,4761,4780,PAN06STB04YFW23,Pantaloncino in velluto,1,4761:4780:Pantaloncino in velluto,,
MAGAZZINO - PF AI23,127,PAN06STB06YFW23,PAN06STB06YFW23,PAN06 VERS GON,,,SUDAN BROWN E3808-2021,Giallo e ocra,6Y,5-6 anni,approved_legend,AI,2023,false,Milano,0,0,0,0,12,4.85,3830,0,1.16,matched_auto_sku,update_existing_meta,4761,4781,PAN06STB06YFW23,Pantaloncino in velluto,1,4761:4781:Pantaloncino in velluto,,
MAGAZZINO - PF AI23,128,PAN06STB08YFW23,PAN06STB08YFW23,PAN06 VERS GON,,,SUDAN BROWN E3808-2021,Giallo e ocra,8Y,7-8 anni,approved_legend,AI,2023,false,Milano,0,0,0,0,12,4.85,3830,0,1.16,matched_auto_sku,update_existing_meta,4761,4782,PAN06STB08YFW23,Pantaloncino in velluto,1,4761:4782:Pantaloncino in velluto,,
MAGAZZINO - PF AI23,129,PAN06STB10YFW23,PAN06STB10YFW23,PAN06 VERS GON,,,SUDAN BROWN E3808-2021,Giallo e ocra,10Y,9-10 anni,approved_legend,AI,2023,false,Milano,2,2,0,0,12,4.85,3830,0,1.16,matched_auto_sku,update_existing_meta,4761,4783,PAN06STB10YFW23,Pantaloncino in velluto,1,4761:4783:Pantaloncino in velluto,,
MAGAZZINO - PF AI23,133,CAM06PAG02YFW23,CAM06PAG02YFW23,FARY-CAM06,,,B3828 POPLINE ALLOVER,Fantasie: animali,2 Y,2 anni,approved_legend,AI,2023,false,Milano,1,1,0,0,13,10.1,,0.343,1.16,matched_auto_sku,update_existing_meta,4604,4606,CAM06PAG02YFW23,Camicia fantasia animali,1,4604:4606:Camicia fantasia animali,,
MAGAZZINO - PF AI23,134,CAM06PAG04YFW23,CAM06PAG04YFW23,FARY-CAM06,,,B3828 POPLINE ALLOVER,Fantasie: animali,4 Y,3-4 anni,approved_legend,AI,2023,false,Milano,0,0,0,0,13,10.1,,0.343,1.16,matched_auto_sku,update_existing_meta,4604,4607,CAM06PAG04YFW23,Camicia fantasia animali,1,4604:4607:Camicia fantasia animali,,
MAGAZZINO - PF AI23,135,CAM06PAG06YFW23,CAM06PAG06YFW23,FARY-CAM06,,,B3828 POPLINE ALLOVER,Fantasie: animali,6Y,5-6 anni,approved_legend,AI,2023,false,Milano,0,0,0,0,13,10.1,,0.343,1.16,matched_auto_sku,update_existing_meta,4604,4608,CAM06PAG06YFW23,Camicia fantasia animali,1,4604:4608:Camicia fantasia animali,,
MAGAZZINO - PF AI23,136,CAM06PAG08YFW23,CAM06PAG08YFW23,FARY-CAM06,,,B3828 POPLINE ALLOVER,Fantasie: animali,8Y,7-8 anni,approved_legend,AI,2023,false,Milano,1,1,0,0,13,10.1,,0.343,1.16,matched_auto_sku,update_existing_meta,4604,4609,CAM06PAG08YFW23,Camicia fantasia animali,1,4604:4609:Camicia fantasia animali,,
MAGAZZINO - PF AI23,137,CAM06PAG10YFW23,CAM06PAG10YFW23,FARY-CAM06,,,B3828 POPLINE ALLOVER,Fantasie: animali,10Y,9-10 anni,approved_legend,AI,2023,false,Milano,2,2,0,0,13,10.1,,0.343,1.16,matched_auto_sku,update_existing_meta,4604,4610,CAM06PAG10YFW23,Camicia fantasia animali,1,4604:4610:Camicia fantasia animali,,
MAGAZZINO - PF AI23,140,CAM06STK02YFW23,CAM06STK02YFW23,FARY-CAM06,,,"P3830 SOFT TWILL,KARO",Fantasie: natura,2 Y,2 anni,approved_legend,AI,2023,false,Milano,0,0,0,0,13,9,,0.343,1.16,review_multiple_candidates,review_required,,,,,29,4466:Fiocco Personaggi | 4449:Fiocco Fucsia | 4442:Fiocco Fantasia fiori | 4434:Fiocco elefantini | 4430:Fiocco Rapunzel | 4405:Scrunchies in cotone - Fantasie: natura | 4349:Cerchietto fantasia gatti | 2038:2047:Top double-face fantasia marina,,
MAGAZZINO - PF AI23,141,CAM06STK04YFW23,CAM06STK04YFW23,FARY-CAM06,,,"P3830 SOFT TWILL,KARO",Fantasie: natura,4 Y,3-4 anni,approved_legend,AI,2023,false,Milano,0,0,0,0,13,9,,0.343,1.16,review_multiple_candidates,review_required,,,,,35,4466:Fiocco Personaggi | 4449:Fiocco Fucsia | 4442:Fiocco Fantasia fiori | 4434:Fiocco elefantini | 4430:Fiocco Rapunzel | 4405:Scrunchies in cotone - Fantasie: natura | 4349:Cerchietto fantasia gatti | 2038:2049:Top double-face fantasia marina,,
MAGAZZINO - PF AI23,142,CAM06STK06YFW23,CAM06STK06YFW23,FARY-CAM06,,,"P3830 SOFT TWILL,KARO",Fantasie: natura,6Y,5-6 anni,approved_legend,AI,2023,false,Milano,0,0,0,0,13,9,,0.343,1.16,review_multiple_candidates,review_required,,,,,21,4466:Fiocco Personaggi | 4449:Fiocco Fucsia | 4442:Fiocco Fantasia fiori | 4434:Fiocco elefantini | 4430:Fiocco Rapunzel | 4405:Scrunchies in cotone - Fantasie: natura | 4349:Cerchietto fantasia gatti | 1972:1996:Pantalone Cropped in Gabardina,,
MAGAZZINO - PF AI23,143,CAM06STK08YFW23,CAM06STK08YFW23,FARY-CAM06,,,"P3830 SOFT TWILL,KARO",Fantasie: natura,8Y,7-8 anni,approved_legend,AI,2023,false,Milano,0,0,0,0,13,9,,0.343,1.16,review_multiple_candidates,review_required,,,,,20,4466:Fiocco Personaggi | 4449:Fiocco Fucsia | 4442:Fiocco Fantasia fiori | 4434:Fiocco elefantini | 4430:Fiocco Rapunzel | 4405:Scrunchies in cotone - Fantasie: natura | 4349:Cerchietto fantasia gatti | 1968:1987:Abito smanicato Fantasia,,
MAGAZZINO - PF AI23,144,CAM06STK10YFW23,CAM06STK10YFW23,FARY-CAM06,,,"P3830 SOFT TWILL,KARO",Fantasie: natura,10Y,9-10 anni,approved_legend,AI,2023,false,Milano,1,1,0,0,13,9,,0.343,1.16,review_multiple_candidates,review_required,,,,,18,4466:Fiocco Personaggi | 4449:Fiocco Fucsia | 4442:Fiocco Fantasia fiori | 4434:Fiocco elefantini | 4430:Fiocco Rapunzel | 4405:Scrunchies in cotone - Fantasie: natura | 4349:Cerchietto fantasia gatti | 1968:1988:Abito smanicato Fantasia,,
MAGAZZINO - PF AI23,147,PAN07CIG02YFW23,PAN07CIG02YFW23,FARY-PAN07,,,IVEY GREEN O444-4018,Verde bosco e scuri,2 Y,2 anni,approved_legend,AI,2023,false,Milano,0,0,0,0,13,10,,0,1.16,review_multiple_candidates,review_required,,,,,31,4623:4627:Pantalone elegante oversize | 4563:4579:Sopravveste in velluto | 4529:4557:Abito in velluto manica lunga | 4466:Fiocco Personaggi | 4449:Fiocco Fucsia | 4442:Fiocco Fantasia fiori | 4434:Fiocco elefantini | 4430:Fiocco Rapunzel,,
MAGAZZINO - PF AI23,148,PAN07CIG04YFW23,PAN07CIG04YFW23,FARY-PAN07,,,IVEY GREEN O444-4018,Verde bosco e scuri,4 Y,3-4 anni,approved_legend,AI,2023,false,Milano,0,0,0,0,13,10,,0,1.16,review_multiple_candidates,review_required,,,,,33,4623:4629:Pantalone elegante oversize | 4563:4581:Sopravveste in velluto | 4529:4558:Abito in velluto manica lunga | 4466:Fiocco Personaggi | 4449:Fiocco Fucsia | 4442:Fiocco Fantasia fiori | 4434:Fiocco elefantini | 4430:Fiocco Rapunzel,,
MAGAZZINO - PF AI23,149,PAN07CIG06YFW23,PAN07CIG06YFW23,FARY-PAN07,,,IVEY GREEN O444-4018,Verde bosco e scuri,6Y,5-6 anni,approved_legend,AI,2023,false,Milano,0,0,0,0,13,10,,0,1.16,review_multiple_candidates,review_required,,,,,21,4623:4631:Pantalone elegante oversize | 4563:4583:Sopravveste in velluto | 4529:4559:Abito in velluto manica lunga | 4466:Fiocco Personaggi | 4449:Fiocco Fucsia | 4442:Fiocco Fantasia fiori | 4434:Fiocco elefantini | 4430:Fiocco Rapunzel,,
MAGAZZINO - PF AI23,150,PAN07CIG08YFW23,PAN07CIG08YFW23,FARY-PAN07,,,IVEY GREEN O444-4018,Verde bosco e scuri,8Y,7-8 anni,approved_legend,AI,2023,false,Milano,1,1,0,0,13,10,,0,1.16,review_multiple_candidates,review_required,,,,,20,4623:4633:Pantalone elegante oversize | 4563:4585:Sopravveste in velluto | 4529:4560:Abito in velluto manica lunga | 4466:Fiocco Personaggi | 4449:Fiocco Fucsia | 4442:Fiocco Fantasia fiori | 4434:Fiocco elefantini | 4430:Fiocco Rapunzel,,
MAGAZZINO - PF AI23,151,PAN07CIG10YFW23,PAN07CIG10YFW23,FARY-PAN07,,,IVEY GREEN O444-4018,Verde bosco e scuri,10Y,9-10 anni,approved_legend,AI,2023,false,Milano,1,1,0,0,13,10,,0,1.16,review_multiple_candidates,review_required,,,,,19,4623:4635:Pantalone elegante oversize | 4563:4587:Sopravveste in velluto | 4529:4561:Abito in velluto manica lunga | 4466:Fiocco Personaggi | 4449:Fiocco Fucsia | 4442:Fiocco Fantasia fiori | 4434:Fiocco elefantini | 4430:Fiocco Rapunzel,,
MAGAZZINO - PF AI23,154,PAN07STK02YFW23,PAN07STK02YFW23,FARY-PAN07,,,CAPPUCCINO O4444 2018,Marrone e mocha,2 Y,2 anni,approved_legend,AI,2023,false,Milano,0,0,0,0,0,0,3830,0,0,review_multiple_candidates,review_required,,,,,28,4623:4626:Pantalone elegante oversize | 4466:Fiocco Personaggi | 4449:Fiocco Fucsia | 4442:Fiocco Fantasia fiori | 4434:Fiocco elefantini | 4430:Fiocco Rapunzel | 4349:Cerchietto fantasia gatti | 4252:4254:Camicia Scacchi con colletto in velluto,,
MAGAZZINO - PF AI23,155,PAN07STK04YFW23,PAN07STK04YFW23,FARY-PAN07,,,CAPPUCCINO O4444 2018,Marrone e mocha,4 Y,3-4 anni,approved_legend,AI,2023,false,Milano,0,0,0,0,13,10,3830,0,1.16,review_multiple_candidates,review_required,,,,,31,4623:4628:Pantalone elegante oversize | 4466:Fiocco Personaggi | 4449:Fiocco Fucsia | 4442:Fiocco Fantasia fiori | 4434:Fiocco elefantini | 4430:Fiocco Rapunzel | 4349:Cerchietto fantasia gatti | 4252:4255:Camicia Scacchi con colletto in velluto,,
MAGAZZINO - PF AI23,156,PAN07STK06YFW23,PAN07STK06YFW23,FARY-PAN07,,,CAPPUCCINO O4444 2018,Marrone e mocha,6Y,5-6 anni,approved_legend,AI,2023,false,Milano,0,0,0,0,13,10,3830,0,1.16,review_multiple_candidates,review_required,,,,,19,4623:4630:Pantalone elegante oversize | 4466:Fiocco Personaggi | 4449:Fiocco Fucsia | 4442:Fiocco Fantasia fiori | 4434:Fiocco elefantini | 4430:Fiocco Rapunzel | 4349:Cerchietto fantasia gatti | 4252:4256:Camicia Scacchi con colletto in velluto,,
MAGAZZINO - PF AI23,157,PAN07STK08YFW23,PAN07STK08YFW23,FARY-PAN07,,,CAPPUCCINO O4444 2018,Marrone e mocha,8Y,7-8 anni,approved_legend,AI,2023,false,Milano,0,0,0,0,13,10,3830,0,1.16,review_multiple_candidates,review_required,,,,,18,4623:4632:Pantalone elegante oversize | 4466:Fiocco Personaggi | 4449:Fiocco Fucsia | 4442:Fiocco Fantasia fiori | 4434:Fiocco elefantini | 4430:Fiocco Rapunzel | 4349:Cerchietto fantasia gatti | 4252:4257:Camicia Scacchi con colletto in velluto,,
MAGAZZINO - PF AI23,158,PAN07STK10YFW23,PAN07STK10YFW23,FARY-PAN07,,,CAPPUCCINO O4444 2018,Marrone e mocha,10Y,9-10 anni,approved_legend,AI,2023,false,Milano,1,1,0,0,13,10,3830,0,1.16,review_multiple_candidates,review_required,,,,,17,4623:4634:Pantalone elegante oversize | 4466:Fiocco Personaggi | 4449:Fiocco Fucsia | 4442:Fiocco Fantasia fiori | 4434:Fiocco elefantini | 4430:Fiocco Rapunzel | 4349:Cerchietto fantasia gatti | 4252:4258:Camicia Scacchi con colletto in velluto,,
MAGAZZINO - PF AI23,161,AB01NBB06MFW23,AB01NBB06MFW23,AB01,,,BLUE BONNET E3808-5062,Azzurro polvere e denim,6 M,3-6 mesi,approved_legend,AI,2023,false,Milano,0,0,0,0,12,0.8,,0,1.16,review_multiple_candidates,review_required,,,,,23,4503:4522:Abito Anjeliy Smanicato in velluto | 4466:Fiocco Personaggi | 4449:Fiocco Fucsia | 4442:Fiocco Fantasia fiori | 4434:Fiocco elefantini | 4430:Fiocco Rapunzel | 4415:Scrunchies sfilacciati - Azzurro polvere e denim | 4349:Cerchietto fantasia gatti,,
MAGAZZINO - PF AI23,162,AB01NBB12MFW23,AB01NBB12MFW23,AB01,,,BLUE BONNET E3808-5062,Azzurro polvere e denim,12 M,9-12 mesi,approved_legend,AI,2023,false,Milano,0,0,0,0,12,0.8,,0,1.16,review_multiple_candidates,review_required,,,,,23,4466:Fiocco Personaggi | 4449:Fiocco Fucsia | 4442:Fiocco Fantasia fiori | 4434:Fiocco elefantini | 4430:Fiocco Rapunzel | 4415:Scrunchies sfilacciati - Azzurro polvere e denim | 4349:Cerchietto fantasia gatti | 1869:1895:Abito da cerimonia in velluto,,
MAGAZZINO - PF AI23,163,AB01NBB18MFW23,AB01NBB18MFW23,AB01,,,BLUE BONNET E3808-5062,Azzurro polvere e denim,18 M,1 anno,approved_legend,AI,2023,false,Milano,1,1,0,0,12,0.8,,0,1.16,review_multiple_candidates,review_required,,,,,31,4503:4504:Abito Anjeliy Smanicato in velluto | 4466:Fiocco Personaggi | 4449:Fiocco Fucsia | 4442:Fiocco Fantasia fiori | 4434:Fiocco elefantini | 4430:Fiocco Rapunzel | 4415:Scrunchies sfilacciati - Azzurro polvere e denim | 4349:Cerchietto fantasia gatti,,
MAGAZZINO - PF AI23,164,AB01NBB18MFW23,AB01NBB18MFW23-2,AB01,,,BLUE BONNET E3808-5062,Azzurro polvere e denim,24 M,2 anni,approved_legend,AI,2023,false,Milano,0,0,0,0,12,0.8,,0,1.16,review_multiple_candidates,review_required,,,,,41,4645:4646:Pantalone denim | 4503:4505:Abito Anjeliy Smanicato in velluto | 4466:Fiocco Personaggi | 4449:Fiocco Fucsia | 4442:Fiocco Fantasia fiori | 4434:Fiocco elefantini | 4430:Fiocco Rapunzel | 4415:Scrunchies sfilacciati - Azzurro polvere e denim,,
MAGAZZINO - PF AI23,166,AB01NRT06MFW23,AB01NRT06MFW23,AB01,,,TANGO RED E3808-3029,Rosso e ciliegia,6 M,3-6 mesi,approved_legend,AI,2023,false,Milano,0,0,0,0,12,0.8,,0,1.16,matched_auto_sku,update_existing_meta,4503,4524,AB01NRT06MFW23,Abito Anjeliy Smanicato in velluto,1,4503:4524:Abito Anjeliy Smanicato in velluto,,
MAGAZZINO - PF AI23,167,AB01NRT12MFW23,AB01NRT12MFW23,AB01,,,TANGO RED E3808-3029,Rosso e ciliegia,12 M,9-12 mesi,approved_legend,AI,2023,false,Milano,0,0,0,0,12,0.8,,0,1.16,review_multiple_candidates,review_required,,,,,22,4715:4901:Fiocco Giraffe | 4466:Fiocco Personaggi | 4449:Fiocco Fucsia | 4442:Fiocco Fantasia fiori | 4434:Fiocco elefantini | 4430:Fiocco Rapunzel | 4406:Scrunchies in cotone - Rosso e ciliegia | 4382:Scrunchies in velluto - Rosso e ciliegia,,
MAGAZZINO - PF AI23,168,AB01NRT18MFW23,AB01NRT18MFW23,AB01,,,TANGO RED E3808-3029,Rosso e ciliegia,18 M,1 anno,approved_legend,AI,2023,false,Milano,0,0,0,0,12,0.8,,0,1.16,matched_auto_sku,update_existing_meta,4503,4516,AB01NRT18MFW23,Abito Anjeliy Smanicato in velluto,1,4503:4516:Abito Anjeliy Smanicato in velluto,,
MAGAZZINO - PF AI23,169,AB01NRT24MFW23,AB01NRT24MFW23,AB01,,,TANGO RED E3808-3029,Rosso e ciliegia,24 M,2 anni,approved_legend,AI,2023,false,Milano,1,1,0,0,12,0.8,,0,1.16,review_multiple_candidates,review_required,,,,,37,4761:4766:Pantaloncino in velluto | 4715:4901:Fiocco Giraffe | 4529:4549:Abito in velluto manica lunga | 4503:4517:Abito Anjeliy Smanicato in velluto | 4466:Fiocco Personaggi | 4449:Fiocco Fucsia | 4442:Fiocco Fantasia fiori | 4434:Fiocco elefantini,,
MAGAZZINO - PF AI23,172,AB01NRR06MFW23,AB01NRR06MFW23,AB01,,,RENAI.ROSE E3808-3083,Rosa cipria e nude,6 M,3-6 mesi,approved_legend,AI,2023,false,Milano,1,1,0,0,12,0.8,,0,1.16,matched_auto_sku,update_existing_meta,4503,4523,AB01NRR06MFW23,Abito Anjeliy Smanicato in velluto,1,4503:4523:Abito Anjeliy Smanicato in velluto,,
MAGAZZINO - PF AI23,173,AB01NRR12MFW23,AB01NRR12MFW23,AB01,,,RENAI.ROSE E3808-3083,Rosa cipria e nude,12 M,9-12 mesi,approved_legend,AI,2023,false,Milano,0,0,0,0,12,0.8,,0,1.16,review_multiple_candidates,review_required,,,,,19,4466:Fiocco Personaggi | 4449:Fiocco Fucsia | 4442:Fiocco Fantasia fiori | 4434:Fiocco elefantini | 4430:Fiocco Rapunzel | 4383:Scrunchies in velluto - Rosa cipria e nude | 4349:Cerchietto fantasia gatti | 1830:1852:Camicia Fantasia Gatti Boy,,
MAGAZZINO - PF AI23,174,AB01NRR18MFW23,AB01NRR18MFW23,AB01,,,RENAI.ROSE E3808-3083,Rosa cipria e nude,18 M,1 anno,approved_legend,AI,2023,false,Milano,1,1,0,0,12,0.8,,0,1.16,matched_auto_sku,update_existing_meta,4503,4510,AB01NRR18MFW23,Abito Anjeliy Smanicato in velluto,1,4503:4510:Abito Anjeliy Smanicato in velluto,,
MAGAZZINO - PF AI23,175,AB01NRR24MFW23,AB01NRR24MFW23,AB01,,,RENAI.ROSE E3808-3083,Rosa cipria e nude,24 M,2 anni,approved_legend,AI,2023,false,Milano,1,1,0,0,12,0.8,,0,1.16,review_multiple_candidates,review_required,,,,,34,4761:4765:Pantaloncino in velluto | 4503:4511:Abito Anjeliy Smanicato in velluto | 4466:Fiocco Personaggi | 4449:Fiocco Fucsia | 4442:Fiocco Fantasia fiori | 4434:Fiocco elefantini | 4430:Fiocco Rapunzel | 4383:Scrunchies in velluto - Rosa cipria e nude,,
MAGAZZINO - PF AI23,178,CAM01SWI06MFW23,CAM01SWI06MFW23,CAM01,,,"N3890 SWEAR, ALLOVER",Fantasie: natura,6 M,3-6 mesi,approved_legend,AI,2023,false,Milano,1,1,0,0,13,5.75,,0.228,1.16,review_multiple_candidates,review_required,,,,,18,4466:Fiocco Personaggi | 4449:Fiocco Fucsia | 4442:Fiocco Fantasia fiori | 4434:Fiocco elefantini | 4430:Fiocco Rapunzel | 4405:Scrunchies in cotone - Fantasie: natura | 4349:Cerchietto fantasia gatti | 1830:1850:Camicia Fantasia Gatti Boy,,
MAGAZZINO - PF AI23,179,CAM01SWI12MFW23,CAM01SWI12MFW23,CAM01,,,"N3890 SWEAR, ALLOVER",Fantasie: natura,12 M,9-12 mesi,approved_legend,AI,2023,false,Milano,1,1,0,0,13,5.75,,0.228,1.16,review_multiple_candidates,review_required,,,,,18,4466:Fiocco Personaggi | 4449:Fiocco Fucsia | 4442:Fiocco Fantasia fiori | 4434:Fiocco elefantini | 4430:Fiocco Rapunzel | 4405:Scrunchies in cotone - Fantasie: natura | 4349:Cerchietto fantasia gatti | 1830:1852:Camicia Fantasia Gatti Boy,,
MAGAZZINO - PF AI23,180,CAM01SWI18MFW23,CAM01SWI18MFW23,CAM01,,,"N3890 SWEAR, ALLOVER",Fantasie: natura,18 M,1 anno,approved_legend,AI,2023,false,Milano,2,2,0,0,13,5.75,,0.228,1.16,review_multiple_candidates,review_required,,,,,23,4466:Fiocco Personaggi | 4449:Fiocco Fucsia | 4442:Fiocco Fantasia fiori | 4434:Fiocco elefantini | 4430:Fiocco Rapunzel | 4405:Scrunchies in cotone - Fantasie: natura | 4349:Cerchietto fantasia gatti | 2038:2046:Top double-face fantasia marina,,
MAGAZZINO - PF AI23,181,CAM01SWI24MFW23,CAM01SWI24MFW23,CAM01,,,"N3890 SWEAR, ALLOVER",Fantasie: natura,24 M,2 anni,approved_legend,AI,2023,false,Milano,2,2,0,0,13,5.75,,0.228,1.16,review_multiple_candidates,review_required,,,,,29,4466:Fiocco Personaggi | 4449:Fiocco Fucsia | 4442:Fiocco Fantasia fiori | 4434:Fiocco elefantini | 4430:Fiocco Rapunzel | 4405:Scrunchies in cotone - Fantasie: natura | 4349:Cerchietto fantasia gatti | 2038:2047:Top double-face fantasia marina,,
MAGAZZINO - PF AI23,183,BER01NCGTUFW23,BER01NCGTUFW23,CAPPELLO,,,CEDAR GREEN E3898-4033,Verde salvia e aloe,TU,,approved_legend,AI,2023,false,Milano,1,1,0,0,0,0,,0,1.16,review_multiple_candidates,review_required,,,,,119,4466:Fiocco Personaggi | 4449:Fiocco Fucsia | 4442:Fiocco Fantasia fiori | 4434:Fiocco elefantini | 4430:Fiocco Rapunzel | 4367:4369:Yes Bag - Fucsia e rosa vivace | 4367:4368:Yes Bag - Fucsia e rosa vivace | 4364:4366:Yes Bag - Giallo e ocra,,missing_size
